currentScore,opponentScore,pendingScore,remainingDice,turnNumber,isOpen,scoreGap,pointsNeededToWin,bustProbability,expectedValue,decidedToHold,outcome,won
0,0,450,2,1,false,0,10000,0.449,-147.4,false,450,true
0,0,450,2,1,false,0,10000,0.449,-154.7,false,-450,true
0,0,1000,3,2,true,0,10000,0.270,-183.6,true,1000,true
650,200,650,2,3,true,450,9350,0.449,-239.9,true,650,true
650,400,100,4,4,true,250,9350,0.152,127.7,false,100,true
650,400,100,4,4,true,250,9350,0.152,129.3,false,-100,true
650,600,50,5,5,true,50,9350,0.079,225.9,false,50,true
800,600,150,3,5,true,200,9200,0.270,43.7,true,150,true
800,1000,100,5,6,true,-200,9200,0.079,218.5,false,100,true
800,1000,200,4,6,true,-200,9200,0.152,115.9,false,100,true
1150,1000,350,2,6,true,150,8850,0.449,-107.6,true,350,true
1150,1200,150,4,7,true,-50,8850,0.152,116.7,false,150,true
1400,1200,250,2,7,true,200,8600,0.449,-62.0,true,250,true
2000,1400,600,2,8,true,600,8000,0.449,-217.3,true,600,true
2000,1550,100,5,9,true,450,8000,0.079,222.1,false,100,true
2000,1550,200,4,9,true,450,8000,0.152,118.3,false,100,true
2350,1550,350,2,9,true,800,7650,0.449,-108.8,true,350,true
2350,1800,100,4,10,true,550,7650,0.152,129.0,false,100,true
2500,1800,150,3,10,true,700,7500,0.270,44.4,true,150,true
2500,2050,200,4,11,true,450,7500,0.152,112.7,false,200,true
2850,2050,350,2,11,true,800,7150,0.449,-105.2,true,350,true
2850,2300,100,4,12,true,550,7150,0.152,126.1,false,100,true
3000,2300,150,3,12,true,700,7000,0.270,44.9,true,150,true
4000,2450,1000,6,13,true,1550,6000,0.030,320.0,true,1000,true
4000,2800,200,4,14,true,1200,6000,0.152,112.9,false,200,true
4300,2800,300,2,14,true,1500,5700,0.449,-82.6,true,300,true
5600,3400,1300,1,15,true,2200,4400,0.662,-843.3,true,1300,true
5600,3600,50,5,16,true,2000,4400,0.079,222.9,false,50,true
5600,3600,100,4,16,true,2000,4400,0.152,126.8,false,50,true
5900,3600,300,1,16,true,2300,4100,0.662,-180.4,true,300,true
5900,3900,100,5,17,true,2000,4100,0.079,212.9,false,100,true
6200,3900,300,2,17,true,2300,3800,0.449,-83.2,true,300,true
6800,4400,600,2,18,true,2400,3200,0.449,-214.8,true,600,true
6800,5900,100,5,19,true,900,3200,0.079,222.0,false,100,true
7050,5900,250,3,19,true,1150,2950,0.270,17.4,true,250,true
7050,7100,150,4,20,true,-50,2950,0.152,116.6,false,150,true
7050,7100,150,4,20,true,-50,2950,0.152,119.8,false,-150,true
7300,7250,250,3,21,true,50,2700,0.270,18.9,true,250,true
7300,7450,50,5,22,true,-150,2700,0.079,227.9,false,50,true
7550,7450,250,3,22,true,100,2450,0.270,19.1,true,250,true
7550,7950,150,4,23,true,-400,2450,0.152,118.2,false,150,true
7800,7950,250,3,23,true,-150,2200,0.270,13.7,true,250,true
7800,8950,100,5,24,true,-1150,2200,0.079,223.0,false,100,true
8000,8950,200,3,24,true,-950,2000,0.270,29.7,true,200,true
8400,9150,400,3,25,true,-750,1600,0.270,-28.6,true,400,true
8650,9150,250,3,26,true,-500,1350,0.270,17.5,true,250,true
8800,9150,150,4,27,true,-350,1200,0.152,117.6,true,150,true
9450,9350,650,2,28,true,100,550,0.449,-240.6,true,650,true
9600,9550,150,4,29,true,50,400,0.152,118.3,true,150,true
9950,9700,350,2,30,true,250,50,0.449,-107.7,true,350,true
9950,9700,250,3,31,true,250,50,0.270,12.0,true,-250,true
9950,9700,400,1,32,true,250,50,0.662,-237.4,true,-400,true
9950,9950,150,4,33,true,0,50,0.152,119.7,true,-150,true
9950,9950,300,2,34,true,0,50,0.449,-78.8,true,-300,true
9950,9950,350,1,35,true,0,50,0.662,-209.1,true,-350,true
9950,9950,1350,6,36,true,0,50,0.030,321.8,true,-1350,true
9950,9950,700,1,37,true,0,50,0.662,-445.7,true,-700,true
9950,9950,500,3,38,true,0,50,0.270,-56.3,true,-500,true
9950,9950,850,1,39,true,0,50,0.662,-540.1,true,-850,true
9950,9950,600,3,40,true,0,50,0.270,-76.4,true,-600,true
9950,9950,650,2,41,true,0,50,0.449,-233.0,true,-650,true
10000,9950,50,5,42,true,50,0,0.079,224.6,true,50,true
0,0,1050,2,1,true,0,10000,0.449,-410.5,true,1050,false
0,0,50,5,2,true,0,10000,0.079,223.2,false,50,false
0,0,100,4,2,true,0,10000,0.152,129.1,false,50,false
200,0,200,3,2,true,200,9800,0.270,27.8,true,200,false
400,650,200,3,3,true,-250,9600,0.270,33.9,true,200,false
600,650,200,3,4,true,-50,9400,0.270,34.1,true,200,false
1000,800,400,2,5,true,200,9000,0.449,-127.7,true,400,false
1000,1150,50,5,6,true,-150,9000,0.079,219.5,false,50,false
1200,1150,200,3,6,true,50,8800,0.270,26.0,true,200,false
1200,1400,100,5,7,true,-200,8800,0.079,220.0,false,100,false
1400,1400,200,4,7,true,0,8600,0.152,115.0,true,200,false
1550,2000,150,4,8,true,-450,8450,0.152,121.1,true,150,false
1800,2350,250,3,9,true,-550,8200,0.270,17.6,true,250,false
2050,2500,250,3,10,true,-450,7950,0.270,17.4,true,250,false
2300,2850,250,3,11,true,-550,7700,0.270,19.8,true,250,false
2450,3000,150,4,12,true,-550,7550,0.152,119.4,true,150,false
2450,4000,100,5,13,true,-1550,7550,0.079,220.7,false,100,false
2800,4000,350,2,13,true,-1200,7200,0.449,-105.7,true,350,false
3400,4300,600,2,14,true,-900,6600,0.449,-223.4,true,600,false
3600,5600,200,3,15,true,-2000,6400,0.270,32.7,true,200,false
3600,5900,150,4,16,true,-2300,6400,0.152,120.3,false,150,false
3900,5900,300,2,16,true,-2000,6100,0.449,-85.2,true,300,false
3900,6200,100,5,17,true,-2300,6100,0.079,214.9,false,100,false
4400,6200,500,6,17,true,-1800,5600,0.030,347.5,true,500,false
5900,6800,1500,6,18,true,-900,4100,0.030,312.8,true,1500,false
7100,7050,1200,6,19,true,50,2900,0.030,318.6,true,1200,false
7250,7050,150,4,20,true,200,2750,0.152,116.8,true,150,false
7250,7300,100,4,21,true,-50,2750,0.152,130.6,false,100,false
7450,7300,200,3,21,true,150,2550,0.270,31.9,true,200,false
7950,7550,500,2,22,true,400,2050,0.449,-169.4,true,500,false
8950,7800,1000,3,23,true,1150,1050,0.270,-188.9,true,1000,false
9150,8000,200,3,24,true,1150,850,0.270,33.8,true,200,false
9150,8400,0,6,25,true,750,850,0.030,360.4,false,0,false
9150,8650,1250,1,26,true,500,850,0.662,-813.0,true,-1250,false
9350,8800,200,4,27,true,550,650,0.152,112.4,true,200,false
9550,9450,200,4,28,true,100,450,0.152,115.2,true,200,false
9700,9600,150,4,29,true,100,300,0.152,117.6,true,150,false
9700,9950,450,2,30,true,-250,300,0.449,-144.5,true,-450,false
9700,9950,0,6,31,true,-250,300,0.030,357.0,false,0,false
9950,9950,250,3,32,true,0,50,0.270,17.9,true,250,false
9950,9950,300,1,33,true,0,50,0.662,-175.4,true,-300,false
9950,9950,500,3,34,true,0,50,0.270,-54.8,true,-500,false
9950,9950,350,1,35,true,0,50,0.662,-207.4,true,-350,false
9950,9950,500,3,36,true,0,50,0.270,-50.6,true,-500,false
9950,9950,200,4,37,true,0,50,0.152,114.5,true,-200,false
9950,9950,250,3,38,true,0,50,0.270,19.8,true,-250,false
9950,9950,300,2,39,true,0,50,0.449,-83.6,true,-300,false
9950,9950,250,3,40,true,0,50,0.270,13.6,true,-250,false
9950,9950,2000,2,41,true,0,50,0.449,-849.3,true,-2000,false
0,0,250,3,1,false,0,10000,0.270,18.7,false,250,true
0,0,250,3,1,false,0,10000,0.270,20.1,false,-250,true
0,0,200,3,2,false,0,10000,0.270,32.1,false,200,true
0,0,350,1,2,false,0,10000,0.662,-201.3,false,150,true
0,0,400,6,2,false,0,10000,0.030,344.3,false,50,true
0,0,650,3,2,false,0,10000,0.270,-97.2,false,250,true
0,0,700,2,2,false,0,10000,0.449,-260.0,false,50,true
0,0,750,1,2,false,0,10000,0.662,-470.6,false,50,true
0,0,750,1,2,false,0,10000,0.662,-473.8,false,-750,true
0,0,700,2,3,false,0,10000,0.449,-259.4,false,700,true
0,0,750,1,3,false,0,10000,0.662,-477.9,false,50,true
0,0,750,1,3,false,0,10000,0.662,-469.5,false,-750,true
0,0,100,5,4,false,0,10000,0.079,220.0,false,100,true
0,0,150,4,4,false,0,10000,0.152,122.0,false,50,true
0,0,250,2,4,false,0,10000,0.449,-62.6,false,100,true
0,0,250,2,4,false,0,10000,0.449,-61.4,false,-250,true
0,0,250,3,5,false,0,10000,0.270,16.1,false,250,true
0,0,250,3,5,false,0,10000,0.270,17.1,false,-250,true
0,0,150,4,6,false,0,10000,0.152,119.9,false,150,true
0,0,150,4,6,false,0,10000,0.152,119.0,false,-150,true
0,0,750,1,7,false,0,10000,0.662,-472.8,false,750,true
0,0,750,1,7,false,0,10000,0.662,-472.8,false,-750,true
0,0,100,5,8,false,0,10000,0.079,222.0,false,100,true
0,0,700,2,8,false,0,10000,0.449,-263.5,false,600,true
0,0,750,1,8,false,0,10000,0.662,-479.7,false,50,true
0,0,800,6,8,false,0,10000,0.030,343.3,false,50,true
0,0,950,4,8,false,0,10000,0.152,-5.9,false,150,true
0,0,1150,2,8,true,0,10000,0.449,-455.1,true,1150,true
800,0,800,6,9,true,800,9200,0.030,341.9,true,800,true
800,0,200,4,10,true,800,9200,0.152,114.5,false,200,true
1100,0,300,3,10,true,1100,8900,0.270,8.4,true,300,true
1600,0,500,2,11,true,1600,8400,0.449,-175.7,true,500,true
1600,0,150,4,12,true,1600,8400,0.152,115.9,false,150,true
1800,0,200,3,12,true,1800,8200,0.270,32.2,true,200,true
2250,0,450,1,13,true,2250,7750,0.662,-272.0,true,450,true
2250,0,150,4,14,true,2250,7750,0.152,121.2,false,150,true
2250,0,150,4,14,true,2250,7750,0.152,120.4,false,-150,true
2950,0,700,2,15,true,2950,7050,0.449,-263.4,true,700,true
2950,200,100,5,16,true,2750,7050,0.079,214.9,false,100,true
3150,200,200,3,16,true,2950,6850,0.270,33.2,true,200,true
3150,450,150,4,17,true,2700,6850,0.152,116.0,false,150,true
3150,450,150,4,17,true,2700,6850,0.152,118.7,false,-150,true
3150,850,0,6,18,true,2300,6850,0.030,352.2,false,0,true
4150,1650,1000,3,19,true,2500,5850,0.270,-194.9,true,1000,true
4150,1850,150,4,20,true,2300,5850,0.152,116.9,false,150,true
4500,1850,350,2,20,true,2650,5500,0.449,-103.2,true,350,true
4500,2850,100,5,21,true,1650,5500,0.079,220.2,false,100,true
4700,2850,200,3,21,true,1850,5300,0.270,31.8,true,200,true
4700,3550,150,4,22,true,1150,5300,0.152,120.9,false,150,true
4900,3550,200,3,22,true,1350,5100,0.270,34.6,true,200,true
5200,3800,300,2,23,true,1400,4800,0.449,-80.7,true,300,true
6800,4500,1600,6,24,true,2300,3200,0.030,313.4,true,1600,true
7400,4700,600,3,25,true,2700,2600,0.270,-77.1,true,600,true
7400,4900,50,5,26,true,2500,2600,0.079,217.6,false,50,true
8050,4900,650,2,26,true,3150,1950,0.449,-244.8,true,650,true
8050,4900,50,5,27,true,3150,1950,0.079,216.6,false,50,true
8200,4900,150,3,27,true,3300,1800,0.270,45.3,true,150,true
8200,5100,100,5,28,true,3100,1800,0.079,219.9,false,100,true
8550,5100,350,2,28,true,3450,1450,0.449,-109.3,true,350,true
8700,5600,150,4,29,true,3100,1300,0.152,125.3,true,150,true
10000,5900,1300,6,30,true,4100,0,0.030,322.2,true,1300,true
0,0,150,4,1,false,0,10000,0.152,122.2,false,150,false
0,0,350,1,1,false,0,10000,0.662,-207.5,false,200,false
0,0,350,1,1,false,0,10000,0.662,-212.9,false,-350,false
0,0,100,5,2,false,0,10000,0.079,215.5,false,100,false
0,0,250,3,2,false,0,10000,0.270,14.6,false,150,false
0,0,350,2,2,false,0,10000,0.449,-103.8,false,100,false
0,0,400,1,2,false,0,10000,0.662,-237.9,false,50,false
0,0,400,1,2,false,0,10000,0.662,-239.5,false,-400,false
0,0,300,2,3,false,0,10000,0.449,-84.6,false,300,false
0,0,300,2,3,false,0,10000,0.449,-82.0,false,-300,false
0,0,100,4,4,false,0,10000,0.152,133.4,false,100,false
0,0,100,4,4,false,0,10000,0.152,125.3,false,-100,false
0,0,50,5,5,false,0,10000,0.079,216.0,false,50,false
0,0,200,3,5,false,0,10000,0.270,31.1,false,150,false
0,0,250,2,5,false,0,10000,0.449,-58.9,false,50,false
0,0,250,2,5,false,0,10000,0.449,-59.4,false,-250,false
0,0,250,3,6,false,0,10000,0.270,17.6,false,250,false
0,0,300,2,6,false,0,10000,0.449,-88.3,false,50,false
0,0,350,1,6,false,0,10000,0.662,-208.8,false,50,false
0,0,350,1,6,false,0,10000,0.662,-217.4,false,-350,false
0,0,150,4,7,false,0,10000,0.152,117.6,false,150,false
0,0,250,2,7,false,0,10000,0.449,-63.5,false,100,false
0,0,250,2,7,false,0,10000,0.449,-59.0,false,-250,false
0,0,150,4,8,false,0,10000,0.152,122.8,false,150,false
0,0,250,3,8,false,0,10000,0.270,14.2,false,100,false
0,0,250,3,8,false,0,10000,0.270,17.5,false,-250,false
0,800,100,5,9,false,-800,10000,0.079,221.4,false,100,false
0,800,200,4,9,false,-800,10000,0.152,109.4,false,100,false
0,800,300,2,9,false,-800,10000,0.449,-79.7,false,100,false
0,800,300,2,9,false,-800,10000,0.449,-86.8,false,-300,false
0,1100,150,4,10,false,-1100,10000,0.152,118.5,false,150,false
0,1100,250,3,10,false,-1100,10000,0.270,12.8,false,100,false
0,1100,300,2,10,false,-1100,10000,0.449,-85.7,false,50,false
0,1100,400,1,10,false,-1100,10000,0.662,-248.2,false,100,false
0,1100,450,6,10,false,-1100,10000,0.030,342.8,false,50,false
0,1100,600,4,10,false,-1100,10000,0.152,53.3,false,150,false
0,1100,600,4,10,false,-1100,10000,0.152,52.5,false,-600,false
0,1600,100,5,11,false,-1600,10000,0.079,218.7,false,100,false
0,1600,100,5,11,false,-1600,10000,0.079,223.1,false,-100,false
0,1800,250,3,12,false,-1800,10000,0.270,20.3,false,250,false
0,1800,300,2,12,false,-1800,10000,0.449,-86.6,false,50,false
0,1800,300,2,12,false,-1800,10000,0.449,-84.5,false,-300,false
0,2250,850,1,13,false,-2250,10000,0.662,-534.0,false,850,false
0,2250,850,1,13,false,-2250,10000,0.662,-540.5,false,-850,false
0,2250,50,5,14,false,-2250,10000,0.079,221.5,false,50,false
0,2250,1250,1,14,true,-2250,10000,0.662,-787.5,true,1250,false
200,2950,200,3,15,true,-2750,9800,0.270,38.3,true,200,false
200,3150,100,5,16,true,-2950,9800,0.079,219.8,false,100,false
450,3150,250,3,16,true,-2700,9550,0.270,15.8,true,250,false
850,3150,400,2,17,true,-2300,9150,0.449,-129.0,true,400,false
1650,3150,800,6,18,true,-1500,8350,0.030,331.0,true,800,false
1850,4150,200,3,19,true,-2300,8150,0.270,32.3,true,200,false
2850,4500,1000,3,20,true,-1650,7150,0.270,-184.5,true,1000,false
2850,4700,100,5,21,true,-1850,7150,0.079,218.6,false,100,false
3550,4700,700,2,21,true,-1150,6450,0.449,-263.1,true,700,false
3800,4900,250,3,22,true,-1100,6200,0.270,14.7,true,250,false
4500,5200,700,1,23,true,-700,5500,0.662,-440.0,true,700,false
4700,6800,200,3,24,true,-2100,5300,0.270,32.9,true,200,false
4900,7400,200,4,25,true,-2500,5100,0.152,107.5,true,200,false
4900,8050,0,6,26,true,-3150,5100,0.030,360.0,false,0,false
5100,8200,200,3,27,true,-3100,4900,0.270,33.3,true,200,false
5600,8550,500,1,28,true,-2950,4400,0.662,-307.1,true,500,false
5600,8700,100,5,29,true,-3100,4400,0.079,216.1,false,100,false
5900,8700,300,3,29,true,-2800,4100,0.270,1.7,true,300,false
0,0,200,4,1,false,0,10000,0.152,114.6,false,200,false
0,0,400,1,1,false,0,10000,0.662,-239.7,false,200,false
0,0,400,1,1,false,0,10000,0.662,-242.0,false,-400,false
0,0,50,5,2,false,0,10000,0.079,219.6,false,50,false
0,0,300,2,2,false,0,10000,0.449,-86.1,false,250,false
0,0,400,1,2,false,0,10000,0.662,-235.7,false,100,false
0,0,400,1,2,false,0,10000,0.662,-239.5,false,-400,false
0,0,50,5,3,false,0,10000,0.079,225.1,false,50,false
0,0,200,3,3,false,0,10000,0.270,29.5,false,150,false
0,0,300,2,3,false,0,10000,0.449,-81.6,false,100,false
0,0,350,1,3,false,0,10000,0.662,-214.2,false,50,false
0,0,350,1,3,false,0,10000,0.662,-208.1,false,-350,false
0,250,50,5,4,false,-250,10000,0.079,224.0,false,50,false
0,250,100,4,4,false,-250,10000,0.152,124.5,false,50,false
0,250,150,3,4,false,-250,10000,0.270,45.9,false,50,false
0,250,200,2,4,false,-250,10000,0.449,-38.1,false,50,false
0,250,200,2,4,false,-250,10000,0.449,-39.4,false,-200,false
0,550,200,3,5,false,-550,10000,0.270,29.1,false,200,false
0,550,350,1,5,false,-550,10000,0.662,-207.0,false,150,false
0,550,350,1,5,false,-550,10000,0.662,-207.3,false,-350,false
0,750,400,2,6,false,-750,10000,0.449,-131.1,false,400,false
0,750,400,2,6,false,-750,10000,0.449,-126.4,false,-400,false
0,750,250,3,7,false,-750,10000,0.270,21.0,false,250,false
0,750,300,2,7,false,-750,10000,0.449,-80.8,false,50,false
0,750,450,6,7,false,-750,10000,0.030,351.8,false,150,false
0,750,550,5,7,false,-750,10000,0.079,181.9,false,100,false
0,750,550,5,7,false,-750,10000,0.079,184.6,false,-550,false
0,1150,150,4,8,false,-1150,10000,0.152,122.2,false,150,false
0,1150,350,1,8,false,-1150,10000,0.662,-208.1,false,200,false
0,1150,350,1,8,false,-1150,10000,0.662,-209.2,false,-350,false
0,1400,450,1,9,false,-1400,10000,0.662,-272.3,false,450,false
0,1400,500,6,9,false,-1400,10000,0.030,345.8,false,50,false
0,1400,1300,2,9,true,-1400,10000,0.449,-512.2,true,1300,false
0,1600,200,4,10,true,-1600,10000,0.152,110.8,false,200,false
300,1600,300,2,10,true,-1300,9700,0.449,-84.3,true,300,false
550,2600,250,3,11,true,-2050,9450,0.270,17.8,true,250,false
550,2850,200,4,12,true,-2300,9450,0.152,113.8,false,200,false
850,2850,300,2,12,true,-2000,9150,0.449,-81.9,true,300,false
1050,3050,200,3,13,true,-2000,8950,0.270,33.6,true,200,false
1250,3300,200,3,14,true,-2050,8750,0.270,26.4,true,200,false
1500,3550,250,3,15,true,-2050,8500,0.270,14.7,true,250,false
1900,3800,400,3,16,true,-1900,8100,0.270,-22.4,true,400,false
1900,4050,200,4,17,true,-2150,8100,0.152,105.2,false,200,false
2200,4050,300,3,17,true,-1850,7800,0.270,3.0,true,300,false
2200,4050,50,5,18,true,-1850,7800,0.079,218.1,false,50,false
2450,4050,250,2,18,true,-1600,7550,0.449,-60.1,true,250,false
3100,4250,650,2,19,true,-1150,6900,0.449,-237.9,true,650,false
3100,4550,200,4,20,true,-1450,6900,0.152,110.6,false,200,false
3400,4550,300,3,20,true,-1150,6600,0.270,6.2,true,300,false
3700,4550,300,3,21,true,-850,6300,0.270,10.8,true,300,false
3700,4750,100,5,22,true,-1050,6300,0.079,221.6,false,100,false
4000,4750,300,2,22,true,-750,6000,0.449,-75.3,true,300,false
4500,5100,500,3,23,true,-600,5500,0.270,-53.7,true,500,false
5150,5250,650,2,24,true,-100,4850,0.449,-238.0,true,650,false
5750,5750,600,3,25,true,0,4250,0.270,-77.3,true,600,false
5750,7250,150,4,26,true,-1500,4250,0.152,118.0,false,150,false
6100,7250,350,1,26,true,-1150,3900,0.662,-204.3,true,350,false
7300,7500,1200,2,27,true,-200,2700,0.449,-477.9,true,1200,false
7300,7900,150,4,28,true,-600,2700,0.152,119.4,false,150,false
7600,7900,300,2,28,true,-300,2400,0.449,-79.3,true,300,false
7600,8150,150,4,29,true,-550,2400,0.152,118.0,false,150,false
7800,8150,200,3,29,true,-350,2200,0.270,29.5,true,200,false
8300,8500,500,3,30,true,-200,1700,0.270,-55.5,true,500,false
8300,9700,200,4,31,true,-1400,1700,0.152,114.7,false,200,false
8700,9700,400,2,31,true,-1000,1300,0.449,-122.2,true,400,false
8900,9900,200,4,32,true,-1000,1100,0.152,109.9,true,200,false
9050,9900,150,4,33,true,-850,950,0.152,119.6,true,150,false
9300,9900,250,3,34,true,-600,700,0.270,16.0,true,250,false
9350,9900,50,5,35,true,-550,650,0.079,217.4,true,50,false
9850,9900,500,3,36,true,-50,150,0.270,-47.1,true,500,false
0,0,200,3,1,false,0,10000,0.270,30.8,false,200,true
0,0,200,3,1,false,0,10000,0.270,29.7,false,-200,true
0,0,600,2,2,false,0,10000,0.449,-220.4,false,600,true
0,0,650,1,2,false,0,10000,0.662,-412.4,false,50,true
0,0,700,6,2,false,0,10000,0.030,339.2,false,50,true
0,0,1900,6,2,true,0,10000,0.030,303.2,true,1900,true
0,0,150,4,3,true,0,10000,0.152,119.1,false,150,true
250,0,250,3,3,true,250,9750,0.270,19.0,true,250,true
550,0,300,2,4,true,550,9450,0.449,-79.2,true,300,true
550,0,50,5,5,true,550,9450,0.079,224.7,false,50,true
750,0,200,3,5,true,750,9250,0.270,30.7,true,200,true
750,0,100,4,6,true,750,9250,0.152,128.8,false,100,true
750,0,100,4,6,true,750,9250,0.152,131.4,false,-100,true
1150,0,400,2,7,true,1150,8850,0.449,-119.7,true,400,true
1400,0,250,3,8,true,1400,8600,0.270,14.6,true,250,true
1600,0,200,3,9,true,1600,8400,0.270,32.4,true,200,true
2600,300,1000,3,10,true,2300,7400,0.270,-185.6,true,1000,true
2850,550,250,3,11,true,2300,7150,0.270,19.0,true,250,true
3050,850,200,3,12,true,2200,6950,0.270,29.7,true,200,true
3300,1050,250,2,13,true,2250,6700,0.449,-61.7,true,250,true
3300,1250,100,4,14,true,2050,6700,0.152,133.0,false,100,true
3550,1250,250,2,14,true,2300,6450,0.449,-65.4,true,250,true
3800,1500,250,3,15,true,2300,6200,0.270,15.5,true,250,true
4050,1900,250,3,16,true,2150,5950,0.270,15.5,true,250,true
4050,2200,100,5,17,true,1850,5950,0.079,219.4,false,100,true
4050,2200,100,5,17,true,1850,5950,0.079,216.4,false,-100,true
4050,2450,150,4,18,true,1600,5950,0.152,121.4,false,150,true
4250,2450,200,3,18,true,1800,5750,0.270,31.6,true,200,true
4550,3100,300,2,19,true,1450,5450,0.449,-81.2,true,300,true
4550,3400,0,6,20,true,1150,5450,0.030,358.9,false,0,true
4750,3700,200,3,21,true,1050,5250,0.270,32.8,true,200,true
4750,4000,150,4,22,true,750,5250,0.152,125.6,false,150,true
5100,4000,350,2,22,true,1100,4900,0.449,-104.6,true,350,true
5250,4500,150,4,23,true,750,4750,0.152,119.0,true,150,true
5750,5150,500,3,24,true,600,4250,0.270,-51.4,true,500,true
7250,5750,1500,6,25,true,1500,2750,0.030,305.7,true,1500,true
7250,6100,50,5,26,true,1150,2750,0.079,219.7,false,50,true
7500,6100,250,2,26,true,1400,2500,0.449,-62.6,true,250,true
7900,7300,400,3,27,true,600,2100,0.270,-25.8,true,400,true
7900,7600,150,4,28,true,300,2100,0.152,124.7,false,150,true
8150,7600,250,3,28,true,550,1850,0.270,21.5,true,250,true
8500,7800,350,1,29,true,700,1500,0.662,-202.9,true,350,true
9700,8300,1200,1,30,true,1400,300,0.662,-766.6,true,1200,true
9900,8700,200,3,31,true,1200,100,0.270,30.5,true,200,true
9900,8900,450,2,32,true,1000,100,0.449,-145.1,true,-450,true
9900,9050,150,4,33,true,850,100,0.152,119.6,true,-150,true
9900,9300,200,3,34,true,600,100,0.270,32.2,true,-200,true
9900,9350,300,2,35,true,550,100,0.449,-83.8,true,-300,true
10000,9850,100,5,36,true,150,0,0.079,214.8,true,100,true
0,0,600,2,1,false,0,10000,0.449,-214.9,false,600,false
0,0,600,2,1,false,0,10000,0.449,-222.8,false,-600,false
0,0,100,4,2,false,0,10000,0.152,128.6,false,100,false
0,0,100,4,2,false,0,10000,0.152,128.8,false,-100,false
0,0,150,4,3,false,0,10000,0.152,115.7,false,150,false
0,0,250,3,3,false,0,10000,0.270,18.2,false,100,false
0,0,250,3,3,false,0,10000,0.270,22.6,false,-250,false
0,0,100,5,4,false,0,10000,0.079,222.8,false,100,false
0,0,500,1,4,false,0,10000,0.662,-314.1,false,400,false
0,0,500,1,4,false,0,10000,0.662,-307.4,false,-500,false
0,0,250,3,5,false,0,10000,0.270,21.6,false,250,false
0,0,250,3,5,false,0,10000,0.270,17.8,false,-250,false
0,0,250,3,6,false,0,10000,0.270,19.0,false,250,false
0,0,300,2,6,false,0,10000,0.449,-78.2,false,50,false
0,0,400,6,6,false,0,10000,0.030,347.1,false,100,false
0,0,450,5,6,false,0,10000,0.079,190.6,false,50,false
0,0,850,2,6,false,0,10000,0.449,-331.6,false,400,false
0,0,900,1,6,false,0,10000,0.662,-565.1,false,50,false
0,0,1000,6,6,true,0,10000,0.030,326.3,true,1000,false
0,1500,50,5,7,true,-1500,10000,0.079,221.5,false,50,false
0,1500,100,4,7,true,-1500,10000,0.152,123.4,false,50,false
0,1500,100,4,7,true,-1500,10000,0.152,127.0,false,-100,false
1000,3550,1000,3,8,true,-2550,9000,0.270,-190.4,true,1000,false
1200,3900,200,3,9,true,-2700,8800,0.270,27.8,true,200,false
1200,4200,150,4,10,true,-3000,8800,0.152,121.4,false,150,false
1450,4200,250,3,10,true,-2750,8550,0.270,19.0,true,250,false
1750,4700,300,2,11,true,-2950,8250,0.449,-81.0,true,300,false
2050,4700,300,2,12,true,-2650,7950,0.449,-84.0,true,300,false
2650,4700,600,2,13,true,-2050,7350,0.449,-209.3,true,600,false
2650,5300,150,4,14,true,-2650,7350,0.152,127.3,false,150,false
2900,5300,250,3,14,true,-2400,7100,0.270,20.2,true,250,false
2900,5500,200,4,15,true,-2600,7100,0.152,116.6,false,200,false
3600,5500,700,1,15,true,-1900,6400,0.662,-436.3,true,700,false
3600,6250,50,5,16,true,-2650,6400,0.079,222.0,false,50,false
3600,6250,100,4,16,true,-2650,6400,0.152,127.7,false,50,false
3800,6250,200,3,16,true,-2450,6200,0.270,32.4,true,200,false
4850,8350,1050,2,17,true,-3500,5150,0.449,-420.0,true,1050,false
5950,9000,1100,1,18,true,-3050,4050,0.662,-718.1,true,1100,false
5950,9250,100,4,19,true,-3300,4050,0.152,132.5,false,100,false
6300,9250,350,1,19,true,-2950,3700,0.662,-208.4,true,350,false
6700,9550,400,3,20,true,-2850,3300,0.270,-27.6,true,400,false
7400,9600,700,1,21,true,-2200,2600,0.662,-445.9,true,700,false
7400,9750,150,4,22,true,-2350,2600,0.152,121.4,false,150,false
7400,9750,150,4,22,true,-2350,2600,0.152,117.4,false,-150,false
7400,9750,0,6,23,true,-2350,2600,0.030,353.7,false,0,false
7400,9900,150,4,24,true,-2500,2600,0.152,122.6,false,150,false
7750,9900,350,2,24,true,-2150,2250,0.449,-106.6,true,350,false
8250,9900,500,3,25,true,-1650,1750,0.270,-54.2,true,500,false
8250,9900,100,4,26,true,-1650,1750,0.152,126.7,false,100,false
8600,9900,350,1,26,true,-1300,1400,0.662,-208.5,true,350,false
8750,9900,150,4,27,true,-1150,1250,0.152,119.8,true,150,false
8800,9900,50,5,28,true,-1100,1200,0.079,217.1,true,50,false
9100,9900,300,3,29,true,-800,900,0.270,4.5,true,300,false
9100,9900,1000,3,30,true,-800,900,0.270,-179.4,true,-1000,false
9350,9900,250,2,31,true,-550,650,0.449,-64.8,true,250,false
9550,9950,200,4,32,true,-400,450,0.152,112.0,true,200,false
9550,9950,800,2,33,true,-400,450,0.449,-308.1,true,-800,false
9600,9950,50,5,34,true,-350,400,0.079,221.7,true,50,false
9600,9950,1050,2,35,true,-350,400,0.449,-415.7,true,-1050,false
9750,9950,150,4,36,true,-200,250,0.152,123.3,true,150,false
9950,9950,200,3,37,true,0,50,0.270,31.5,true,200,false
9950,9950,100,5,38,true,0,50,0.079,221.3,true,-100,false
9950,9950,200,3,39,true,0,50,0.270,29.6,true,-200,false
9950,9950,200,4,40,true,0,50,0.152,114.1,true,-200,false
9950,9950,100,5,41,true,0,50,0.079,219.6,true,-100,false
9950,9950,150,4,42,true,0,50,0.152,117.9,true,-150,false
9950,9950,500,3,43,true,0,50,0.270,-43.3,true,-500,false
9950,9950,600,2,44,true,0,50,0.449,-216.6,true,-600,false
9950,9950,250,3,45,true,0,50,0.270,17.8,true,-250,false
0,0,0,6,1,false,0,10000,0.030,361.9,false,0,true
0,0,250,3,2,false,0,10000,0.270,18.3,false,250,true
0,0,250,3,2,false,0,10000,0.270,11.1,false,-250,true
0,0,300,2,3,false,0,10000,0.449,-82.2,false,300,true
0,0,350,1,3,false,0,10000,0.662,-205.9,false,50,true
0,0,350,1,3,false,0,10000,0.662,-208.7,false,-350,true
0,0,400,1,4,false,0,10000,0.662,-234.9,false,400,true
0,0,400,1,4,false,0,10000,0.662,-239.2,false,-400,true
0,0,700,2,5,false,0,10000,0.449,-257.7,false,700,true
0,0,800,1,5,false,0,10000,0.662,-507.6,false,100,true
0,0,850,6,5,false,0,10000,0.030,333.8,false,50,true
0,0,950,5,5,false,0,10000,0.079,140.2,false,100,true
0,0,1050,4,5,true,0,10000,0.152,-14.8,true,1050,true
1500,0,1500,6,6,true,1500,8500,0.030,310.5,true,1500,true
3550,0,2050,1,7,true,3550,6450,0.662,-1337.1,true,2050,true
3900,1000,350,1,8,true,2900,6100,0.662,-212.5,true,350,true
3900,1200,150,4,9,true,2700,6100,0.152,117.2,false,150,true
4200,1200,300,2,9,true,3000,5800,0.449,-85.1,true,300,true
4200,1450,100,5,10,true,2750,5800,0.079,225.3,false,100,true
4700,1450,500,1,10,true,3250,5300,0.662,-311.9,true,500,true
4700,1750,50,5,11,true,2950,5300,0.079,226.2,false,50,true
4700,1750,50,5,11,true,2950,5300,0.079,223.9,false,-50,true
4700,2050,100,4,12,true,2650,5300,0.152,127.9,false,100,true
4700,2050,100,4,12,true,2650,5300,0.152,128.1,false,-100,true
5300,2650,600,3,13,true,2650,4700,0.270,-73.1,true,600,true
5500,2900,200,4,14,true,2600,4500,0.152,116.4,true,200,true
6250,3600,750,1,15,true,2650,3750,0.662,-478.2,true,750,true
6250,3800,50,5,16,true,2450,3750,0.079,218.7,false,50,true
8350,3800,2100,6,16,true,4550,1650,0.030,305.9,true,2100,true
9000,4850,650,2,17,true,4150,1000,0.449,-236.6,true,650,true
9250,5950,250,3,18,true,3300,750,0.270,14.5,true,250,true
9550,6300,300,2,19,true,3250,450,0.449,-85.9,true,300,true
9600,6700,50,5,20,true,2900,400,0.079,222.7,true,50,true
9750,7400,150,4,21,true,2350,250,0.152,122.4,true,150,true
9750,7400,1000,2,22,true,2350,250,0.449,-396.8,true,-1000,true
9900,7400,150,4,23,true,2500,100,0.152,116.7,true,150,true
9900,7750,200,3,24,true,2150,100,0.270,30.9,true,-200,true
9900,8250,600,2,25,true,1650,100,0.449,-212.7,true,-600,true
9900,8600,350,1,26,true,1300,100,0.662,-207.1,true,-350,true
9900,8750,400,3,27,true,1150,100,0.270,-20.3,true,-400,true
9900,8800,1250,1,28,true,1100,100,0.662,-816.2,true,-1250,true
9900,9100,300,2,29,true,800,100,0.449,-83.1,true,-300,true
9900,9100,600,2,30,true,800,100,0.449,-211.4,true,-600,true
9950,9350,50,5,31,true,600,50,0.079,222.2,true,50,true
9950,9550,1500,6,32,true,400,50,0.030,313.1,true,-1500,true
9950,9550,100,4,33,true,400,50,0.152,125.1,true,-100,true
9950,9600,300,2,34,true,350,50,0.449,-83.8,true,-300,true
9950,9600,450,2,35,true,350,50,0.449,-151.7,true,-450,true
9950,9750,1400,6,36,true,200,50,0.030,305.5,true,-1400,true
9950,9950,300,3,37,true,0,50,0.270,9.0,true,-300,true
9950,9950,1050,2,38,true,0,50,0.449,-423.0,true,-1050,true
9950,9950,150,4,39,true,0,50,0.152,121.1,true,-150,true
9950,9950,500,3,40,true,0,50,0.270,-53.7,true,-500,true
9950,9950,1400,6,41,true,0,50,0.030,323.3,true,-1400,true
9950,9950,250,3,42,true,0,50,0.270,19.0,true,-250,true
9950,9950,150,4,43,true,0,50,0.152,117.0,true,-150,true
9950,9950,700,2,44,true,0,50,0.449,-269.3,true,-700,true
10000,9950,50,5,45,true,50,0,0.079,220.2,true,50,true
0,0,250,3,1,false,0,10000,0.270,19.0,false,250,true
0,0,450,6,1,false,0,10000,0.030,336.9,false,200,true
0,0,600,4,1,false,0,10000,0.152,48.0,false,150,true
0,0,850,1,1,false,0,10000,0.662,-539.3,false,250,true
0,0,850,1,1,false,0,10000,0.662,-531.3,false,-850,true
0,0,250,3,2,false,0,10000,0.270,11.0,false,250,true
0,0,300,2,2,false,0,10000,0.449,-86.9,false,50,true
0,0,300,2,2,false,0,10000,0.449,-78.3,false,-300,true
0,0,100,5,3,false,0,10000,0.079,214.5,false,100,true
0,0,200,4,3,false,0,10000,0.152,109.8,false,100,true
0,0,300,3,3,false,0,10000,0.270,3.5,false,100,true
0,0,600,6,3,false,0,10000,0.030,335.1,false,300,true
0,0,700,4,3,false,0,10000,0.152,26.2,false,100,true
0,0,850,2,3,false,0,10000,0.449,-331.9,false,150,true
0,0,1000,6,3,true,0,10000,0.030,331.0,true,1000,true
0,0,50,5,4,true,0,10000,0.079,224.9,false,50,true
500,0,500,6,4,true,500,9500,0.030,340.4,true,500,true
1000,0,500,3,5,true,1000,9000,0.270,-48.7,true,500,true
1250,0,250,3,6,true,1250,8750,0.270,16.9,true,250,true
1250,0,100,5,7,true,1250,8750,0.079,218.0,false,100,true
1550,0,300,2,7,true,1550,8450,0.449,-86.9,true,300,true
1550,0,50,5,8,true,1550,8450,0.079,215.9,false,50,true
2200,0,650,2,8,true,2200,7800,0.449,-246.9,true,650,true
3300,0,1100,1,9,true,3300,6700,0.662,-718.0,true,1100,true
3300,0,50,5,10,true,3300,6700,0.079,225.2,false,50,true
3550,0,250,3,10,true,3550,6450,0.270,17.7,true,250,true
7600,0,4050,6,11,true,7600,2400,0.030,218.4,true,4050,true
7600,0,200,4,12,true,7600,2400,0.152,109.7,false,200,true
7950,0,350,2,12,true,7950,2050,0.449,-106.2,true,350,true
7950,0,150,4,13,true,7950,2050,0.152,125.7,false,150,true
7950,0,150,4,13,true,7950,2050,0.152,121.4,false,-150,true
7950,0,100,5,14,true,7950,2050,0.079,220.4,false,100,true
7950,0,100,5,14,true,7950,2050,0.079,222.8,false,-100,true
9300,0,1350,6,15,true,9300,700,0.030,327.1,true,1350,true
9400,0,100,5,16,true,9400,600,0.079,217.3,true,100,true
9550,0,150,4,17,true,9550,450,0.152,118.0,true,150,true
9550,500,600,3,18,true,9050,450,0.270,-76.5,true,-600,true
9600,750,50,5,19,true,8850,400,0.079,228.4,true,50,true
9700,900,100,5,20,true,8800,300,0.079,209.8,true,100,true
9900,2150,200,4,21,true,7750,100,0.152,111.0,true,200,true
9900,2350,0,6,22,true,7550,100,0.030,363.7,false,0,true
9900,2650,350,2,23,true,7250,100,0.449,-106.7,true,-350,true
9900,3700,1050,2,24,true,6200,100,0.449,-411.3,true,-1050,true
10000,3900,100,5,25,true,6100,0,0.079,215.0,true,100,true
0,0,200,3,1,false,0,10000,0.270,30.6,false,200,false
0,0,200,3,1,false,0,10000,0.270,29.5,false,-200,false
0,0,250,3,2,false,0,10000,0.270,17.6,false,250,false
0,0,300,2,2,false,0,10000,0.449,-83.7,false,50,false
0,0,350,1,2,false,0,10000,0.662,-209.1,false,50,false
0,0,350,1,2,false,0,10000,0.662,-199.5,false,-350,false
0,0,400,1,3,false,0,10000,0.662,-243.7,false,400,false
0,0,400,1,3,false,0,10000,0.662,-245.4,false,-400,false
0,500,50,5,4,false,-500,10000,0.079,221.9,false,50,false
0,500,300,1,4,false,-500,10000,0.662,-172.1,false,250,false
0,500,300,1,4,false,-500,10000,0.662,-172.5,false,-300,false
0,1000,550,6,5,false,-1000,10000,0.030,341.8,false,550,false
0,1000,600,5,5,false,-1000,10000,0.079,174.0,false,50,false
0,1000,600,5,5,false,-1000,10000,0.079,188.2,false,-600,false
0,1250,150,4,6,false,-1250,10000,0.152,118.4,false,150,false
0,1250,350,2,6,false,-1250,10000,0.449,-110.1,false,200,false
0,1250,350,2,6,false,-1250,10000,0.449,-106.8,false,-350,false
0,1550,600,2,7,false,-1550,10000,0.449,-225.3,false,600,false
0,1550,600,2,7,false,-1550,10000,0.449,-211.3,false,-600,false
0,2200,100,4,8,false,-2200,10000,0.152,133.6,false,100,false
0,2200,300,2,8,false,-2200,10000,0.449,-80.5,false,200,false
0,2200,300,2,8,false,-2200,10000,0.449,-84.3,false,-300,false
0,3300,300,3,9,false,-3300,10000,0.270,4.1,false,300,false
0,3300,400,2,9,false,-3300,10000,0.449,-128.8,false,100,false
0,3300,400,2,9,false,-3300,10000,0.449,-131.5,false,-400,false
0,3550,150,4,10,false,-3550,10000,0.152,116.3,false,150,false
0,3550,350,2,10,false,-3550,10000,0.449,-107.4,false,200,false
0,3550,450,1,10,false,-3550,10000,0.662,-278.6,false,100,false
0,3550,550,6,10,false,-3550,10000,0.030,346.8,false,100,false
0,3550,800,3,10,false,-3550,10000,0.270,-134.0,false,250,false
0,3550,800,3,10,false,-3550,10000,0.270,-132.6,false,-800,false
0,7600,200,3,11,false,-7600,10000,0.270,33.8,false,200,false
0,7600,250,2,11,false,-7600,10000,0.449,-58.7,false,50,false
0,7600,300,1,11,false,-7600,10000,0.662,-174.1,false,50,false
0,7600,300,1,11,false,-7600,10000,0.662,-178.1,false,-300,false
0,7950,250,3,12,false,-7950,10000,0.270,17.3,false,250,false
0,7950,350,2,12,false,-7950,10000,0.449,-105.8,false,100,false
0,7950,450,1,12,false,-7950,10000,0.662,-270.1,false,100,false
0,7950,550,6,12,false,-7950,10000,0.030,340.7,false,100,false
0,7950,900,1,12,false,-7950,10000,0.662,-584.4,false,350,false
0,7950,900,1,12,false,-7950,10000,0.662,-572.7,false,-900,false
0,7950,100,4,13,false,-7950,10000,0.152,126.3,false,100,false
0,7950,200,2,13,false,-7950,10000,0.449,-39.1,false,100,false
0,7950,250,1,13,false,-7950,10000,0.662,-140.9,false,50,false
0,7950,250,1,13,false,-7950,10000,0.662,-140.5,false,-250,false
0,7950,200,4,14,false,-7950,10000,0.152,110.9,false,200,false
0,7950,250,3,14,false,-7950,10000,0.270,17.1,false,50,false
0,7950,450,1,14,false,-7950,10000,0.662,-274.6,false,200,false
0,7950,500,6,14,false,-7950,10000,0.030,337.5,false,50,false
0,7950,800,1,14,false,-7950,10000,0.662,-509.6,false,300,false
0,7950,800,1,14,false,-7950,10000,0.662,-505.6,false,-800,false
0,9300,350,2,15,false,-9300,10000,0.449,-102.3,false,350,false
0,9300,450,1,15,false,-9300,10000,0.662,-276.1,false,100,false
0,9300,450,1,15,false,-9300,10000,0.662,-275.1,false,-450,false
0,9400,1000,3,16,true,-9400,10000,0.270,-190.2,true,1000,false
500,9550,500,3,17,true,-9050,9500,0.270,-50.1,true,500,false
750,9550,250,3,18,true,-8800,9250,0.270,18.9,true,250,false
900,9600,150,4,19,true,-8700,9100,0.152,119.0,true,150,false
2150,9700,1250,1,20,true,-7550,7850,0.662,-818.7,true,1250,false
2350,9900,200,4,21,true,-7550,7650,0.152,110.4,true,200,false
2650,9900,300,2,22,true,-7250,7350,0.449,-82.9,true,300,false
3700,9900,1050,2,23,true,-6200,6300,0.449,-420.8,true,1050,false
3700,9900,100,4,24,true,-6200,6300,0.152,125.0,false,100,false
3900,9900,200,3,24,true,-6000,6100,0.270,32.0,true,200,false
0,0,50,5,1,false,0,10000,0.079,216.7,false,50,false
0,0,150,4,1,false,0,10000,0.152,119.8,false,100,false
0,0,150,4,1,false,0,10000,0.152,120.9,false,-150,false
0,0,150,4,2,false,0,10000,0.152,118.3,false,150,false
0,0,150,4,2,false,0,10000,0.152,119.0,false,-150,false
0,650,250,3,3,false,-650,10000,0.270,15.1,false,250,false
0,650,300,2,3,false,-650,10000,0.449,-87.8,false,50,false
0,650,350,1,3,false,-650,10000,0.662,-205.3,false,50,false
0,650,350,1,3,false,-650,10000,0.662,-208.2,false,-350,false
0,1000,1100,1,4,true,-1000,10000,0.662,-708.9,true,1100,false
400,2000,400,2,5,true,-1600,9600,0.449,-128.2,true,400,false
700,2750,300,2,6,true,-2050,9300,0.449,-83.9,true,300,false
950,3350,250,3,7,true,-2400,9050,0.270,17.7,true,250,false
950,3500,100,4,8,true,-2550,9050,0.152,127.6,false,100,false
1200,3500,250,2,8,true,-2300,8800,0.449,-64.5,true,250,false
1500,3700,300,3,9,true,-2200,8500,0.270,7.9,true,300,false
1700,3950,200,3,10,true,-2250,8300,0.270,33.3,true,200,false
1900,5000,200,3,11,true,-3100,8100,0.270,33.6,true,200,false
2100,5200,200,3,12,true,-3100,7900,0.270,28.9,true,200,false
2100,5900,200,4,13,true,-3800,7900,0.152,110.0,false,200,false
2450,5900,350,2,13,true,-3450,7550,0.449,-106.8,true,350,false
3100,6150,650,2,14,true,-3050,6900,0.449,-236.6,true,650,false
3700,6450,600,6,15,true,-2750,6300,0.030,338.9,true,600,false
3950,6700,250,3,16,true,-2750,6050,0.270,19.1,true,250,false
4250,7100,300,2,17,true,-2850,5750,0.449,-88.1,true,300,false
4600,7500,350,2,18,true,-2900,5400,0.449,-101.3,true,350,false
4900,8400,300,2,19,true,-3500,5100,0.449,-83.0,true,300,false
4900,8600,150,4,20,true,-3700,5100,0.152,120.2,false,150,false
5300,8600,400,1,20,true,-3300,4700,0.662,-241.2,true,400,false
6300,9250,1000,3,21,true,-2950,3700,0.270,-189.2,true,1000,false
6300,9250,100,5,22,true,-2950,3700,0.079,212.0,false,100,false
6550,9250,250,3,22,true,-2700,3450,0.270,18.9,true,250,false
7550,9400,1000,2,23,true,-1850,2450,0.449,-410.6,true,1000,false
7550,9400,50,5,24,true,-1850,2450,0.079,221.3,false,50,false
7800,9400,250,2,24,true,-1600,2200,0.449,-63.4,true,250,false
7800,9500,50,5,25,true,-1700,2200,0.079,222.1,false,50,false
8050,9500,250,2,25,true,-1450,1950,0.449,-57.4,true,250,false
8050,9550,50,5,26,true,-1500,1950,0.079,219.5,false,50,false
8200,9550,150,3,26,true,-1350,1800,0.270,43.9,true,150,false
8450,9550,250,3,27,true,-1100,1550,0.270,21.1,true,250,false
8450,9650,150,4,28,true,-1200,1550,0.152,113.8,false,150,false
8700,9650,250,2,28,true,-950,1300,0.449,-57.6,true,250,false
9100,9800,400,2,29,true,-700,900,0.449,-123.1,true,400,false
9800,9800,700,2,30,true,0,200,0.449,-260.2,true,700,false
9800,9800,400,3,31,true,0,200,0.270,-27.6,true,-400,false
9800,9800,2000,2,32,true,0,200,0.449,-843.5,true,-2000,false
0,0,1000,3,1,true,0,10000,0.270,-194.2,true,1000,true
650,0,650,2,2,true,650,9350,0.449,-239.9,true,650,true
1000,0,350,1,3,true,1000,9000,0.662,-206.6,true,350,true
2000,0,1000,2,4,true,2000,8000,0.449,-388.3,true,1000,true
2750,400,750,1,5,true,2350,7250,0.662,-473.3,true,750,true
3350,700,600,2,6,true,2650,6650,0.449,-222.0,true,600,true
3500,950,150,4,7,true,2550,6500,0.152,120.0,true,150,true
3700,1200,200,3,8,true,2500,6300,0.270,29.1,true,200,true
3950,1500,250,3,9,true,2450,6050,0.270,14.7,true,250,true
5000,1700,1050,2,10,true,3300,5000,0.449,-410.7,true,1050,true
5000,1900,50,5,11,true,3100,5000,0.079,215.1,false,50,true
5200,1900,200,3,11,true,3300,4800,0.270,29.6,true,200,true
5200,2100,100,5,12,true,3100,4800,0.079,217.1,false,100,true
5900,2100,700,2,12,true,3800,4100,0.449,-249.6,true,700,true
6150,2450,250,3,13,true,3700,3850,0.270,17.6,true,250,true
6150,3100,150,4,14,true,3050,3850,0.152,116.0,false,150,true
6450,3100,300,2,14,true,3350,3550,0.449,-80.4,true,300,true
6450,3700,100,4,15,true,2750,3550,0.152,125.2,false,100,true
6700,3700,250,2,15,true,3000,3300,0.449,-57.8,true,250,true
7100,3950,400,3,16,true,3150,2900,0.270,-24.4,true,400,true
7500,4250,400,2,17,true,3250,2500,0.449,-129.8,true,400,true
8400,4600,900,6,18,true,3800,1600,0.030,332.3,true,900,true
8600,4900,200,3,19,true,3700,1400,0.270,32.6,true,200,true
9250,5300,650,2,20,true,3950,750,0.449,-235.7,true,650,true
9250,6300,900,6,21,true,2950,750,0.030,330.4,true,-900,true
9400,6550,150,4,22,true,2850,600,0.152,118.8,true,150,true
9400,7550,900,1,23,true,1850,600,0.662,-581.7,true,-900,true
9500,7800,100,5,24,true,1700,500,0.079,215.8,true,100,true
9550,8050,50,5,25,true,1500,450,0.079,224.7,true,50,true
9550,8200,600,2,26,true,1350,450,0.449,-221.9,true,-600,true
9650,8450,100,4,27,true,1200,350,0.152,124.8,true,100,true
9800,8700,150,4,28,true,1100,200,0.152,120.7,true,150,true
9800,9100,800,2,29,true,700,200,0.449,-304.9,true,-800,true
9800,9800,500,1,30,true,0,200,0.662,-304.1,true,-500,true
9800,9800,250,3,31,true,0,200,0.270,10.8,true,-250,true
10000,9800,200,4,32,true,200,0,0.152,108.4,true,200,true
0,0,400,2,1,false,0,10000,0.449,-128.7,false,400,true
0,0,400,2,1,false,0,10000,0.449,-126.5,false,-400,true
0,0,150,4,2,false,0,10000,0.152,118.8,false,150,true
0,0,350,2,2,false,0,10000,0.449,-99.2,false,200,true
0,0,350,2,2,false,0,10000,0.449,-103.8,false,-350,true
0,0,200,3,3,false,0,10000,0.270,27.6,false,200,true
0,0,200,3,3,false,0,10000,0.270,29.6,false,-200,true
0,0,100,5,4,false,0,10000,0.079,218.6,false,100,true
0,0,100,5,4,false,0,10000,0.079,214.3,false,-100,true
0,0,400,3,5,false,0,10000,0.270,-30.0,false,400,true
0,0,400,3,5,false,0,10000,0.270,-26.0,false,-400,true
0,0,100,5,6,false,0,10000,0.079,216.4,false,100,true
0,0,200,3,6,false,0,10000,0.270,35.6,false,100,true
0,0,250,2,6,false,0,10000,0.449,-59.8,false,50,true
0,0,250,2,6,false,0,10000,0.449,-64.5,false,-250,true
0,0,150,4,7,false,0,10000,0.152,121.2,false,150,true
0,0,250,3,7,false,0,10000,0.270,15.7,false,100,true
0,0,450,1,7,false,0,10000,0.662,-274.2,false,200,true
0,0,450,1,7,false,0,10000,0.662,-276.5,false,-450,true
0,200,400,2,8,false,-200,10000,0.449,-128.0,false,400,true
0,200,500,1,8,false,-200,10000,0.662,-312.8,false,100,true
0,200,500,1,8,false,-200,10000,0.662,-307.6,false,-500,true
0,400,1050,2,9,true,-400,10000,0.449,-406.0,true,1050,true
200,1100,200,3,10,true,-900,9800,0.270,31.0,true,200,true
500,1400,300,2,11,true,-900,9500,0.449,-77.7,true,300,true
950,2100,450,2,12,true,-1150,9050,0.449,-146.8,true,450,true
950,2400,50,5,13,true,-1450,9050,0.079,224.2,false,50,true
950,2400,100,4,13,true,-1450,9050,0.152,126.5,false,50,true
1150,2400,200,3,13,true,-1250,8850,0.270,30.3,true,200,true
1150,2650,150,4,14,true,-1500,8850,0.152,119.5,false,150,true
1650,2650,500,6,14,true,-1000,8350,0.030,341.7,true,500,true
1650,2900,100,5,15,true,-1250,8350,0.079,211.4,false,100,true
1900,2900,250,3,15,true,-1000,8100,0.270,13.9,true,250,true
2200,3100,300,2,16,true,-900,7800,0.449,-84.4,true,300,true
2400,3900,200,3,17,true,-1500,7600,0.270,28.3,true,200,true
2600,4100,200,3,18,true,-1500,7400,0.270,32.5,true,200,true
3000,4400,400,2,19,true,-1400,7000,0.449,-128.6,true,400,true
3350,4600,350,2,20,true,-1250,6650,0.449,-109.7,true,350,true
4150,4800,800,1,21,true,-650,5850,0.662,-507.3,true,800,true
4400,5200,250,3,22,true,-800,5600,0.270,15.2,true,250,true
6450,6200,2050,1,23,true,250,3550,0.662,-1325.9,true,2050,true
7050,6450,600,3,24,true,600,2950,0.270,-80.0,true,600,true
8050,6650,1000,3,25,true,1400,1950,0.270,-198.8,true,1000,true
8050,7300,100,5,26,true,750,1950,0.079,220.7,false,100,true
8300,7300,250,3,26,true,1000,1700,0.270,18.7,true,250,true
8800,7900,500,3,27,true,900,1200,0.270,-57.3,true,500,true
8900,8050,100,4,28,true,850,1100,0.152,130.5,true,100,true
9600,8600,700,2,29,true,1000,400,0.449,-265.3,true,700,true
9800,8750,200,4,30,true,1050,200,0.152,111.5,true,200,true
10000,8950,200,4,31,true,1050,0,0.152,110.0,true,200,true
0,0,100,4,1,false,0,10000,0.152,128.5,false,100,false
0,0,250,2,1,false,0,10000,0.449,-60.4,false,150,false
0,0,250,2,1,false,0,10000,0.449,-60.2,false,-250,false
0,0,150,4,2,false,0,10000,0.152,119.2,false,150,false
0,0,250,2,2,false,0,10000,0.449,-63.2,false,100,false
0,0,250,2,2,false,0,10000,0.449,-59.9,false,-250,false
0,0,200,4,3,false,0,10000,0.152,112.0,false,200,false
0,0,300,3,3,false,0,10000,0.270,-1.7,false,100,false
0,0,400,2,3,false,0,10000,0.449,-135.0,false,100,false
0,0,400,2,3,false,0,10000,0.449,-132.7,false,-400,false
0,0,250,3,4,false,0,10000,0.270,16.9,false,250,false
0,0,350,2,4,false,0,10000,0.449,-100.5,false,100,false
0,0,450,1,4,false,0,10000,0.662,-277.8,false,100,false
0,0,550,6,4,false,0,10000,0.030,344.0,false,100,false
0,0,850,2,4,false,0,10000,0.449,-330.0,false,300,false
0,0,850,2,4,false,0,10000,0.449,-326.8,false,-850,false
0,0,1000,3,5,true,0,10000,0.270,-200.5,true,1000,false
0,0,100,5,6,true,0,10000,0.079,221.4,false,100,false
0,0,100,5,6,true,0,10000,0.079,215.6,false,-100,false
200,0,200,3,7,true,200,9800,0.270,27.8,true,200,false
400,0,200,3,8,true,400,9600,0.270,30.2,true,200,false
1100,0,700,2,9,true,1100,8900,0.449,-259.3,true,700,false
1100,200,100,4,10,true,900,8900,0.152,132.3,false,100,false
1400,200,300,2,10,true,1200,8600,0.449,-84.3,true,300,false
2100,500,700,1,11,true,1600,7900,0.662,-444.7,true,700,false
2100,950,100,4,12,true,1150,7900,0.152,127.2,false,100,false
2400,950,300,2,12,true,1450,7600,0.449,-79.6,true,300,false
2400,1150,100,5,13,true,1250,7600,0.079,218.0,false,100,false
2650,1150,250,3,13,true,1500,7350,0.270,17.7,true,250,false
2900,1650,250,3,14,true,1250,7100,0.270,14.0,true,250,false
3100,1900,200,3,15,true,1200,6900,0.270,33.8,true,200,false
3900,2200,800,1,16,true,1700,6100,0.662,-511.1,true,800,false
3900,2400,100,4,17,true,1500,6100,0.152,129.6,false,100,false
4100,2400,200,2,17,true,1700,5900,0.449,-39.4,true,200,false
4400,2600,300,2,18,true,1800,5600,0.449,-84.4,true,300,false
4600,3000,200,4,19,true,1600,5400,0.152,116.9,true,200,false
4800,3350,200,4,20,true,1450,5200,0.152,113.5,true,200,false
4800,4150,100,5,21,true,650,5200,0.079,218.5,false,100,false
5200,4150,400,2,21,true,1050,4800,0.449,-129.1,true,400,false
6200,4400,1000,3,22,true,1800,3800,0.270,-190.2,true,1000,false
6450,6450,250,3,23,true,0,3550,0.270,16.1,true,250,false
6650,7050,200,4,24,true,-400,3350,0.152,115.4,true,200,false
7300,8050,650,2,25,true,-750,2700,0.449,-237.0,true,650,false
7900,8300,600,3,26,true,-400,2100,0.270,-78.1,true,600,false
7900,8800,100,4,27,true,-900,2100,0.152,129.4,false,100,false
8050,8800,150,3,27,true,-750,1950,0.270,43.1,true,150,false
8600,8900,550,1,28,true,-300,1400,0.662,-347.4,true,550,false
8750,9600,150,4,29,true,-850,1250,0.152,121.6,true,150,false
8950,9800,200,4,30,true,-850,1050,0.152,112.0,true,200,false
0,0,600,1,1,false,0,10000,0.662,-370.1,false,600,false
0,0,600,1,1,false,0,10000,0.662,-367.5,false,-600,false
0,0,150,4,2,false,0,10000,0.152,122.2,false,150,false
0,0,150,4,2,false,0,10000,0.152,120.7,false,-150,false
0,0,1500,6,3,true,0,10000,0.030,305.8,true,1500,false
0,500,100,4,4,true,-500,10000,0.152,128.0,false,100,false
200,500,200,2,4,true,-300,9800,0.449,-41.3,true,200,false
200,650,100,5,5,true,-450,9800,0.079,216.5,false,100,false
600,650,400,2,5,true,-50,9400,0.449,-127.1,true,400,false
1050,850,450,1,6,true,200,8950,0.662,-275.1,true,450,false
2050,1000,1000,3,7,true,1050,7950,0.270,-185.6,true,1000,false
2050,1500,100,4,8,true,550,7950,0.152,130.6,false,100,false
2250,1500,200,3,8,true,750,7750,0.270,31.9,true,200,false
2250,1900,50,5,9,true,350,7750,0.079,224.1,false,50,false
2250,1900,100,4,9,true,350,7750,0.152,127.5,false,50,false
2400,1900,150,3,9,true,500,7600,0.270,46.2,true,150,false
2700,2500,300,3,10,true,200,7300,0.270,4.7,true,300,false
2700,3600,0,6,11,true,-900,7300,0.030,355.5,false,0,false
4200,3850,1500,6,12,true,350,5800,0.030,327.9,true,1500,false
4200,4700,150,4,13,true,-500,5800,0.152,123.7,false,150,false
4400,4700,200,3,13,true,-300,5600,0.270,32.7,true,200,false
4400,4850,50,5,14,true,-450,5600,0.079,221.2,false,50,false
4400,4850,150,4,14,true,-450,5600,0.152,120.2,false,100,false
4650,4850,250,3,14,true,-200,5350,0.270,20.3,true,250,false
5350,5050,700,2,15,true,300,4650,0.449,-257.1,true,700,false
5350,5550,150,4,16,true,-200,4650,0.152,120.5,false,150,false
5700,5550,350,2,16,true,150,4300,0.449,-103.0,true,350,false
5700,6050,50,5,17,true,-350,4300,0.079,220.8,false,50,false
5850,6050,150,3,17,true,-200,4150,0.270,45.3,true,150,false
6350,6750,500,3,18,true,-400,3650,0.270,-56.9,true,500,false
6550,7250,200,3,19,true,-700,3450,0.270,33.4,true,200,false
6550,7450,100,4,20,true,-900,3450,0.152,126.0,false,100,false
6750,7450,200,3,20,true,-700,3250,0.270,33.0,true,200,false
6750,7700,100,4,21,true,-950,3250,0.152,125.8,false,100,false
6750,7700,100,4,21,true,-950,3250,0.152,125.5,false,-100,false
6750,7950,100,4,22,true,-1200,3250,0.152,126.8,false,100,false
7000,7950,250,2,22,true,-950,3000,0.449,-63.7,true,250,false
7000,8550,200,4,23,true,-1550,3000,0.152,112.9,false,200,false
7250,8550,250,3,23,true,-1300,2750,0.270,26.1,true,250,false
7650,8750,400,1,24,true,-1100,2350,0.662,-240.3,true,400,false
7650,8950,50,5,25,true,-1300,2350,0.079,224.0,false,50,false
8200,8950,550,2,25,true,-750,1800,0.449,-193.2,true,550,false
8200,9450,200,4,26,true,-1250,1800,0.152,112.9,false,200,false
8550,9450,350,2,26,true,-900,1450,0.449,-107.8,true,350,false
8950,9550,400,1,27,true,-600,1050,0.662,-239.3,true,400,false
9200,9650,250,3,28,true,-450,800,0.270,17.0,true,250,false
9400,9800,200,3,29,true,-400,600,0.270,28.7,true,200,false
9600,9850,200,4,30,true,-250,400,0.152,107.8,true,200,false
0,0,50,5,1,false,0,10000,0.079,223.7,false,50,true
0,0,250,3,1,false,0,10000,0.270,19.5,false,200,true
0,0,250,3,1,false,0,10000,0.270,17.4,false,-250,true
0,0,100,5,2,false,0,10000,0.079,210.1,false,100,true
0,0,300,3,2,false,0,10000,0.270,1.1,false,200,true
0,0,600,6,2,false,0,10000,0.030,345.8,false,300,true
0,0,750,4,2,false,0,10000,0.152,14.2,false,150,true
0,0,850,3,2,false,0,10000,0.270,-154.3,false,100,true
0,0,900,2,2,false,0,10000,0.449,-352.4,false,50,true
0,0,950,1,2,false,0,10000,0.662,-603.7,false,50,true
0,0,1000,6,2,true,0,10000,0.030,327.6,true,1000,true
500,0,500,3,3,true,500,9500,0.270,-45.3,true,500,true
650,200,150,4,4,true,450,9350,0.152,119.5,true,150,true
650,600,50,5,5,true,50,9350,0.079,221.8,false,50,true
850,600,200,3,5,true,250,9150,0.270,30.1,true,200,true
1000,1050,150,4,6,true,-50,9000,0.152,116.9,true,150,true
1500,2050,500,3,7,true,-550,8500,0.270,-54.8,true,500,true
1500,2250,100,5,8,true,-750,8500,0.079,215.1,false,100,true
1500,2250,150,4,8,true,-750,8500,0.152,121.0,false,50,true
1900,2250,400,1,8,true,-350,8100,0.662,-241.6,true,400,true
2500,2400,600,3,9,true,100,7500,0.270,-81.6,true,600,true
3600,2700,1100,1,10,true,900,6400,0.662,-689.6,true,1100,true
3850,2700,250,3,11,true,1150,6150,0.270,23.0,true,250,true
3850,4200,50,5,12,true,-350,6150,0.079,226.1,false,50,true
4700,4200,850,1,12,true,500,5300,0.662,-536.5,true,850,true
4850,4400,150,4,13,true,450,5150,0.152,123.9,true,150,true
5050,4650,200,3,14,true,400,4950,0.270,25.5,true,200,true
5550,5350,500,3,15,true,200,4450,0.270,-53.6,true,500,true
6050,5700,500,2,16,true,350,3950,0.449,-173.9,true,500,true
6750,5850,700,1,17,true,900,3250,0.662,-437.2,true,700,true
7250,6350,500,3,18,true,900,2750,0.270,-57.7,true,500,true
7450,6550,200,3,19,true,900,2550,0.270,32.6,true,200,true
7700,6750,250,3,20,true,950,2300,0.270,18.0,true,250,true
7950,6750,250,3,21,true,1200,2050,0.270,19.5,true,250,true
8550,7000,600,2,22,true,1550,1450,0.449,-221.1,true,600,true
8750,7250,200,3,23,true,1500,1250,0.270,29.0,true,200,true
8950,7650,200,3,24,true,1300,1050,0.270,31.1,true,200,true
9450,8200,500,3,25,true,1250,550,0.270,-57.9,true,500,true
9550,8550,100,5,26,true,1000,450,0.079,212.7,true,100,true
9650,8950,100,5,27,true,700,350,0.079,213.8,true,100,true
9800,9200,150,4,28,true,600,200,0.152,116.3,true,150,true
9850,9400,50,5,29,true,450,150,0.079,227.2,true,50,true
10000,9600,150,4,30,true,400,0,0.152,120.7,true,150,true
0,0,200,4,1,false,0,10000,0.152,110.1,false,200,true
0,0,1200,1,1,true,0,10000,0.662,-777.0,true,1200,true
200,0,200,3,2,true,200,9800,0.270,33.8,true,200,true
200,0,150,4,3,true,200,9800,0.152,118.8,false,150,true
200,0,150,4,3,true,200,9800,0.152,122.8,false,-150,true
900,0,700,2,4,true,900,9100,0.449,-262.4,true,700,true
1550,0,650,2,5,true,1550,8450,0.449,-240.9,true,650,true
1550,0,100,5,6,true,1550,8450,0.079,224.0,false,100,true
1950,0,400,2,6,true,1950,8050,0.449,-131.5,true,400,true
1950,0,50,5,7,true,1950,8050,0.079,216.2,false,50,true
2200,0,250,3,7,true,2200,7800,0.270,14.4,true,250,true
2200,0,50,5,8,true,2200,7800,0.079,218.8,false,50,true
2200,0,150,4,8,true,2200,7800,0.152,120.4,false,100,true
2500,0,300,2,8,true,2500,7500,0.449,-83.8,true,300,true
2500,0,50,5,9,true,2500,7500,0.079,226.9,false,50,true
2800,0,300,2,9,true,2800,7200,0.449,-83.6,true,300,true
2800,0,150,4,10,true,2800,7200,0.152,119.6,false,150,true
3150,0,350,2,10,true,3150,6850,0.449,-107.7,true,350,true
3400,0,250,3,11,true,3400,6600,0.270,14.5,true,250,true
3600,0,200,3,12,true,3600,6400,0.270,32.5,true,200,true
4100,1200,500,1,13,true,2900,5900,0.662,-306.9,true,500,true
4500,1450,400,2,14,true,3050,5500,0.449,-135.2,true,400,true
5000,2000,500,2,15,true,3000,5000,0.449,-177.7,true,500,true
5000,2250,150,4,16,true,2750,5000,0.152,118.8,false,150,true
5250,2250,250,3,16,true,3000,4750,0.270,14.7,true,250,true
5950,2550,700,2,17,true,3400,4050,0.449,-256.0,true,700,true
6450,3600,500,3,18,true,2850,3550,0.270,-48.8,true,500,true
7100,4300,650,2,19,true,2800,2900,0.449,-238.3,true,650,true
7350,4300,250,3,20,true,3050,2650,0.270,17.1,true,250,true
7350,4650,100,4,21,true,2700,2650,0.152,127.7,false,100,true
7600,4650,250,2,21,true,2950,2400,0.449,-57.6,true,250,true
7850,4850,250,3,22,true,3000,2150,0.270,12.7,true,250,true
8300,5350,450,2,23,true,2950,1700,0.449,-144.5,true,450,true
8500,5550,200,3,24,true,2950,1500,0.270,30.0,true,200,true
8500,5900,50,5,25,true,2600,1500,0.079,227.5,false,50,true
8700,5900,200,3,25,true,2800,1300,0.270,28.8,true,200,true
8800,6100,100,4,26,true,2700,1200,0.152,128.7,true,100,true
8950,6600,150,4,27,true,2350,1050,0.152,120.3,true,150,true
9050,6800,100,4,28,true,2250,950,0.152,126.4,true,100,true
9100,7000,50,5,29,true,2100,900,0.079,221.4,true,50,true
9100,7400,1050,2,30,true,1700,900,0.449,-416.3,true,-1050,true
9150,7550,50,5,31,true,1600,850,0.079,219.1,true,50,true
9750,7900,600,2,32,true,1850,250,0.449,-208.1,true,600,true
9750,9250,1250,1,33,true,500,250,0.662,-799.0,true,-1250,true
9850,9850,100,4,34,true,0,150,0.152,129.1,true,100,true
9850,9950,600,2,35,true,-100,150,0.449,-206.7,true,-600,true
10000,9950,150,4,36,true,50,0,0.152,119.7,true,150,true
0,0,300,2,1,false,0,10000,0.449,-77.9,false,300,false
0,0,350,1,1,false,0,10000,0.662,-209.8,false,50,false
0,0,450,6,1,false,0,10000,0.030,338.3,false,100,false
0,0,600,4,1,false,0,10000,0.152,59.2,false,150,false
0,0,750,2,1,false,0,10000,0.449,-283.6,false,150,false
0,0,850,1,1,false,0,10000,0.662,-539.7,false,100,false
0,0,850,1,1,false,0,10000,0.662,-530.8,false,-850,false
0,200,250,3,2,false,-200,10000,0.270,17.5,false,250,false
0,200,350,2,2,false,-200,10000,0.449,-105.3,false,100,false
0,200,350,2,2,false,-200,10000,0.449,-108.1,false,-350,false
0,200,100,4,3,false,-200,10000,0.152,129.6,false,100,false
0,200,200,3,3,false,-200,10000,0.270,31.7,false,100,false
0,200,250,2,3,false,-200,10000,0.449,-57.7,false,50,false
0,200,250,2,3,false,-200,10000,0.449,-59.7,false,-250,false
0,900,250,2,4,false,-900,10000,0.449,-58.2,false,250,false
0,900,300,1,4,false,-900,10000,0.662,-175.7,false,50,false
0,900,300,1,4,false,-900,10000,0.662,-171.8,false,-300,false
0,1550,500,2,5,false,-1550,10000,0.449,-171.8,false,500,false
0,1550,500,2,5,false,-1550,10000,0.449,-168.2,false,-500,false
0,1950,100,4,6,false,-1950,10000,0.152,128.4,false,100,false
0,1950,150,3,6,false,-1950,10000,0.270,43.9,false,50,false
0,1950,150,3,6,false,-1950,10000,0.270,42.2,false,-150,false
0,2200,150,4,7,false,-2200,10000,0.152,121.2,false,150,false
0,2200,300,2,7,false,-2200,10000,0.449,-89.4,false,150,false
0,2200,300,2,7,false,-2200,10000,0.449,-85.6,false,-300,false
0,2500,200,4,8,false,-2500,10000,0.152,112.7,false,200,false
0,2500,400,2,8,false,-2500,10000,0.449,-126.3,false,200,false
0,2500,400,2,8,false,-2500,10000,0.449,-126.7,false,-400,false
0,2800,400,3,9,false,-2800,10000,0.270,-26.6,false,400,false
0,2800,600,1,9,false,-2800,10000,0.662,-376.3,false,200,false
0,2800,600,1,9,false,-2800,10000,0.662,-376.3,false,-600,false
0,3150,250,3,10,false,-3150,10000,0.270,17.5,false,250,false
0,3150,250,3,10,false,-3150,10000,0.270,20.5,false,-250,false
0,3400,450,6,11,false,-3400,10000,0.030,339.8,false,450,false
0,3400,950,1,11,false,-3400,10000,0.662,-613.1,false,500,false
0,3400,1000,6,11,true,-3400,10000,0.030,323.9,true,1000,false
1200,3600,1200,2,12,true,-2400,8800,0.449,-483.1,true,1200,false
1200,4100,50,5,13,true,-2900,8800,0.079,219.4,false,50,false
1450,4100,250,2,13,true,-2650,8550,0.449,-58.9,true,250,false
2000,4500,550,1,14,true,-2500,8000,0.662,-342.5,true,550,false
2250,5000,250,3,15,true,-2750,7750,0.270,14.6,true,250,false
2550,5250,300,2,16,true,-2700,7450,0.449,-83.2,true,300,false
3600,5950,1050,2,17,true,-2350,6400,0.449,-423.0,true,1050,false
4300,6450,700,2,18,true,-2150,5700,0.449,-263.5,true,700,false
4300,7100,100,5,19,true,-2800,5700,0.079,220.9,false,100,false
4300,7100,100,5,19,true,-2800,5700,0.079,224.4,false,-100,false
4300,7350,150,4,20,true,-3050,5700,0.152,122.5,false,150,false
4650,7350,350,2,20,true,-2700,5350,0.449,-104.5,true,350,false
4850,7600,200,3,21,true,-2750,5150,0.270,28.9,true,200,false
5350,7850,500,2,22,true,-2500,4650,0.449,-171.0,true,500,false
5550,8300,200,4,23,true,-2750,4450,0.152,116.5,true,200,false
5550,8500,150,4,24,true,-2950,4450,0.152,120.5,false,150,false
5900,8500,350,2,24,true,-2600,4100,0.449,-105.1,true,350,false
6100,8700,200,3,25,true,-2600,3900,0.270,27.4,true,200,false
6600,8800,500,2,26,true,-2200,3400,0.449,-164.9,true,500,false
6800,8950,200,3,27,true,-2150,3200,0.270,28.2,true,200,false
6800,9050,100,4,28,true,-2250,3200,0.152,130.5,false,100,false
7000,9050,200,2,28,true,-2050,3000,0.449,-42.6,true,200,false
7000,9100,100,5,29,true,-2100,3000,0.079,212.9,false,100,false
7400,9100,400,1,29,true,-1700,2600,0.662,-240.1,true,400,false
7550,9100,150,4,30,true,-1550,2450,0.152,116.0,true,150,false
7550,9150,150,4,31,true,-1600,2450,0.152,119.0,false,150,false
7900,9150,350,2,31,true,-1250,2100,0.449,-107.4,true,350,false
7900,9750,50,5,32,true,-1850,2100,0.079,222.3,false,50,false
9250,9750,1350,6,32,true,-500,750,0.030,297.8,true,1350,false
9850,9750,600,2,33,true,100,150,0.449,-213.7,true,600,false
9950,9850,100,5,34,true,100,50,0.079,218.6,true,100,false
9950,9850,100,5,35,true,100,50,0.079,218.0,true,-100,false
0,0,600,2,1,false,0,10000,0.449,-215.1,false,600,true
0,0,600,2,1,false,0,10000,0.449,-210.0,false,-600,true
0,0,1000,3,2,true,0,10000,0.270,-205.0,true,1000,true
0,1050,150,4,3,true,-1050,10000,0.152,119.4,false,150,true
350,1050,350,2,3,true,-700,9650,0.449,-107.6,true,350,true
550,1350,200,3,4,true,-800,9450,0.270,30.3,true,200,true
850,1350,300,3,5,true,-500,9150,0.270,1.9,true,300,true
850,2350,100,4,6,true,-1500,9150,0.152,130.0,false,100,true
1050,2350,200,3,6,true,-1300,8950,0.270,30.9,true,200,true
1550,2550,500,2,7,true,-1000,8450,0.449,-172.4,true,500,true
1550,2950,50,5,8,true,-1400,8450,0.079,218.9,false,50,true
1550,2950,100,4,8,true,-1400,8450,0.152,128.5,false,50,true
1750,2950,200,2,8,true,-1200,8250,0.449,-36.1,true,200,true
1750,3350,150,4,9,true,-1600,8250,0.152,119.8,false,150,true
2050,3350,300,2,9,true,-1300,7950,0.449,-80.9,true,300,true
2050,3550,100,4,10,true,-1500,7950,0.152,126.0,false,100,true
2050,3550,100,4,10,true,-1500,7950,0.152,121.1,false,-100,true
2250,4650,200,3,11,true,-2400,7750,0.270,33.8,true,200,true
2850,5150,600,2,12,true,-2300,7150,0.449,-212.1,true,600,true
3100,7150,250,3,13,true,-4050,6900,0.270,16.1,true,250,true
3350,7500,250,3,14,true,-4150,6650,0.270,20.7,true,250,true
3600,7700,250,3,15,true,-4100,6400,0.270,15.1,true,250,true
4200,7850,600,2,16,true,-3650,5800,0.449,-209.4,true,600,true
4400,8100,200,3,17,true,-3700,5600,0.270,33.1,true,200,true
4400,8250,0,6,18,true,-3850,5600,0.030,359.1,false,0,true
4400,8950,150,4,19,true,-4550,5600,0.152,119.3,false,150,true
4800,8950,400,1,19,true,-4150,5200,0.662,-241.7,true,400,true
5000,9150,200,3,20,true,-4150,5000,0.270,30.0,true,200,true
5400,9150,400,2,21,true,-3750,4600,0.449,-124.5,true,400,true
5400,9400,100,5,22,true,-4000,4600,0.079,220.9,false,100,true
5750,9400,350,1,22,true,-3650,4250,0.662,-211.4,true,350,true
7150,9400,1400,6,23,true,-2250,2850,0.030,328.5,true,1400,true
8150,9600,1000,3,24,true,-1450,1850,0.270,-193.2,true,1000,true
8600,9650,450,6,25,true,-1050,1400,0.030,340.5,true,450,true
9100,9800,500,3,26,true,-700,900,0.270,-50.0,true,500,true
9100,9800,1000,2,27,true,-700,900,0.449,-381.7,true,-1000,true
9100,9800,2050,1,28,true,-700,900,0.662,-1329.0,true,-2050,true
9300,9800,200,3,29,true,-500,700,0.270,26.9,true,200,true
9300,9950,1050,2,30,true,-650,700,0.449,-411.4,true,-1050,true
9700,9950,400,3,31,true,-250,300,0.270,-22.9,true,400,true
9800,9950,100,4,32,true,-150,200,0.152,128.6,true,100,true
9900,9950,100,5,33,true,-50,100,0.079,217.7,true,100,true
9900,9950,1250,1,34,true,-50,100,0.662,-810.2,true,-1250,true
9900,9950,500,3,35,true,-50,100,0.270,-47.9,true,-500,true
9900,9950,150,4,36,true,-50,100,0.152,123.0,true,-150,true
9900,9950,150,4,37,true,-50,100,0.152,126.0,true,-150,true
10000,9950,100,4,38,true,50,0,0.152,122.0,true,100,true
0,0,800,6,1,false,0,10000,0.030,336.4,false,800,false
0,0,1000,4,1,true,0,10000,0.152,-10.3,true,1000,false
1050,0,1050,2,2,true,1050,8950,0.449,-427.3,true,1050,false
1050,350,100,5,3,true,700,8950,0.079,226.0,false,100,false
1350,350,300,3,3,true,1000,8650,0.270,0.4,true,300,false
1350,550,0,6,4,true,800,8650,0.030,357.2,false,0,false
2350,850,1000,3,5,true,1500,7650,0.270,-193.2,true,1000,false
2550,1050,200,4,6,true,1500,7450,0.152,113.5,true,200,false
2550,1550,50,5,7,true,1000,7450,0.079,216.4,false,50,false
2950,1550,400,1,7,true,1400,7050,0.662,-240.3,true,400,false
3350,1750,400,1,8,true,1600,6650,0.662,-239.2,true,400,false
3350,2050,100,4,9,true,1300,6650,0.152,124.9,false,100,false
3550,2050,200,3,9,true,1500,6450,0.270,30.5,true,200,false
4650,2050,1100,1,10,true,2600,5350,0.662,-699.1,true,1100,false
5150,2250,500,1,11,true,2900,4850,0.662,-304.9,true,500,false
7150,2850,2000,2,12,true,4300,2850,0.449,-822.2,true,2000,false
7150,3100,150,4,13,true,4050,2850,0.152,121.0,false,150,false
7500,3100,350,2,13,true,4400,2500,0.449,-104.3,true,350,false
7700,3350,200,3,14,true,4350,2300,0.270,30.2,true,200,false
7700,3600,50,5,15,true,4100,2300,0.079,226.6,false,50,false
7850,3600,150,4,15,true,4250,2150,0.152,120.2,true,150,false
8100,4200,250,3,16,true,3900,1900,0.270,14.0,true,250,false
8250,4400,150,4,17,true,3850,1750,0.152,120.9,true,150,false
8950,4400,700,1,18,true,4550,1050,0.662,-448.1,true,700,false
9150,4800,200,4,19,true,4350,850,0.152,109.2,true,200,false
9150,5000,1100,1,20,true,4150,850,0.662,-705.3,true,-1100,false
9400,5400,250,3,21,true,4000,600,0.270,19.4,true,250,false
9400,5750,1500,6,22,true,3650,600,0.030,312.8,true,-1500,false
9600,7150,200,3,23,true,2450,400,0.270,36.4,true,200,false
9650,8150,50,5,24,true,1500,350,0.079,219.0,true,50,false
9800,8600,150,4,25,true,1200,200,0.152,117.4,true,150,false
9800,9100,500,2,26,true,700,200,0.449,-168.0,true,-500,false
9800,9100,250,3,27,true,700,200,0.270,17.4,true,-250,false
9800,9100,250,3,28,true,700,200,0.270,15.6,true,-250,false
9950,9300,150,4,29,true,650,50,0.152,119.3,true,150,false
9950,9300,200,3,30,true,650,50,0.270,30.1,true,-200,false
9950,9700,250,3,31,true,250,50,0.270,20.7,true,-250,false
9950,9800,150,4,32,true,150,50,0.152,119.4,true,-150,false
9950,9900,400,2,33,true,50,50,0.449,-129.1,true,-400,false
9950,9900,200,3,34,true,50,50,0.270,34.6,true,-200,false
9950,9900,250,3,35,true,50,50,0.270,14.8,true,-250,false
9950,9900,400,2,36,true,50,50,0.449,-128.3,true,-400,false
9950,9900,150,4,37,true,50,50,0.152,116.3,true,-150,false
0,0,200,4,1,false,0,10000,0.152,112.2,false,200,false
0,0,350,2,1,false,0,10000,0.449,-107.7,false,150,false
0,0,450,1,1,false,0,10000,0.662,-280.4,false,100,false
0,0,450,1,1,false,0,10000,0.662,-271.6,false,-450,false
0,0,50,5,2,false,0,10000,0.079,220.8,false,50,false
0,0,50,5,2,false,0,10000,0.079,218.5,false,-50,false
0,0,300,2,3,false,0,10000,0.449,-85.8,false,300,false
0,0,350,1,3,false,0,10000,0.662,-211.5,false,50,false
0,0,400,6,3,false,0,10000,0.030,343.1,false,50,false
0,0,1100,1,3,true,0,10000,0.662,-720.4,true,1100,false
500,0,500,6,4,true,500,9500,0.030,339.4,true,500,false
500,0,50,5,5,true,500,9500,0.079,224.0,false,50,false
650,0,150,3,5,true,650,9350,0.270,43.4,true,150,false
900,0,250,3,6,true,900,9100,0.270,9.3,true,250,false
900,0,150,4,7,true,900,9100,0.152,117.7,false,150,false
1250,0,350,2,7,true,1250,8750,0.449,-105.6,true,350,false
2150,0,900,6,8,true,2150,7850,0.030,321.2,true,900,false
2400,0,250,3,9,true,2400,7600,0.270,14.6,true,250,false
2400,600,150,4,10,true,1800,7600,0.152,118.8,false,150,false
2650,600,250,3,10,true,2050,7350,0.270,17.2,true,250,false
3150,900,500,3,11,true,2250,6850,0.270,-55.9,true,500,false
3150,1100,200,4,12,true,2050,6850,0.152,113.6,false,200,false
3450,1100,300,3,12,true,2350,6550,0.270,1.8,true,300,false
3650,1250,200,3,13,true,2400,6350,0.270,29.3,true,200,false
3900,3300,250,3,14,true,600,6100,0.270,13.0,true,250,false
3900,3800,100,5,15,true,100,6100,0.079,217.3,false,100,false
4200,3800,300,3,15,true,400,5800,0.270,2.2,true,300,false
4200,4100,100,4,16,true,100,5800,0.152,128.2,false,100,false
4200,4100,100,4,16,true,100,5800,0.152,128.6,false,-100,false
4950,4350,750,1,17,true,600,5050,0.662,-481.9,true,750,false
4950,4550,100,5,18,true,400,5050,0.079,217.2,false,100,false
5450,4550,500,2,18,true,900,4550,0.449,-170.2,true,500,false
5650,5150,200,3,19,true,500,4350,0.270,25.5,true,200,false
5900,5350,250,3,20,true,550,4100,0.270,19.8,true,250,false
5900,5650,200,4,21,true,250,4100,0.152,116.9,false,200,false
6300,5650,400,2,21,true,650,3700,0.449,-126.1,true,400,false
6300,5900,150,4,22,true,400,3700,0.152,116.5,false,150,false
6650,5900,350,1,22,true,750,3350,0.662,-209.4,true,350,false
8150,6200,1500,6,23,true,1950,1850,0.030,308.4,true,1500,false
8950,6200,800,1,24,true,2750,1050,0.662,-508.4,true,800,false
9150,6450,200,3,25,true,2700,850,0.270,29.7,true,200,false
9350,6750,200,3,26,true,2600,650,0.270,32.2,true,200,false
9550,6950,200,3,27,true,2600,450,0.270,33.1,true,200,false
9750,7950,200,3,28,true,1800,250,0.270,30.7,true,200,false
9800,8200,50,5,29,true,1600,200,0.079,217.4,true,50,false
9800,8200,600,2,30,true,1600,200,0.449,-215.1,true,-600,false
9800,9200,350,2,31,true,600,200,0.449,-109.2,true,-350,false
9900,9300,100,5,32,true,600,100,0.079,216.0,true,100,false
9900,9600,0,6,33,true,300,100,0.030,368.9,false,0,false
9900,9650,200,4,34,true,250,100,0.152,113.7,true,-200,false
9900,9650,200,3,35,true,250,100,0.270,28.9,true,-200,false
9900,9700,150,4,36,true,200,100,0.152,115.2,true,-150,false
9950,9700,50,5,37,true,250,50,0.079,221.2,true,50,false
9950,9900,1050,2,38,true,50,50,0.449,-413.9,true,-1050,false
9950,9900,200,3,39,true,50,50,0.270,31.6,true,-200,false
9950,9900,100,5,40,true,50,50,0.079,214.7,true,-100,false
9950,9900,400,1,41,true,50,50,0.662,-238.2,true,-400,false
9950,9950,200,3,42,true,0,50,0.270,29.2,true,-200,false
9950,9950,700,1,43,true,0,50,0.662,-442.0,true,-700,false
9950,9950,200,3,44,true,0,50,0.270,29.3,true,-200,false
9950,9950,100,5,45,true,0,50,0.079,217.9,true,-100,false
9950,9950,400,3,46,true,0,50,0.270,-28.3,true,-400,false
9950,9950,1600,6,47,true,0,50,0.030,314.0,true,-1600,false
9950,9950,300,3,48,true,0,50,0.270,3.5,true,-300,false
9950,9950,100,5,49,true,0,50,0.079,213.3,true,-100,false
9950,9950,1700,6,50,true,0,50,0.030,298.7,true,-1700,false
9950,9950,100,5,51,true,0,50,0.079,214.8,true,-100,false
0,0,100,4,1,false,0,10000,0.152,128.2,false,100,true
0,0,150,3,1,false,0,10000,0.270,46.0,false,50,true
0,0,250,2,1,false,0,10000,0.449,-64.6,false,100,true
0,0,350,1,1,false,0,10000,0.662,-202.0,false,100,true
0,0,350,1,1,false,0,10000,0.662,-214.8,false,-350,true
0,0,150,4,2,false,0,10000,0.152,121.0,false,150,true
0,0,150,4,2,false,0,10000,0.152,119.9,false,-150,true
0,0,250,3,3,false,0,10000,0.270,15.9,false,250,true
0,0,350,1,3,false,0,10000,0.662,-212.8,false,100,true
0,0,400,6,3,false,0,10000,0.030,344.8,false,50,true
0,0,600,3,3,false,0,10000,0.270,-69.7,false,200,true
0,0,800,1,3,false,0,10000,0.662,-497.1,false,200,true
0,0,800,1,3,false,0,10000,0.662,-505.4,false,-800,true
0,500,150,4,4,false,-500,10000,0.152,122.1,false,150,true
0,500,150,4,4,false,-500,10000,0.152,123.9,false,-150,true
0,650,200,4,5,false,-650,10000,0.152,112.5,false,200,true
0,650,350,2,5,false,-650,10000,0.449,-107.9,false,150,true
0,650,350,2,5,false,-650,10000,0.449,-100.4,false,-350,true
0,900,50,5,6,false,-900,10000,0.079,225.3,false,50,true
0,900,100,4,6,false,-900,10000,0.152,124.4,false,50,true
0,900,300,2,6,false,-900,10000,0.449,-84.9,false,200,true
0,900,450,6,6,false,-900,10000,0.030,336.6,false,150,true
0,900,650,3,6,false,-900,10000,0.270,-90.8,false,200,true
0,900,850,1,6,false,-900,10000,0.662,-542.6,false,200,true
0,900,850,1,6,false,-900,10000,0.662,-550.6,false,-850,true
0,1250,150,4,7,false,-1250,10000,0.152,122.0,false,150,true
0,1250,200,3,7,false,-1250,10000,0.270,29.6,false,50,true
0,1250,300,2,7,false,-1250,10000,0.449,-83.7,false,100,true
0,1250,300,2,7,false,-1250,10000,0.449,-83.4,false,-300,true
0,2150,950,6,8,false,-2150,10000,0.030,322.6,false,950,true
0,2150,1050,4,8,true,-2150,10000,0.152,-22.5,true,1050,true
0,2400,100,5,9,true,-2400,10000,0.079,215.2,false,100,true
600,2400,600,2,9,true,-1800,9400,0.449,-218.2,true,600,true
600,2650,50,5,10,true,-2050,9400,0.079,225.3,false,50,true
600,2650,100,4,10,true,-2050,9400,0.152,126.9,false,50,true
900,2650,300,2,10,true,-1750,9100,0.449,-79.8,true,300,true
900,3150,50,5,11,true,-2250,9100,0.079,218.3,false,50,true
1100,3150,200,3,11,true,-2050,8900,0.270,28.5,true,200,true
1100,3450,100,4,12,true,-2350,8900,0.152,122.9,false,100,true
1250,3450,150,3,12,true,-2200,8750,0.270,46.5,true,150,true
3300,3650,2050,1,13,true,-350,6700,0.662,-1326.7,true,2050,true
3800,3900,500,1,14,true,-100,6200,0.662,-303.5,true,500,true
3800,4200,50,5,15,true,-400,6200,0.079,221.8,false,50,true
4100,4200,300,2,15,true,-100,5900,0.449,-82.9,true,300,true
4350,4200,250,3,16,true,150,5650,0.270,19.5,true,250,true
4550,4950,200,3,17,true,-400,5450,0.270,25.1,true,200,true
5150,5450,600,1,18,true,-300,4850,0.662,-367.2,true,600,true
5150,5650,100,5,19,true,-500,4850,0.079,219.5,false,100,true
5150,5650,150,4,19,true,-500,4850,0.152,118.5,false,50,true
5350,5650,200,3,19,true,-300,4650,0.270,33.8,true,200,true
5650,5900,300,2,20,true,-250,4350,0.449,-85.3,true,300,true
5900,6300,250,3,21,true,-400,4100,0.270,15.7,true,250,true
6200,6650,300,3,22,true,-450,3800,0.270,8.9,true,300,true
6200,8150,0,6,23,true,-1950,3800,0.030,366.5,false,0,true
6450,8950,250,3,24,true,-2500,3550,0.270,19.4,true,250,true
6750,9150,300,2,25,true,-2400,3250,0.449,-86.5,true,300,true
6950,9350,200,3,26,true,-2400,3050,0.270,31.6,true,200,true
7950,9550,1000,3,27,true,-1600,2050,0.270,-185.4,true,1000,true
8200,9750,250,3,28,true,-1550,1800,0.270,14.6,true,250,true
8200,9800,0,6,29,true,-1600,1800,0.030,355.3,false,0,true
9200,9800,1000,3,30,true,-600,800,0.270,-189.8,true,1000,true
9300,9800,100,5,31,true,-500,700,0.079,212.8,true,100,true
9600,9900,300,3,32,true,-300,400,0.270,-0.4,true,300,true
9650,9900,50,5,33,true,-250,350,0.079,227.2,true,50,true
9650,9900,650,2,34,true,-250,350,0.449,-236.9,true,-650,true
9700,9900,50,5,35,true,-200,300,0.079,224.8,true,50,true
9700,9900,0,6,36,true,-200,300,0.030,365.7,false,0,true
9900,9950,200,3,37,true,-50,100,0.270,27.8,true,200,true
9900,9950,600,1,38,true,-50,100,0.662,-374.4,true,-600,true
9900,9950,250,3,39,true,-50,100,0.270,18.1,true,-250,true
9900,9950,200,4,40,true,-50,100,0.152,114.2,true,-200,true
9950,9950,50,5,41,true,0,50,0.079,224.5,true,50,true
9950,9950,250,3,42,true,0,50,0.270,21.0,true,-250,true
9950,9950,150,4,43,true,0,50,0.152,121.9,true,-150,true
9950,9950,600,2,44,true,0,50,0.449,-217.7,true,-600,true
9950,9950,100,4,45,true,0,50,0.152,118.5,true,-100,true
9950,9950,150,4,46,true,0,50,0.152,120.1,true,-150,true
9950,9950,200,3,47,true,0,50,0.270,29.5,true,-200,true
9950,9950,150,4,48,true,0,50,0.152,124.2,true,-150,true
9950,9950,200,3,49,true,0,50,0.270,30.9,true,-200,true
9950,9950,2100,6,50,true,0,50,0.030,300.6,true,-2100,true
10000,9950,50,5,51,true,50,0,0.079,217.2,true,50,true
0,0,200,3,1,false,0,10000,0.270,27.4,false,200,false
0,0,250,2,1,false,0,10000,0.449,-58.7,false,50,false
0,0,250,2,1,false,0,10000,0.449,-60.6,false,-250,false
0,0,50,5,2,false,0,10000,0.079,221.4,false,50,false
0,0,300,2,2,false,0,10000,0.449,-84.0,false,250,false
0,0,300,2,2,false,0,10000,0.449,-87.3,false,-300,false
0,0,200,3,3,false,0,10000,0.270,34.2,false,200,false
0,0,250,2,3,false,0,10000,0.449,-62.2,false,50,false
0,0,300,1,3,false,0,10000,0.662,-175.9,false,50,false
0,0,300,1,3,false,0,10000,0.662,-173.1,false,-300,false
0,0,200,4,4,false,0,10000,0.152,110.0,false,200,false
0,0,400,1,4,false,0,10000,0.662,-244.1,false,200,false
0,0,500,6,4,false,0,10000,0.030,345.7,false,100,false
0,0,650,4,4,false,0,10000,0.152,36.8,false,150,false
0,0,800,2,4,false,0,10000,0.449,-310.9,false,150,false
0,0,900,1,4,false,0,10000,0.662,-578.0,false,100,false
0,0,950,6,4,false,0,10000,0.030,329.1,false,50,false
0,0,1250,3,4,true,0,10000,0.270,-253.9,true,1250,false
750,400,750,1,5,true,350,9250,0.662,-464.9,true,750,false
950,800,200,3,6,true,150,9050,0.270,31.6,true,200,false
1400,1100,450,1,7,true,300,8600,0.662,-275.1,true,450,false
1400,1250,100,5,8,true,150,8600,0.079,208.3,false,100,false
2000,1250,600,1,8,true,750,8000,0.662,-370.0,true,600,false
2200,1450,200,3,9,true,750,7800,0.270,32.4,true,200,false
2450,2200,250,3,10,true,250,7550,0.270,18.9,true,250,false
2450,2200,150,4,11,true,250,7550,0.152,123.3,false,150,false
2700,2200,250,2,11,true,500,7300,0.449,-61.5,true,250,false
3200,2550,500,2,12,true,650,6800,0.449,-178.1,true,500,false
3200,2750,0,6,13,true,450,6800,0.030,357.6,false,0,false
3200,2900,150,4,14,true,300,6800,0.152,112.1,false,150,false
3600,2900,400,1,14,true,700,6400,0.662,-243.2,true,400,false
4200,3100,600,2,15,true,1100,5800,0.449,-215.7,true,600,false
4850,3350,650,2,16,true,1500,5150,0.449,-238.4,true,650,false
4850,3900,150,4,17,true,950,5150,0.152,122.8,false,150,false
5050,3900,200,3,17,true,1150,4950,0.270,27.9,true,200,false
5250,5400,200,3,18,true,-150,4750,0.270,29.9,true,200,false
5250,5600,50,5,19,true,-350,4750,0.079,218.4,false,50,false
5250,5600,100,4,19,true,-350,4750,0.152,129.1,false,50,false
5500,5600,250,2,19,true,-100,4500,0.449,-64.0,true,250,false
5500,5850,50,5,20,true,-350,4500,0.079,222.2,false,50,false
5500,5850,100,4,20,true,-350,4500,0.152,128.9,false,50,false
5700,5850,200,3,20,true,-150,4300,0.270,31.4,true,200,false
6400,6050,700,2,21,true,350,3600,0.449,-258.3,true,700,false
6400,6800,100,4,22,true,-400,3600,0.152,129.7,false,100,false
6550,6800,150,3,22,true,-250,3450,0.270,41.7,true,150,false
7650,7150,1100,1,23,true,500,2350,0.662,-707.8,true,1100,false
7900,7150,250,3,24,true,750,2100,0.270,12.8,true,250,false
8250,7400,350,1,25,true,850,1750,0.662,-207.9,true,350,false
8450,7900,200,3,26,true,550,1550,0.270,30.6,true,200,false
8650,8300,200,3,27,true,350,1350,0.270,34.1,true,200,false
8650,8500,2000,2,28,true,150,1350,0.449,-848.8,true,-2000,false
8900,8700,250,2,29,true,200,1100,0.449,-62.4,true,250,false
9050,8750,150,4,30,true,300,950,0.152,119.2,true,150,false
9150,9250,100,4,31,true,-100,850,0.152,128.0,true,100,false
9450,9250,300,2,32,true,200,550,0.449,-75.4,true,300,false
9650,9500,200,4,33,true,150,350,0.152,113.8,true,200,false
9750,9700,100,5,34,true,50,250,0.079,219.9,true,100,false
9750,9900,600,3,35,true,-150,250,0.270,-82.0,true,-600,false
9900,9900,150,4,36,true,0,100,0.152,121.7,true,150,false
9950,9900,50,5,37,true,50,50,0.079,223.9,true,50,false
9950,9900,200,3,38,true,50,50,0.270,28.2,true,-200,false
9950,9900,250,3,39,true,50,50,0.270,20.0,true,-250,false
0,0,250,3,1,false,0,10000,0.270,20.6,false,250,true
0,0,300,2,1,false,0,10000,0.449,-83.8,false,50,true
0,0,300,2,1,false,0,10000,0.449,-84.1,false,-300,true
0,0,350,1,2,false,0,10000,0.662,-207.7,false,350,true
0,0,400,6,2,false,0,10000,0.030,348.1,false,50,true
0,0,600,4,2,false,0,10000,0.152,54.6,false,200,true
0,0,700,3,2,false,0,10000,0.270,-107.6,false,100,true
0,0,800,1,2,false,0,10000,0.662,-500.8,false,100,true
0,0,800,1,2,false,0,10000,0.662,-508.7,false,-800,true
0,0,700,2,3,false,0,10000,0.449,-256.2,false,700,true
0,0,750,1,3,false,0,10000,0.662,-477.2,false,50,true
0,0,850,6,3,false,0,10000,0.030,351.0,false,100,true
0,0,1350,1,3,true,0,10000,0.662,-871.2,true,1350,true
0,0,150,4,4,true,0,10000,0.152,127.6,false,150,true
400,0,400,1,4,true,400,9600,0.662,-234.2,true,400,true
800,750,400,2,5,true,50,9200,0.449,-127.2,true,400,true
1100,950,300,2,6,true,150,8900,0.449,-88.9,true,300,true
1100,1400,50,5,7,true,-300,8900,0.079,223.2,false,50,true
1250,1400,150,4,7,true,-150,8750,0.152,123.1,true,150,true
1450,2000,200,3,8,true,-550,8550,0.270,29.3,true,200,true
2200,2200,750,1,9,true,0,7800,0.662,-469.1,true,750,true
2200,2450,0,6,10,true,-250,7800,0.030,354.4,false,0,true
2550,2700,350,1,11,true,-150,7450,0.662,-211.4,true,350,true
2750,3200,200,3,12,true,-450,7250,0.270,32.4,true,200,true
2900,3200,150,4,13,true,-300,7100,0.152,118.1,true,150,true
2900,3600,50,5,14,true,-700,7100,0.079,218.9,false,50,true
3100,3600,200,3,14,true,-500,6900,0.270,31.7,true,200,true
3350,4200,250,3,15,true,-850,6650,0.270,13.9,true,250,true
3900,4850,550,1,16,true,-950,6100,0.662,-344.4,true,550,true
5400,5050,1500,6,17,true,350,4600,0.030,314.4,true,1500,true
5600,5250,200,3,18,true,350,4400,0.270,29.4,true,200,true
5600,5500,150,4,19,true,100,4400,0.152,119.6,false,150,true
5850,5500,250,3,19,true,350,4150,0.270,18.7,true,250,true
6050,5700,200,3,20,true,350,3950,0.270,31.8,true,200,true
6800,6400,750,1,21,true,400,3200,0.662,-477.9,true,750,true
7150,6550,350,1,22,true,600,2850,0.662,-202.1,true,350,true
7150,7650,0,6,23,true,-500,2850,0.030,372.8,false,0,true
7400,7900,250,3,24,true,-500,2600,0.270,20.8,true,250,true
7900,8250,500,3,25,true,-350,2100,0.270,-47.8,true,500,true
8300,8450,400,2,26,true,-150,1700,0.449,-124.7,true,400,true
8500,8650,200,3,27,true,-150,1500,0.270,31.4,true,200,true
8700,8650,200,4,28,true,50,1300,0.152,111.5,true,200,true
8750,8900,50,5,29,true,-150,1250,0.079,230.8,true,50,true
9250,9050,500,2,30,true,200,750,0.449,-168.4,true,500,true
9250,9150,1050,2,31,true,100,750,0.449,-415.2,true,-1050,true
9500,9450,250,3,32,true,50,500,0.270,21.9,true,250,true
9700,9650,200,4,33,true,50,300,0.152,105.0,true,200,true
9900,9750,200,4,34,true,150,100,0.152,109.4,true,200,true
9900,9750,200,3,35,true,150,100,0.270,29.8,true,-200,true
9900,9900,250,3,36,true,0,100,0.270,21.4,true,-250,true
9900,9950,200,3,37,true,-50,100,0.270,33.4,true,-200,true
9900,9950,650,2,38,true,-50,100,0.449,-250.4,true,-650,true
10000,9950,100,5,39,true,50,0,0.079,217.1,true,100,true
0,0,0,6,1,false,0,10000,0.030,357.7,false,0,true
0,0,50,5,2,false,0,10000,0.079,220.6,false,50,true
0,0,100,4,2,false,0,10000,0.152,125.4,false,50,true
0,0,350,6,2,false,0,10000,0.030,345.0,false,250,true
0,0,450,5,2,false,0,10000,0.079,195.1,false,100,true
0,0,600,3,2,false,0,10000,0.270,-79.5,false,150,true
0,0,600,3,2,false,0,10000,0.270,-83.2,false,-600,true
0,0,100,4,3,false,0,10000,0.152,127.5,false,100,true
0,0,150,3,3,false,0,10000,0.270,45.8,false,50,true
0,0,150,3,3,false,0,10000,0.270,44.4,false,-150,true
0,0,100,5,4,false,0,10000,0.079,221.2,false,100,true
0,0,400,1,4,false,0,10000,0.662,-239.5,false,300,true
0,0,450,6,4,false,0,10000,0.030,348.8,false,50,true
0,0,500,5,4,false,0,10000,0.079,189.4,false,50,true
0,0,1500,2,4,true,0,10000,0.449,-629.2,true,1500,true
0,0,50,5,5,true,0,10000,0.079,226.5,false,50,true
0,0,100,4,5,true,0,10000,0.152,125.4,false,50,true
200,0,200,2,5,true,200,9800,0.449,-42.1,true,200,true
700,0,500,3,6,true,700,9300,0.270,-50.9,true,500,true
1700,0,1000,3,7,true,1700,8300,0.270,-189.3,true,1000,true
1700,0,100,4,8,true,1700,8300,0.152,124.2,false,100,true
1900,0,200,3,8,true,1900,8100,0.270,36.6,true,200,true
2200,0,300,2,9,true,2200,7800,0.449,-85.8,true,300,true
3250,0,1050,2,10,true,3250,6750,0.449,-411.1,true,1050,true
3550,0,300,3,11,true,3550,6450,0.270,7.1,true,300,true
4800,0,1250,1,12,true,4800,5200,0.662,-818.3,true,1250,true
4800,0,50,5,13,true,4800,5200,0.079,222.3,false,50,true
5000,0,200,3,13,true,5000,5000,0.270,29.8,true,200,true
5000,0,100,4,14,true,5000,5000,0.152,125.3,false,100,true
5200,0,200,3,14,true,5200,4800,0.270,35.3,true,200,true
5200,0,200,4,15,true,5200,4800,0.152,114.4,false,200,true
5200,0,200,4,15,true,5200,4800,0.152,109.3,false,-200,true
5200,0,200,4,16,true,5200,4800,0.152,111.5,false,200,true
5550,0,350,2,16,true,5550,4450,0.449,-108.7,true,350,true
5900,0,350,2,17,true,5900,4100,0.449,-102.3,true,350,true
5900,0,50,5,18,true,5900,4100,0.079,221.5,false,50,true
5900,0,150,4,18,true,5900,4100,0.152,116.4,false,100,true
6150,0,250,3,18,true,6150,3850,0.270,15.6,true,250,true
6500,0,350,2,19,true,6500,3500,0.449,-108.1,true,350,true
6500,0,200,4,20,true,6500,3500,0.152,111.1,false,200,true
6500,0,200,4,20,true,6500,3500,0.152,113.6,false,-200,true
6700,250,200,3,21,true,6450,3300,0.270,33.9,true,200,true
6900,850,200,3,22,true,6050,3100,0.270,31.4,true,200,true
7150,1050,250,3,23,true,6100,2850,0.270,17.9,true,250,true
7650,1800,500,2,24,true,5850,2350,0.449,-172.2,true,500,true
7650,2000,100,5,25,true,5650,2350,0.079,219.7,false,100,true
7850,2000,200,3,25,true,5850,2150,0.270,34.1,true,200,true
8400,2150,550,1,26,true,6250,1600,0.662,-339.5,true,550,true
8400,2550,50,5,27,true,5850,1600,0.079,221.3,false,50,true
8650,2550,250,3,27,true,6100,1350,0.270,12.3,true,250,true
9250,2700,600,2,28,true,6550,750,0.449,-218.6,true,600,true
9550,3700,300,2,29,true,5850,450,0.449,-81.9,true,300,true
9550,3900,600,2,30,true,5650,450,0.449,-212.3,true,-600,true
9750,4100,200,3,31,true,5650,250,0.270,30.9,true,200,true
9750,4650,300,3,32,true,5100,250,0.270,2.1,true,-300,true
9900,5150,150,4,33,true,4750,100,0.152,122.3,true,150,true
9900,5650,650,2,34,true,4250,100,0.449,-233.4,true,-650,true
9900,5950,1100,1,35,true,3950,100,0.662,-712.3,true,-1100,true
9900,6450,400,3,36,true,3450,100,0.270,-25.7,true,-400,true
9900,6750,200,3,37,true,3150,100,0.270,28.8,true,-200,true
9900,6950,150,4,38,true,2950,100,0.152,120.4,true,-150,true
9900,7200,450,2,39,true,2700,100,0.449,-147.7,true,-450,true
9900,7700,250,3,40,true,2200,100,0.270,13.2,true,-250,true
10000,7900,100,5,41,true,2100,0,0.079,220.3,true,100,true
0,0,200,3,1,false,0,10000,0.270,32.3,false,200,false
0,0,300,2,1,false,0,10000,0.449,-81.6,false,100,false
0,0,300,2,1,false,0,10000,0.449,-80.7,false,-300,false
0,0,250,3,2,false,0,10000,0.270,18.9,false,250,false
0,0,500,6,2,false,0,10000,0.030,340.1,false,250,false
0,0,750,2,2,false,0,10000,0.449,-282.9,false,250,false
0,0,850,1,2,false,0,10000,0.662,-543.7,false,100,false
0,0,850,1,2,false,0,10000,0.662,-549.9,false,-850,false
0,0,200,3,3,false,0,10000,0.270,31.6,false,200,false
0,0,200,3,3,false,0,10000,0.270,30.5,false,-200,false
0,0,150,4,4,false,0,10000,0.152,123.5,false,150,false
0,0,250,3,4,false,0,10000,0.270,19.8,false,100,false
0,0,250,3,4,false,0,10000,0.270,14.0,false,-250,false
0,200,200,3,5,false,-200,10000,0.270,29.7,false,200,false
0,200,200,3,5,false,-200,10000,0.270,35.1,false,-200,false
0,700,300,2,6,false,-700,10000,0.449,-80.7,false,300,false
0,700,450,6,6,false,-700,10000,0.030,344.7,false,150,false
0,700,700,3,6,false,-700,10000,0.270,-105.1,false,250,false
0,700,700,3,6,false,-700,10000,0.270,-110.6,false,-700,false
0,1700,400,3,7,false,-1700,10000,0.270,-29.1,false,400,false
0,1700,500,2,7,false,-1700,10000,0.449,-170.6,false,100,false
0,1700,600,1,7,false,-1700,10000,0.662,-374.6,false,100,false
0,1700,600,1,7,false,-1700,10000,0.662,-383.8,false,-600,false
0,1900,250,3,8,false,-1900,10000,0.270,20.6,false,250,false
0,1900,300,2,8,false,-1900,10000,0.449,-85.6,false,50,false
0,1900,300,2,8,false,-1900,10000,0.449,-84.7,false,-300,false
0,2200,200,3,9,false,-2200,10000,0.270,29.5,false,200,false
0,2200,200,3,9,false,-2200,10000,0.270,33.1,false,-200,false
0,3250,0,6,10,false,-3250,10000,0.030,356.0,false,0,false
0,3550,200,3,11,false,-3550,10000,0.270,26.8,false,200,false
0,3550,300,2,11,false,-3550,10000,0.449,-79.7,false,100,false
0,3550,350,1,11,false,-3550,10000,0.662,-206.9,false,50,false
0,3550,350,1,11,false,-3550,10000,0.662,-206.7,false,-350,false
0,4800,250,3,12,false,-4800,10000,0.270,15.6,false,250,false
0,4800,250,3,12,false,-4800,10000,0.270,15.5,false,-250,false
0,5000,50,5,13,false,-5000,10000,0.079,219.1,false,50,false
0,5000,550,2,13,false,-5000,10000,0.449,-194.8,false,500,false
0,5000,550,2,13,false,-5000,10000,0.449,-191.1,false,-550,false
0,5200,200,4,14,false,-5200,10000,0.152,115.2,false,200,false
0,5200,400,2,14,false,-5200,10000,0.449,-128.1,false,200,false
0,5200,400,2,14,false,-5200,10000,0.449,-132.0,false,-400,false
0,5200,150,4,15,false,-5200,10000,0.152,122.2,false,150,false
0,5200,150,4,15,false,-5200,10000,0.152,117.1,false,-150,false
0,5550,200,3,16,false,-5550,10000,0.270,32.3,false,200,false
0,5550,300,1,16,false,-5550,10000,0.662,-175.0,false,100,false
0,5550,400,6,16,false,-5550,10000,0.030,343.7,false,100,false
0,5550,650,3,16,false,-5550,10000,0.270,-106.6,false,250,false
0,5550,700,2,16,false,-5550,10000,0.449,-255.2,false,50,false
0,5550,700,2,16,false,-5550,10000,0.449,-265.2,false,-700,false
0,5900,600,3,17,false,-5900,10000,0.270,-69.7,false,600,false
0,5900,750,1,17,false,-5900,10000,0.662,-470.5,false,150,false
0,5900,750,1,17,false,-5900,10000,0.662,-475.1,false,-750,false
0,6150,150,4,18,false,-6150,10000,0.152,119.5,false,150,false
0,6150,350,1,18,false,-6150,10000,0.662,-212.5,false,200,false
0,6150,450,6,18,false,-6150,10000,0.030,345.2,false,100,false
0,6150,700,3,18,false,-6150,10000,0.270,-104.1,false,250,false
0,6150,850,1,18,false,-6150,10000,0.662,-542.6,false,150,false
0,6150,850,1,18,false,-6150,10000,0.662,-530.7,false,-850,false
0,6500,500,1,19,false,-6500,10000,0.662,-313.9,false,500,false
0,6500,550,6,19,false,-6500,10000,0.030,336.9,false,50,false
0,6500,1300,1,19,true,-6500,10000,0.662,-833.4,true,1300,false
0,6500,50,5,20,true,-6500,10000,0.079,215.7,false,50,false
250,6500,250,3,20,true,-6250,9750,0.270,20.1,true,250,false
850,6700,600,2,21,true,-5850,9150,0.449,-218.7,true,600,false
1050,6900,200,3,22,true,-5850,8950,0.270,35.9,true,200,false
1800,7150,750,1,23,true,-5350,8200,0.662,-476.9,true,750,false
2000,7650,200,3,24,true,-5650,8000,0.270,30.6,true,200,false
2000,7850,100,5,25,true,-5850,8000,0.079,216.4,false,100,false
2150,7850,150,4,25,true,-5700,7850,0.152,122.1,true,150,false
2550,8400,400,3,26,true,-5850,7450,0.270,-27.3,true,400,false
2550,8650,100,5,27,true,-6100,7450,0.079,220.6,false,100,false
2700,8650,150,4,27,true,-5950,7300,0.152,123.1,true,150,false
3700,9250,1000,2,28,true,-5550,6300,0.449,-395.7,true,1000,false
3700,9550,100,4,29,true,-5850,6300,0.152,125.3,false,100,false
3900,9550,200,3,29,true,-5650,6100,0.270,31.1,true,200,false
4100,9550,200,3,30,true,-5450,5900,0.270,32.3,true,200,false
4100,9750,50,5,31,true,-5650,5900,0.079,217.5,false,50,false
4650,9750,550,6,31,true,-5100,5350,0.030,347.5,true,550,false
5150,9750,500,3,32,true,-4600,4850,0.270,-48.0,true,500,false
5650,9900,500,2,33,true,-4250,4350,0.449,-170.6,true,500,false
5650,9900,50,5,34,true,-4250,4350,0.079,222.5,false,50,false
5650,9900,100,4,34,true,-4250,4350,0.152,124.1,false,50,false
5950,9900,300,2,34,true,-3950,4050,0.449,-85.6,true,300,false
6450,9900,500,6,35,true,-3450,3550,0.030,340.6,true,500,false
6750,9900,300,2,36,true,-3150,3250,0.449,-84.4,true,300,false
6950,9900,200,4,37,true,-2950,3050,0.152,109.7,true,200,false
7200,9900,250,3,38,true,-2700,2800,0.270,20.4,true,250,false
7700,9900,500,3,39,true,-2200,2300,0.270,-53.2,true,500,false
7900,9900,200,3,40,true,-2000,2100,0.270,33.9,true,200,false
0,0,150,4,1,false,0,10000,0.152,119.0,false,150,true
0,0,350,1,1,false,0,10000,0.662,-210.4,false,200,true
0,0,400,6,1,false,0,10000,0.030,338.0,false,50,true
0,0,1000,2,1,true,0,10000,0.449,-385.3,true,1000,true
200,0,200,3,2,true,200,9800,0.270,31.3,true,200,true
200,0,0,6,3,true,200,9800,0.030,359.3,false,0,true
400,300,200,3,4,true,100,9600,0.270,35.5,true,200,true
1000,500,600,2,5,true,500,9000,0.449,-224.0,true,600,true
1250,700,250,3,6,true,550,8750,0.270,13.2,true,250,true
1500,900,250,3,7,true,600,8500,0.270,15.0,true,250,true
2400,1100,900,6,8,true,1300,7600,0.030,329.7,true,900,true
3400,1800,1000,3,9,true,1600,6600,0.270,-196.1,true,1000,true
3900,2000,500,3,10,true,1900,6100,0.270,-50.6,true,500,true
4200,2300,300,2,11,true,1900,5800,0.449,-81.1,true,300,true
4800,2700,600,2,12,true,2100,5200,0.449,-218.8,true,600,true
5850,2900,1050,2,13,true,2950,4150,0.449,-434.6,true,1050,true
6500,3600,650,2,14,true,2900,3500,0.449,-247.3,true,650,true
6900,3850,400,1,15,true,3050,3100,0.662,-240.9,true,400,true
7450,4050,550,1,16,true,3400,2550,0.662,-335.7,true,550,true
7700,4200,250,3,17,true,3500,2300,0.270,14.9,true,250,true
7700,4550,150,4,18,true,3150,2300,0.152,121.8,false,150,true
8450,4550,750,1,18,true,3900,1550,0.662,-467.8,true,750,true
8700,4800,250,3,19,true,3900,1300,0.270,22.8,true,250,true
9700,5000,1000,2,20,true,4700,300,0.449,-385.4,true,1000,true
9800,5300,100,4,21,true,4500,200,0.152,122.7,true,100,true
9800,6800,250,3,22,true,3000,200,0.270,16.5,true,-250,true
9800,7100,250,3,23,true,2700,200,0.270,16.3,true,-250,true
9800,7800,250,2,24,true,2000,200,0.449,-59.9,true,-250,true
9800,7800,600,3,25,true,2000,200,0.270,-81.4,true,-600,true
9800,8050,250,3,26,true,1750,200,0.270,18.7,true,-250,true
10000,8550,200,3,27,true,1450,0,0.270,29.7,true,200,true
0,0,200,3,1,false,0,10000,0.270,32.3,false,200,false
0,0,300,2,1,false,0,10000,0.449,-83.6,false,100,false
0,0,400,1,1,false,0,10000,0.662,-240.8,false,100,false
0,0,400,1,1,false,0,10000,0.662,-241.4,false,-400,false
0,200,700,1,2,false,-200,10000,0.662,-440.2,false,700,false
0,200,750,6,2,false,-200,10000,0.030,334.4,false,50,false
0,200,950,3,2,false,-200,10000,0.270,-173.1,false,200,false
0,200,1050,2,2,true,-200,10000,0.449,-419.7,true,1050,false
0,200,100,5,3,true,-200,10000,0.079,221.8,false,100,false
300,200,300,3,3,true,100,9700,0.270,3.1,true,300,false
500,400,200,3,4,true,100,9500,0.270,32.7,true,200,false
500,1000,100,4,5,true,-500,9500,0.152,127.5,false,100,false
700,1000,200,2,5,true,-300,9300,0.449,-40.6,true,200,false
900,1250,200,4,6,true,-350,9100,0.152,109.2,true,200,false
1100,1500,200,4,7,true,-400,8900,0.152,113.0,true,200,false
1800,2400,700,2,8,true,-600,8200,0.449,-254.6,true,700,false
2000,3400,200,4,9,true,-1400,8000,0.152,107.3,true,200,false
2000,3900,100,5,10,true,-1900,8000,0.079,229.1,false,100,false
2300,3900,300,3,10,true,-1600,7700,0.270,5.4,true,300,false
2700,4200,400,1,11,true,-1500,7300,0.662,-243.5,true,400,false
2700,4800,100,5,12,true,-2100,7300,0.079,215.4,false,100,false
2900,4800,200,3,12,true,-1900,7100,0.270,31.3,true,200,false
3600,5850,700,2,13,true,-2250,6400,0.449,-259.8,true,700,false
3850,6500,250,3,14,true,-2650,6150,0.270,17.4,true,250,false
4050,6900,200,4,15,true,-2850,5950,0.152,115.0,true,200,false
4200,7450,150,4,16,true,-3250,5800,0.152,115.4,true,150,false
4200,7700,100,5,17,true,-3500,5800,0.079,215.3,false,100,false
4550,7700,350,1,17,true,-3150,5450,0.662,-211.5,true,350,false
4800,8450,250,3,18,true,-3650,5200,0.270,20.7,true,250,false
4800,8700,100,4,19,true,-3900,5200,0.152,125.8,false,100,false
5000,8700,200,3,19,true,-3700,5000,0.270,31.7,true,200,false
5300,9700,300,2,20,true,-4400,4700,0.449,-82.7,true,300,false
6800,9800,1500,6,21,true,-3000,3200,0.030,318.8,true,1500,false
6800,9800,150,4,22,true,-3000,3200,0.152,121.0,false,150,false
7100,9800,300,2,22,true,-2700,2900,0.449,-84.6,true,300,false
7100,9800,100,5,23,true,-2700,2900,0.079,222.5,false,100,false
7800,9800,700,1,23,true,-2000,2200,0.662,-444.2,true,700,false
7800,9800,100,5,24,true,-2000,2200,0.079,220.6,false,100,false
7800,9800,100,5,24,true,-2000,2200,0.079,223.8,false,-100,false
7800,9800,150,4,25,true,-2000,2200,0.152,119.0,false,150,false
8050,9800,250,2,25,true,-1750,1950,0.449,-62.0,true,250,false
8550,9800,500,3,26,true,-1250,1450,0.270,-51.0,true,500,false
0,0,100,5,1,false,0,10000,0.079,217.2,false,100,false
0,0,200,4,1,false,0,10000,0.152,112.1,false,100,false
0,0,400,1,1,false,0,10000,0.662,-236.3,false,200,false
0,0,400,1,1,false,0,10000,0.662,-245.6,false,-400,false
0,0,150,4,2,false,0,10000,0.152,119.4,false,150,false
0,0,300,2,2,false,0,10000,0.449,-83.3,false,150,false
0,0,400,6,2,false,0,10000,0.030,348.2,false,100,false
0,0,1100,1,2,true,0,10000,0.662,-722.8,true,1100,false
0,0,0,6,3,true,0,10000,0.030,360.7,false,0,false
0,0,50,5,4,true,0,10000,0.079,217.2,false,50,false
350,0,350,1,4,true,350,9650,0.662,-209.3,true,350,false
1350,800,1000,3,5,true,550,8650,0.270,-197.2,true,1000,false
1350,1100,150,4,6,true,250,8650,0.152,123.3,false,150,false
1550,1100,200,3,6,true,450,8450,0.270,30.4,true,200,false
2150,1300,600,2,7,true,850,7850,0.449,-220.2,true,600,false
2150,1300,200,4,8,true,850,7850,0.152,111.9,false,200,false
2600,1300,450,1,8,true,1300,7400,0.662,-275.5,true,450,false
3100,1300,500,3,9,true,1800,6900,0.270,-48.8,true,500,false
3100,1450,100,4,10,true,1650,6900,0.152,131.5,false,100,false
3250,1450,150,3,10,true,1800,6750,0.270,42.5,true,150,false
3500,2200,250,3,11,true,1300,6500,0.270,16.2,true,250,false
3500,2500,50,5,12,true,1000,6500,0.079,220.9,false,50,false
3500,2500,150,4,12,true,1000,6500,0.152,119.9,false,100,false
3750,2500,250,3,12,true,1250,6250,0.270,18.5,true,250,false
3750,2700,0,6,13,true,1050,6250,0.030,360.8,false,0,false
4600,3250,850,1,14,true,1350,5400,0.662,-550.7,true,850,false
4600,3450,150,4,15,true,1150,5400,0.152,115.9,false,150,false
4800,3450,200,3,15,true,1350,5200,0.270,32.7,true,200,false
5250,3800,450,2,16,true,1450,4750,0.449,-148.1,true,450,false
5250,4050,150,4,17,true,1200,4750,0.152,121.3,false,150,false
5800,4050,550,1,17,true,1750,4200,0.662,-347.0,true,550,false
6200,5100,400,1,18,true,1100,3800,0.662,-245.3,true,400,false
6200,5350,0,6,19,true,850,3800,0.030,357.6,false,0,false
6750,5550,550,1,20,true,1200,3250,0.662,-344.1,true,550,false
6950,6150,200,3,21,true,800,3050,0.270,36.0,true,200,false
6950,7200,150,4,22,true,-250,3050,0.152,119.8,false,150,false
6950,7200,150,4,22,true,-250,3050,0.152,119.1,false,-150,false
7700,7400,750,1,23,true,300,2300,0.662,-484.1,true,750,false
7700,8450,100,5,24,true,-750,2300,0.079,216.6,false,100,false
7700,8450,200,4,24,true,-750,2300,0.152,107.9,false,100,false
7950,8450,250,3,24,true,-500,2050,0.270,13.7,true,250,false
8350,9550,400,1,25,true,-1200,1650,0.662,-243.4,true,400,false
9350,9550,1000,3,26,true,-200,650,0.270,-198.4,true,1000,false
9600,9550,250,3,27,true,50,400,0.270,12.0,true,250,false
9600,9700,500,2,28,true,-100,400,0.449,-171.8,true,-500,false
0,0,200,3,1,false,0,10000,0.270,31.6,false,200,true
0,0,300,2,1,false,0,10000,0.449,-78.7,false,100,true
0,0,300,2,1,false,0,10000,0.449,-80.0,false,-300,true
0,0,100,5,2,false,0,10000,0.079,214.3,false,100,true
0,0,300,3,2,false,0,10000,0.270,6.0,false,200,true
0,0,400,2,2,false,0,10000,0.449,-128.1,false,100,true
0,0,500,1,2,false,0,10000,0.662,-312.4,false,100,true
0,0,500,1,2,false,0,10000,0.662,-308.3,false,-500,true
0,0,150,4,3,false,0,10000,0.152,113.8,false,150,true
0,0,250,2,3,false,0,10000,0.449,-60.9,false,100,true
0,0,300,1,3,false,0,10000,0.662,-172.6,false,50,true
0,0,350,6,3,false,0,10000,0.030,348.6,false,50,true
0,0,2350,2,3,true,0,10000,0.449,-1012.9,true,2350,true
800,350,800,2,4,true,450,9200,0.449,-311.2,true,800,true
1100,1350,300,2,5,true,-250,8900,0.449,-85.3,true,300,true
1300,1550,200,4,6,true,-250,8700,0.152,109.8,true,200,true
1300,2150,0,6,7,true,-850,8700,0.030,366.0,false,0,true
1300,2600,0,6,8,true,-1300,8700,0.030,355.6,false,0,true
1300,3100,50,5,9,true,-1800,8700,0.079,222.1,false,50,true
1450,3100,150,4,9,true,-1650,8550,0.152,122.7,true,150,true
2200,3250,750,1,10,true,-1050,7800,0.662,-476.2,true,750,true
2200,3500,100,5,11,true,-1300,7800,0.079,213.1,false,100,true
2500,3500,300,2,11,true,-1000,7500,0.449,-80.0,true,300,true
2500,3750,50,5,12,true,-1250,7500,0.079,218.8,false,50,true
2700,3750,200,3,12,true,-1050,7300,0.270,31.0,true,200,true
3250,3750,550,1,13,true,-500,6750,0.662,-342.3,true,550,true
3450,4600,200,4,14,true,-1150,6550,0.152,111.2,true,200,true
3450,4800,100,5,15,true,-1350,6550,0.079,212.8,false,100,true
3800,4800,350,2,15,true,-1000,6200,0.449,-110.4,true,350,true
4050,5250,250,3,16,true,-1200,5950,0.270,19.0,true,250,true
5100,5800,1050,2,17,true,-700,4900,0.449,-403.8,true,1050,true
5100,6200,100,5,18,true,-1100,4900,0.079,218.7,false,100,true
5350,6200,250,3,18,true,-850,4650,0.270,16.3,true,250,true
5550,6200,200,4,19,true,-650,4450,0.152,112.1,true,200,true
5550,6750,100,5,20,true,-1200,4450,0.079,209.9,false,100,true
6150,6750,600,1,20,true,-600,3850,0.662,-379.3,true,600,true
7200,6950,1050,2,21,true,250,2800,0.449,-426.2,true,1050,true
7400,6950,200,4,22,true,450,2600,0.152,109.8,true,200,true
8450,7700,1050,2,23,true,750,1550,0.449,-409.4,true,1050,true
8450,7950,50,5,24,true,500,1550,0.079,220.9,false,50,true
9550,7950,1100,1,24,true,1600,450,0.662,-705.9,true,1100,true
9550,8350,500,1,25,true,1200,450,0.662,-311.9,true,-500,true
9550,9350,1000,2,26,true,200,450,0.449,-411.0,true,-1000,true
9700,9600,150,4,27,true,100,300,0.152,122.3,true,150,true
10000,9600,300,2,28,true,400,0,0.449,-83.2,true,300,true
0,0,500,2,1,false,0,10000,0.449,-176.8,false,500,true
0,0,600,1,1,false,0,10000,0.662,-384.3,false,100,true
0,0,600,1,1,false,0,10000,0.662,-374.1,false,-600,true
0,0,150,4,2,false,0,10000,0.152,118.3,false,150,true
0,0,300,2,2,false,0,10000,0.449,-81.0,false,150,true
0,0,400,1,2,false,0,10000,0.662,-238.5,false,100,true
0,0,500,6,2,false,0,10000,0.030,341.8,false,100,true
0,0,700,3,2,false,0,10000,0.270,-108.9,false,200,true
0,0,850,1,2,false,0,10000,0.662,-546.7,false,150,true
0,0,850,1,2,false,0,10000,0.662,-536.6,false,-850,true
0,1000,50,5,3,false,-1000,10000,0.079,227.6,false,50,true
0,1000,100,4,3,false,-1000,10000,0.152,124.0,false,50,true
0,1000,100,4,3,false,-1000,10000,0.152,124.4,false,-100,true
0,1250,300,2,4,false,-1250,10000,0.449,-86.7,false,300,true
0,1250,500,6,4,false,-1250,10000,0.030,358.7,false,200,true
0,1250,1150,1,4,true,-1250,10000,0.662,-735.0,true,1150,true
0,1250,100,5,5,true,-1250,10000,0.079,219.2,false,100,true
350,1250,350,2,5,true,-900,9650,0.449,-105.3,true,350,true
350,1500,50,5,6,true,-1150,9650,0.079,220.3,false,50,true
1250,1500,900,6,6,true,-250,8750,0.030,336.9,true,900,true
1250,2200,200,4,7,true,-950,8750,0.152,110.0,false,200,true
1700,2200,450,1,7,true,-500,8300,0.662,-280.2,true,450,true
2300,2400,600,3,8,true,-100,7700,0.270,-76.9,true,600,true
2500,2700,200,3,9,true,-200,7500,0.270,30.2,true,200,true
2500,2700,150,4,10,true,-200,7500,0.152,123.0,false,150,true
2700,2700,200,3,10,true,0,7300,0.270,34.1,true,200,true
3100,3300,400,2,11,true,-200,6900,0.449,-127.6,true,400,true
3850,3550,750,1,12,true,300,6150,0.662,-475.5,true,750,true
4250,3550,400,2,13,true,700,5750,0.449,-128.3,true,400,true
4250,4350,200,4,14,true,-100,5750,0.152,111.2,false,200,true
4250,4350,200,4,14,true,-100,5750,0.152,115.3,false,-200,true
5250,4550,1000,2,15,true,700,4750,0.449,-392.1,true,1000,true
5550,4800,300,2,16,true,750,4450,0.449,-88.7,true,300,true
6550,5000,1000,3,17,true,1550,3450,0.270,-187.1,true,1000,true
6950,5300,400,2,18,true,1650,3050,0.449,-125.1,true,400,true
6950,5650,200,4,19,true,1300,3050,0.152,111.8,false,200,true
7200,5650,250,3,19,true,1550,2800,0.270,17.6,true,250,true
7200,5800,200,4,20,true,1400,2800,0.152,109.5,false,200,true
7450,5800,250,3,20,true,1650,2550,0.270,16.3,true,250,true
7450,6200,150,4,21,true,1250,2550,0.152,120.3,false,150,true
7450,6200,150,4,21,true,1250,2550,0.152,121.2,false,-150,true
7850,6400,400,2,22,true,1450,2150,0.449,-120.2,true,400,true
7850,6700,50,5,23,true,1150,2150,0.079,226.4,false,50,true
7850,6700,100,4,23,true,1150,2150,0.152,124.7,false,50,true
8050,6700,200,3,23,true,1350,1950,0.270,31.4,true,200,true
8300,6900,250,3,24,true,1400,1700,0.270,20.2,true,250,true
8300,7300,50,5,25,true,1000,1700,0.079,227.9,false,50,true
9350,7300,1050,2,25,true,2050,650,0.449,-400.2,true,1050,true
9800,7700,450,1,26,true,2100,200,0.662,-275.5,true,450,true
9900,7700,100,4,27,true,2200,100,0.152,124.3,true,100,true
9950,7950,50,5,28,true,2000,50,0.079,219.0,true,50,true
9950,8100,200,4,29,true,1850,50,0.152,117.2,true,-200,true
9950,8450,1050,2,30,true,1500,50,0.449,-413.7,true,-1050,true
9950,8450,300,3,31,true,1500,50,0.270,1.5,true,-300,true
10000,8600,50,5,32,true,1400,0,0.079,217.6,true,50,true
0,0,900,6,1,false,0,10000,0.030,332.4,false,900,false
0,0,1150,3,1,true,0,10000,0.270,-225.1,true,1150,false
1000,0,1000,3,2,true,1000,9000,0.270,-187.5,true,1000,false
1000,0,150,4,3,true,1000,9000,0.152,117.2,false,150,false
1250,0,250,2,3,true,1250,8750,0.449,-63.3,true,250,false
1250,0,150,4,4,true,1250,8750,0.152,121.9,false,150,false
1250,0,150,4,4,true,1250,8750,0.152,120.6,false,-150,false
1500,350,250,3,5,true,1150,8500,0.270,18.5,true,250,false
2200,1250,700,1,6,true,950,7800,0.662,-443.0,true,700,false
2200,1700,50,5,7,true,500,7800,0.079,219.3,false,50,false
2400,1700,200,3,7,true,700,7600,0.270,25.5,true,200,false
2700,2300,300,2,8,true,400,7300,0.449,-78.0,true,300,false
2700,2500,0,6,9,true,200,7300,0.030,364.3,false,0,false
3300,2700,600,2,10,true,600,6700,0.449,-216.5,true,600,false
3550,3100,250,3,11,true,450,6450,0.270,18.5,true,250,false
3550,3850,0,6,12,true,-300,6450,0.030,357.8,false,0,false
4350,4250,800,1,13,true,100,5650,0.662,-510.9,true,800,false
4550,4250,200,4,14,true,300,5450,0.152,111.0,true,200,false
4550,5250,100,5,15,true,-700,5450,0.079,219.8,false,100,false
4800,5250,250,3,15,true,-450,5200,0.270,21.1,true,250,false
5000,5550,200,3,16,true,-550,5000,0.270,27.4,true,200,false
5300,6550,300,2,17,true,-1250,4700,0.449,-84.0,true,300,false
5300,6950,50,5,18,true,-1650,4700,0.079,218.9,false,50,false
5300,6950,100,4,18,true,-1650,4700,0.152,131.7,false,50,false
5650,6950,350,1,18,true,-1300,4350,0.662,-203.2,true,350,false
5800,7200,150,4,19,true,-1400,4200,0.152,120.7,true,150,false
6200,7450,400,3,20,true,-1250,3800,0.270,-26.1,true,400,false
6400,7450,200,4,21,true,-1050,3600,0.152,113.8,true,200,false
6700,7850,300,2,22,true,-1150,3300,0.449,-84.7,true,300,false
6900,8050,200,3,23,true,-1150,3100,0.270,27.3,true,200,false
7300,8300,400,3,24,true,-1000,2700,0.270,-24.0,true,400,false
7700,9350,400,3,25,true,-1650,2300,0.270,-32.1,true,400,false
7700,9800,50,5,26,true,-2100,2300,0.079,214.6,false,50,false
7700,9800,50,5,26,true,-2100,2300,0.079,226.1,false,-50,false
7950,9900,250,3,27,true,-1950,2050,0.270,17.9,true,250,false
8100,9950,150,4,28,true,-1850,1900,0.152,117.8,true,150,false
8450,9950,350,1,29,true,-1500,1550,0.662,-211.6,true,350,false
8450,9950,100,4,30,true,-1500,1550,0.152,127.5,false,100,false
8450,9950,100,4,30,true,-1500,1550,0.152,125.0,false,-100,false
8600,9950,150,4,31,true,-1350,1400,0.152,123.2,true,150,false
0,0,500,2,1,false,0,10000,0.449,-171.9,false,500,false
0,0,500,2,1,false,0,10000,0.449,-169.6,false,-500,false
0,0,200,3,2,false,0,10000,0.270,30.5,false,200,false
0,0,200,3,2,false,0,10000,0.270,34.2,false,-200,false
0,0,450,2,3,false,0,10000,0.449,-149.3,false,450,false
0,0,500,1,3,false,0,10000,0.662,-312.0,false,50,false
0,0,500,1,3,false,0,10000,0.662,-304.5,false,-500,false
0,2500,200,3,4,false,-2500,10000,0.270,30.1,false,200,false
0,2500,400,1,4,false,-2500,10000,0.662,-245.9,false,200,false
0,2500,400,1,4,false,-2500,10000,0.662,-240.9,false,-400,false
0,2700,400,2,5,false,-2700,10000,0.449,-125.6,false,400,false
0,2700,450,1,5,false,-2700,10000,0.662,-280.2,false,50,false
0,2700,450,1,5,false,-2700,10000,0.662,-273.9,false,-450,false
0,3000,150,4,6,false,-3000,10000,0.152,121.8,false,150,false
0,3000,200,3,6,false,-3000,10000,0.270,32.0,false,50,false
0,3000,350,1,6,false,-3000,10000,0.662,-209.4,false,150,false
0,3000,400,6,6,false,-3000,10000,0.030,348.8,false,50,false
0,3000,1050,2,6,true,-3000,10000,0.449,-417.6,true,1050,false
0,3500,0,6,7,true,-3500,10000,0.030,353.3,false,0,false
300,3800,300,2,8,true,-3500,9700,0.449,-82.5,true,300,false
300,4050,0,6,9,true,-3750,9700,0.030,353.2,false,0,false
600,5050,300,1,10,true,-4450,9400,0.662,-169.8,true,300,false
600,5750,50,5,11,true,-5150,9400,0.079,220.8,false,50,false
850,5750,250,2,11,true,-4900,9150,0.449,-62.8,true,250,false
1200,5900,350,2,12,true,-4700,8800,0.449,-109.1,true,350,false
1400,5900,200,3,13,true,-4500,8600,0.270,29.3,true,200,false
1400,6100,50,5,14,true,-4700,8600,0.079,222.2,false,50,false
2150,6100,750,1,14,true,-3950,7850,0.662,-484.0,true,750,false
2150,6100,200,4,15,true,-3950,7850,0.152,115.5,false,200,false
2150,6100,200,4,15,true,-3950,7850,0.152,115.1,false,-200,false
2450,6300,300,2,16,true,-3850,7550,0.449,-78.3,true,300,false
3950,6550,1500,6,17,true,-2600,6050,0.030,314.2,true,1500,false
3950,6800,100,5,18,true,-2850,6050,0.079,218.0,false,100,false
4250,6800,300,2,18,true,-2550,5750,0.449,-83.6,true,300,false
4250,7050,200,4,19,true,-2800,5750,0.152,112.0,false,200,false
4550,7050,300,3,19,true,-2500,5450,0.270,1.9,true,300,false
4750,7200,200,3,20,true,-2450,5250,0.270,34.9,true,200,false
4750,7700,100,4,21,true,-2950,5250,0.152,134.3,false,100,false
4900,7700,150,3,21,true,-2800,5100,0.270,46.1,true,150,false
5500,8000,600,2,22,true,-2500,4500,0.449,-216.9,true,600,false
5750,8000,250,3,23,true,-2250,4250,0.270,16.7,true,250,false
5750,8650,200,4,24,true,-2900,4250,0.152,115.9,false,200,false
6050,8650,300,3,24,true,-2600,3950,0.270,4.5,true,300,false
6050,9300,200,4,25,true,-3250,3950,0.152,116.2,false,200,false
6300,9300,250,3,25,true,-3000,3700,0.270,24.1,true,250,false
6300,9400,150,4,26,true,-3100,3700,0.152,115.8,false,150,false
6550,9400,250,3,26,true,-2850,3450,0.270,16.8,true,250,false
6550,9800,100,4,27,true,-3250,3450,0.152,127.6,false,100,false
6750,9800,200,3,27,true,-3050,3250,0.270,34.4,true,200,false
6950,9950,200,3,28,true,-3000,3050,0.270,32.3,true,200,false
7150,9950,200,3,29,true,-2800,2850,0.270,27.1,true,200,false
7150,9950,50,5,30,true,-2800,2850,0.079,217.8,false,50,false
7350,9950,200,3,30,true,-2600,2650,0.270,35.1,true,200,false
8350,9950,1000,3,31,true,-1600,1650,0.270,-194.0,true,1000,false
8550,9950,200,3,32,true,-1400,1450,0.270,29.6,true,200,false
8850,9950,300,2,33,true,-1100,1150,0.449,-87.7,true,300,false
8900,9950,50,5,34,true,-1050,1100,0.079,221.3,true,50,false
9100,9950,200,4,35,true,-850,900,0.152,111.6,true,200,false
9350,9950,250,3,36,true,-600,650,0.270,14.7,true,250,false
9350,9950,1050,2,37,true,-600,650,0.449,-413.3,true,-1050,false
9350,9950,1500,6,38,true,-600,650,0.030,312.4,true,-1500,false
9350,9950,700,1,39,true,-600,650,0.662,-435.6,true,-700,false
9350,9950,1050,2,40,true,-600,650,0.449,-430.3,true,-1050,false
9350,9950,1500,6,41,true,-600,650,0.030,310.2,true,-1500,false
9650,9950,300,2,42,true,-300,350,0.449,-80.1,true,300,false
9750,9950,100,5,43,true,-200,250,0.079,216.3,true,100,false
9950,9950,200,3,44,true,0,50,0.270,32.4,true,200,false
9950,9950,600,2,45,true,0,50,0.449,-216.7,true,-600,false
9950,9950,1000,3,46,true,0,50,0.270,-198.9,true,-1000,false
9950,9950,1000,3,47,true,0,50,0.270,-191.0,true,-1000,false
9950,9950,150,4,48,true,0,50,0.152,120.8,true,-150,false
0,0,50,5,1,false,0,10000,0.079,225.8,false,50,true
0,0,700,1,1,false,0,10000,0.662,-452.8,false,650,true
0,0,700,1,1,false,0,10000,0.662,-436.2,false,-700,true
0,0,2000,2,2,true,0,10000,0.449,-857.0,true,2000,true
0,0,100,4,3,true,0,10000,0.152,131.7,false,100,true
0,0,400,6,3,true,0,10000,0.030,347.0,false,300,true
2500,0,2500,6,3,true,2500,7500,0.030,276.8,true,2500,true
2500,0,50,5,4,true,2500,7500,0.079,225.5,false,50,true
2700,0,200,3,4,true,2700,7300,0.270,29.4,true,200,true
2700,0,150,4,5,true,2700,7300,0.152,124.3,false,150,true
3000,0,300,2,5,true,3000,7000,0.449,-81.5,true,300,true
3500,0,500,1,6,true,3500,6500,0.662,-309.5,true,500,true
3800,0,300,2,7,true,3800,6200,0.449,-85.6,true,300,true
3800,300,100,5,8,true,3500,6200,0.079,215.2,false,100,true
3800,300,150,4,8,true,3500,6200,0.152,124.1,false,50,true
4050,300,250,3,8,true,3750,5950,0.270,20.1,true,250,true
5050,300,1000,3,9,true,4750,4950,0.270,-201.1,true,1000,true
5750,600,700,1,10,true,5150,4250,0.662,-435.1,true,700,true
5900,850,150,4,11,true,5050,4100,0.152,113.0,true,150,true
5900,1200,0,6,12,true,4700,4100,0.030,356.8,false,0,true
6100,1400,200,4,13,true,4700,3900,0.152,110.1,true,200,true
6100,2150,0,6,14,true,3950,3900,0.030,352.5,false,0,true
6300,2150,200,3,15,true,4150,3700,0.270,32.7,true,200,true
6550,2450,250,3,16,true,4100,3450,0.270,16.0,true,250,true
6550,3950,150,4,17,true,2600,3450,0.152,116.6,false,150,true
6800,3950,250,3,17,true,2850,3200,0.270,15.6,true,250,true
6800,4250,150,4,18,true,2550,3200,0.152,122.2,false,150,true
7050,4250,250,3,18,true,2800,2950,0.270,15.2,true,250,true
7050,4550,100,4,19,true,2500,2950,0.152,125.9,false,100,true
7200,4550,150,3,19,true,2650,2800,0.270,45.4,true,150,true
7700,4750,500,2,20,true,2950,2300,0.449,-169.0,true,500,true
8000,4900,300,3,21,true,3100,2000,0.270,1.9,true,300,true
8000,5500,150,4,22,true,2500,2000,0.152,115.3,false,150,true
8000,5500,150,4,22,true,2500,2000,0.152,116.2,false,-150,true
8650,5750,650,2,23,true,2900,1350,0.449,-230.4,true,650,true
9300,6050,650,2,24,true,3250,700,0.449,-249.4,true,650,true
9400,6300,100,4,25,true,3100,600,0.152,130.2,true,100,true
9800,6550,400,3,26,true,3250,200,0.270,-19.9,true,400,true
9950,6750,150,4,27,true,3200,50,0.152,118.2,true,150,true
9950,6950,200,4,28,true,3000,50,0.152,112.4,true,-200,true
9950,7150,250,3,29,true,2800,50,0.270,15.0,true,-250,true
9950,7350,300,2,30,true,2600,50,0.449,-80.1,true,-300,true
9950,8350,1000,3,31,true,1600,50,0.270,-199.2,true,-1000,true
9950,8550,200,3,32,true,1400,50,0.270,34.7,true,-200,true
9950,8850,200,3,33,true,1100,50,0.270,26.6,true,-200,true
9950,8900,550,1,34,true,1050,50,0.662,-336.6,true,-550,true
9950,9100,1000,3,35,true,850,50,0.270,-186.4,true,-1000,true
9950,9350,400,2,36,true,600,50,0.449,-127.2,true,-400,true
9950,9350,1000,2,37,true,600,50,0.449,-395.0,true,-1000,true
9950,9350,100,5,38,true,600,50,0.079,219.0,true,-100,true
9950,9350,200,4,39,true,600,50,0.152,109.9,true,-200,true
9950,9350,650,2,40,true,600,50,0.449,-247.4,true,-650,true
9950,9350,300,2,41,true,600,50,0.449,-81.5,true,-300,true
9950,9650,250,2,42,true,300,50,0.449,-62.6,true,-250,true
9950,9750,150,4,43,true,200,50,0.152,122.2,true,-150,true
9950,9950,700,1,44,true,0,50,0.662,-433.3,true,-700,true
9950,9950,100,4,45,true,0,50,0.152,127.7,true,-100,true
9950,9950,600,2,46,true,0,50,0.449,-218.0,true,-600,true
9950,9950,250,3,47,true,0,50,0.270,21.6,true,-250,true
10000,9950,50,5,48,true,50,0,0.079,219.9,true,50,true
0,0,0,6,1,false,0,10000,0.030,363.5,false,0,false
0,0,1500,6,2,true,0,10000,0.030,325.3,true,1500,false
750,250,750,1,3,true,500,9250,0.662,-471.0,true,750,false
750,1300,150,4,4,true,-550,9250,0.152,124.1,false,150,false
750,1300,150,4,4,true,-550,9250,0.152,119.2,false,-150,false
750,1600,50,5,5,true,-850,9250,0.079,226.5,false,50,false
1300,1600,550,2,5,true,-300,8700,0.449,-201.1,true,550,false
1300,1800,150,4,6,true,-500,8700,0.152,117.3,false,150,false
1550,1800,250,3,6,true,-250,8450,0.270,17.7,true,250,false
1550,2000,100,5,7,true,-450,8450,0.079,217.0,false,100,false
2050,2000,500,1,7,true,50,7950,0.662,-306.9,true,500,false
3350,2500,1300,1,8,true,850,6650,0.662,-836.0,true,1300,false
3600,2700,250,3,9,true,900,6400,0.270,17.2,true,250,false
3850,3700,250,3,10,true,150,6150,0.270,16.7,true,250,false
3850,4100,0,6,11,true,-250,6150,0.030,370.3,false,0,false
3850,4350,150,4,12,true,-500,6150,0.152,119.4,false,150,false
4150,4350,300,2,12,true,-200,5850,0.449,-87.6,true,300,false
4350,4600,200,3,13,true,-250,5650,0.270,33.3,true,200,false
4350,5000,150,4,14,true,-650,5650,0.152,123.2,false,150,false
4550,5000,200,3,14,true,-450,5450,0.270,32.6,true,200,false
5250,5200,700,2,15,true,50,4750,0.449,-257.6,true,700,false
5250,5350,100,4,16,true,-100,4750,0.152,129.5,false,100,false
5450,5350,200,3,16,true,100,4550,0.270,32.2,true,200,false
5750,5500,300,2,17,true,250,4250,0.449,-84.8,true,300,false
5950,6500,200,3,18,true,-550,4050,0.270,29.9,true,200,false
6150,6500,200,3,19,true,-350,3850,0.270,30.3,true,200,false
6150,6650,50,5,20,true,-500,3850,0.079,224.9,false,50,false
6350,6650,200,3,20,true,-300,3650,0.270,30.4,true,200,false
6700,6800,350,2,21,true,-100,3300,0.449,-101.9,true,350,false
6700,7000,100,5,22,true,-300,3300,0.079,217.9,false,100,false
6950,7000,250,3,22,true,-50,3050,0.270,13.9,true,250,false
7550,7800,600,3,23,true,-250,2450,0.270,-80.6,true,600,false
7550,8950,100,5,24,true,-1400,2450,0.079,217.7,false,100,false
7800,8950,250,3,24,true,-1150,2200,0.270,20.8,true,250,false
8000,9550,200,3,25,true,-1550,2000,0.270,31.9,true,200,false
8000,9850,150,4,26,true,-1850,2000,0.152,119.0,false,150,false
8850,9850,850,6,26,true,-1000,1150,0.030,327.9,true,850,false
0,0,50,5,1,false,0,10000,0.079,214.2,false,50,true
0,0,1050,2,1,true,0,10000,0.449,-429.3,true,1050,true
250,0,250,3,2,true,250,9750,0.270,14.7,true,250,true
1300,750,1050,2,3,true,550,8700,0.449,-424.9,true,1050,true
1600,750,300,2,4,true,850,8400,0.449,-84.5,true,300,true
1800,1300,200,4,5,true,500,8200,0.152,111.8,true,200,true
2000,1550,200,3,6,true,450,8000,0.270,29.1,true,200,true
2500,2050,500,1,7,true,450,7500,0.662,-304.1,true,500,true
2500,3350,50,5,8,true,-850,7500,0.079,222.5,false,50,true
2700,3350,200,3,8,true,-650,7300,0.270,31.0,true,200,true
3700,3600,1000,3,9,true,100,6300,0.270,-191.5,true,1000,true
4100,3850,400,3,10,true,250,5900,0.270,-22.6,true,400,true
4350,3850,250,2,11,true,500,5650,0.449,-58.2,true,250,true
4350,4150,100,5,12,true,200,5650,0.079,220.7,false,100,true
4600,4150,250,3,12,true,450,5400,0.270,17.0,true,250,true
5000,4350,400,1,13,true,650,5000,0.662,-247.5,true,400,true
5200,4550,200,3,14,true,650,4800,0.270,33.1,true,200,true
5350,5250,150,4,15,true,100,4650,0.152,120.4,true,150,true
5350,5450,100,4,16,true,-100,4650,0.152,132.7,false,100,true
5500,5450,150,3,16,true,50,4500,0.270,40.0,true,150,true
6500,5750,1000,3,17,true,750,3500,0.270,-203.3,true,1000,true
6500,5950,50,5,18,true,550,3500,0.079,222.8,false,50,true
6500,5950,50,5,18,true,550,3500,0.079,223.6,false,-50,true
6650,6150,150,4,19,true,500,3350,0.152,118.4,true,150,true
6800,6350,150,4,20,true,450,3200,0.152,121.7,true,150,true
7000,6700,200,4,21,true,300,3000,0.152,114.2,true,200,true
7800,6950,800,1,22,true,850,2200,0.662,-511.4,true,800,true
7800,7550,100,4,23,true,250,2200,0.152,127.7,false,100,true
8950,7550,1150,6,23,true,1400,1050,0.030,320.7,true,1150,true
9550,7800,600,3,24,true,1750,450,0.270,-74.7,true,600,true
9850,8000,300,3,25,true,1850,150,0.270,1.4,true,300,true
10000,8850,150,4,26,true,1150,0,0.152,117.5,true,150,true
0,0,50,5,1,false,0,10000,0.079,222.4,false,50,true
0,0,150,3,1,false,0,10000,0.270,42.2,false,100,true
0,0,250,2,1,false,0,10000,0.449,-58.3,false,100,true
0,0,250,2,1,false,0,10000,0.449,-58.0,false,-250,true
0,0,150,4,2,false,0,10000,0.152,117.6,false,150,true
0,0,300,2,2,false,0,10000,0.449,-79.9,false,150,true
0,0,300,2,2,false,0,10000,0.449,-82.6,false,-300,true
0,150,250,3,3,false,-150,10000,0.270,19.9,false,250,true
0,150,400,1,3,false,-150,10000,0.662,-244.2,false,150,true
0,150,450,6,3,false,-150,10000,0.030,343.5,false,50,true
0,150,550,5,3,false,-150,10000,0.079,189.5,false,100,true
0,150,600,4,3,false,-150,10000,0.152,50.7,false,50,true
0,150,750,2,3,false,-150,10000,0.449,-279.6,false,150,true
0,150,850,1,3,false,-150,10000,0.662,-542.9,false,100,true
0,150,850,1,3,false,-150,10000,0.662,-534.3,false,-850,true
0,450,100,4,4,false,-450,10000,0.152,123.9,false,100,true
0,450,100,4,4,false,-450,10000,0.152,129.8,false,-100,true
0,650,1000,3,5,true,-650,10000,0.270,-194.9,true,1000,true
500,1100,500,3,6,true,-600,9500,0.270,-52.3,true,500,true
1000,1350,500,1,7,true,-350,9000,0.662,-308.2,true,500,true
1000,1500,150,4,8,true,-500,9000,0.152,121.0,false,150,true
1200,1500,200,3,8,true,-300,8800,0.270,30.7,true,200,true
1200,1700,150,4,9,true,-500,8800,0.152,116.6,false,150,true
2050,1700,850,6,9,true,350,7950,0.030,325.3,true,850,true
2050,2500,0,6,10,true,-450,7950,0.030,354.3,false,0,true
2750,2750,700,1,11,true,0,7250,0.662,-450.8,true,700,true
2950,3350,200,3,12,true,-400,7050,0.270,30.6,true,200,true
3200,4300,250,3,13,true,-1100,6800,0.270,16.9,true,250,true
3900,4600,700,2,14,true,-700,6100,0.449,-265.6,true,700,true
4600,4750,700,2,15,true,-150,5400,0.449,-264.1,true,700,true
4850,5350,250,3,16,true,-500,5150,0.270,16.7,true,250,true
6350,5650,1500,6,17,true,700,3650,0.030,306.5,true,1500,true
6550,5900,200,3,18,true,650,3450,0.270,29.8,true,200,true
6900,6900,350,1,19,true,0,3100,0.662,-210.3,true,350,true
6900,7150,100,5,20,true,-250,3100,0.079,216.0,false,100,true
6900,7150,200,4,20,true,-250,3100,0.152,108.9,false,100,true
7300,7150,400,1,20,true,150,2700,0.662,-243.0,true,400,true
7300,7900,100,5,21,true,-600,2700,0.079,216.5,false,100,true
7300,7900,200,4,21,true,-600,2700,0.152,111.9,false,100,true
7600,7900,300,3,21,true,-300,2400,0.270,1.8,true,300,true
9100,8200,1500,6,22,true,900,900,0.030,324.5,true,1500,true
9250,8400,150,4,23,true,850,750,0.152,119.0,true,150,true
9300,8950,50,5,24,true,350,700,0.079,226.7,true,50,true
9400,9300,100,5,25,true,100,600,0.079,217.4,true,100,true
9800,9500,400,3,26,true,300,200,0.270,-17.7,true,400,true
9900,9950,100,4,27,true,-50,100,0.152,131.0,true,100,true
9900,9950,650,2,28,true,-50,100,0.449,-241.1,true,-650,true
9900,9950,250,3,29,true,-50,100,0.270,19.7,true,-250,true
9950,9950,50,5,30,true,0,50,0.079,216.6,true,50,true
9950,9950,650,2,31,true,0,50,0.449,-231.9,true,-650,true
10000,9950,50,5,32,true,50,0,0.079,213.1,true,50,true
0,0,2000,2,1,true,0,10000,0.449,-844.3,true,2000,false
0,0,100,5,2,true,0,10000,0.079,211.9,false,100,false
150,0,150,4,2,true,150,9850,0.152,123.9,true,150,false
150,0,100,4,3,true,150,9850,0.152,126.6,false,100,false
450,0,300,1,3,true,450,9550,0.662,-174.2,true,300,false
650,0,200,3,4,true,650,9350,0.270,35.0,true,200,false
1100,0,450,1,5,true,1100,8900,0.662,-273.2,true,450,false
1100,500,150,4,6,true,600,8900,0.152,117.4,false,150,false
1350,500,250,3,6,true,850,8650,0.270,17.5,true,250,false
1500,1000,150,4,7,true,500,8500,0.152,121.3,true,150,false
1700,1200,200,3,8,true,500,8300,0.270,33.1,true,200,false
2500,2050,800,1,9,true,450,7500,0.662,-503.2,true,800,false
2750,2050,250,3,10,true,700,7250,0.270,17.4,true,250,false
3350,2750,600,2,11,true,600,6650,0.449,-209.8,true,600,false
4300,2950,950,6,12,true,1350,5700,0.030,330.9,true,950,false
4300,3200,100,4,13,true,1100,5700,0.152,122.5,false,100,false
4600,3200,300,1,13,true,1400,5400,0.662,-174.4,true,300,false
4750,3900,150,4,14,true,850,5250,0.152,119.1,true,150,false
5350,4600,600,2,15,true,750,4650,0.449,-218.3,true,600,false
5650,4850,300,2,16,true,800,4350,0.449,-81.1,true,300,false
5900,6350,250,3,17,true,-450,4100,0.270,18.9,true,250,false
6900,6550,1000,2,18,true,350,3100,0.449,-408.6,true,1000,false
6900,6900,100,5,19,true,0,3100,0.079,226.0,false,100,false
7150,6900,250,3,19,true,250,2850,0.270,18.6,true,250,false
7900,7300,750,1,20,true,600,2100,0.662,-481.8,true,750,false
8200,7600,300,2,21,true,600,1800,0.449,-81.9,true,300,false
8400,9100,200,3,22,true,-700,1600,0.270,27.4,true,200,false
8950,9250,550,1,23,true,-300,1050,0.662,-335.6,true,550,false
9300,9300,350,1,24,true,0,700,0.662,-205.3,true,350,false
9500,9400,200,4,25,true,100,500,0.152,112.3,true,200,false
9950,9800,450,2,26,true,150,50,0.449,-149.0,true,450,false
9950,9900,100,5,27,true,50,50,0.079,217.5,true,-100,false
9950,9900,150,4,28,true,50,50,0.152,122.1,true,-150,false
9950,9900,100,5,29,true,50,50,0.079,220.5,true,-100,false
9950,9950,200,4,30,true,0,50,0.152,109.5,true,-200,false
9950,9950,1400,6,31,true,0,50,0.030,311.3,true,-1400,false
0,0,250,3,1,false,0,10000,0.270,19.5,false,250,false
0,0,250,3,1,false,0,10000,0.270,15.1,false,-250,false
0,0,250,3,2,false,0,10000,0.270,15.7,false,250,false
0,0,250,3,2,false,0,10000,0.270,18.2,false,-250,false
0,0,100,5,3,false,0,10000,0.079,214.0,false,100,false
0,0,1150,1,3,true,0,10000,0.662,-745.3,true,1150,false
0,0,150,4,4,true,0,10000,0.152,122.9,false,150,false
0,0,150,4,4,true,0,10000,0.152,117.4,false,-150,false
1500,500,1500,6,5,true,1000,8500,0.030,296.7,true,1500,false
1700,1500,200,3,6,true,200,8300,0.270,30.6,true,200,false
2100,1700,400,2,7,true,400,7900,0.449,-130.5,true,400,false
2100,2450,50,5,8,true,-350,7900,0.079,219.4,false,50,false
2250,2450,150,3,8,true,-200,7750,0.270,45.3,true,150,false
3250,2900,1000,2,9,true,350,6750,0.449,-405.7,true,1000,false
3550,3150,300,2,10,true,400,6450,0.449,-79.5,true,300,false
3800,3150,250,3,11,true,650,6200,0.270,13.1,true,250,false
3800,3850,50,5,12,true,-50,6200,0.079,226.9,false,50,false
3950,3850,150,3,12,true,100,6050,0.270,46.1,true,150,false
3950,4000,50,5,13,true,-50,6050,0.079,222.7,false,50,false
4200,4000,250,2,13,true,200,5800,0.449,-61.8,true,250,false
4500,4200,300,3,14,true,300,5500,0.270,2.6,true,300,false
5200,4850,700,2,15,true,350,4800,0.449,-260.8,true,700,false
5400,5000,200,3,16,true,400,4600,0.270,31.5,true,200,false
5400,5200,100,4,17,true,200,4600,0.152,124.8,false,100,false
6000,5200,600,1,17,true,800,4000,0.662,-367.3,true,600,false
6400,5350,400,2,18,true,1050,3600,0.449,-130.5,true,400,false
6900,5800,500,3,19,true,1100,3100,0.270,-50.8,true,500,false
7100,6000,200,3,20,true,1100,2900,0.270,33.3,true,200,false
7450,6200,350,1,21,true,1250,2550,0.662,-208.3,true,350,false
8500,7250,1050,2,22,true,1250,1500,0.449,-404.8,true,1050,false
8500,8250,50,5,23,true,250,1500,0.079,221.5,false,50,false
8750,8250,250,3,23,true,500,1250,0.270,14.4,true,250,false
9150,9250,400,3,24,true,-100,850,0.270,-26.3,true,400,false
9250,9450,100,5,25,true,-200,750,0.079,219.5,true,100,false
9400,9650,150,4,26,true,-250,600,0.152,123.9,true,150,false
9500,9800,100,4,27,true,-300,500,0.152,131.2,true,100,false
9500,9800,550,6,28,true,-300,500,0.030,327.4,true,-550,false
9650,9800,150,4,29,true,-150,350,0.152,119.9,true,150,false
0,0,200,3,1,false,0,10000,0.270,28.0,false,200,true
0,0,250,2,1,false,0,10000,0.449,-54.8,false,50,true
0,0,350,1,1,false,0,10000,0.662,-212.8,false,100,true
0,0,450,6,1,false,0,10000,0.030,335.5,false,100,true
0,0,650,4,1,false,0,10000,0.152,45.7,false,200,true
0,0,750,3,1,false,0,10000,0.270,-121.8,false,100,true
0,0,750,3,1,false,0,10000,0.270,-126.5,false,-750,true
0,0,200,3,2,false,0,10000,0.270,27.2,false,200,true
0,0,350,1,2,false,0,10000,0.662,-213.5,false,150,true
0,0,350,1,2,false,0,10000,0.662,-207.8,false,-350,true
0,0,1050,2,3,true,0,10000,0.449,-422.2,true,1050,true
0,0,100,5,4,true,0,10000,0.079,216.6,false,100,true
500,0,500,6,4,true,500,9500,0.030,343.5,true,500,true
1500,1500,1000,3,5,true,0,8500,0.270,-184.2,true,1000,true
1700,1700,200,3,6,true,0,8300,0.270,34.3,true,200,true
2450,2100,750,1,7,true,350,7550,0.662,-476.0,true,750,true
2450,2250,150,4,8,true,200,7550,0.152,118.5,false,150,true
2900,2250,450,6,8,true,650,7100,0.030,336.7,true,450,true
3150,3250,250,3,9,true,-100,6850,0.270,21.2,true,250,true
3150,3550,0,6,10,true,-400,6850,0.030,363.9,false,0,true
3150,3800,100,5,11,true,-650,6850,0.079,213.4,false,100,true
3850,3800,700,6,11,true,50,6150,0.030,343.8,true,700,true
4000,3950,150,4,12,true,50,6000,0.152,125.4,true,150,true
4000,4200,150,4,13,true,-200,6000,0.152,122.0,false,150,true
4200,4200,200,3,13,true,0,5800,0.270,31.4,true,200,true
4200,4500,50,5,14,true,-300,5800,0.079,221.2,false,50,true
4850,4500,650,1,14,true,350,5150,0.662,-407.4,true,650,true
5000,5200,150,4,15,true,-200,5000,0.152,119.6,true,150,true
5200,5400,200,4,16,true,-200,4800,0.152,118.3,true,200,true
5200,6000,100,4,17,true,-800,4800,0.152,129.0,false,100,true
5350,6000,150,3,17,true,-650,4650,0.270,48.5,true,150,true
5800,6400,450,2,18,true,-600,4200,0.449,-152.7,true,450,true
6000,6900,200,3,19,true,-900,4000,0.270,33.0,true,200,true
6200,7100,200,4,20,true,-900,3800,0.152,113.5,true,200,true
7250,7450,1050,2,21,true,-200,2750,0.449,-418.0,true,1050,true
8250,8500,1000,3,22,true,-250,1750,0.270,-199.1,true,1000,true
9250,8750,1000,3,23,true,500,750,0.270,-191.9,true,1000,true
9450,9150,200,3,24,true,300,550,0.270,32.7,true,200,true
9650,9250,200,3,25,true,400,350,0.270,35.8,true,200,true
9800,9400,150,4,26,true,400,200,0.152,118.3,true,150,true
9800,9500,500,1,27,true,300,200,0.662,-309.8,true,-500,true
9800,9500,300,1,28,true,300,200,0.662,-176.7,true,-300,true
10000,9650,200,4,29,true,350,0,0.152,108.3,true,200,true
0,0,150,4,1,false,0,10000,0.152,119.2,false,150,true
0,0,250,3,1,false,0,10000,0.270,16.4,false,100,true
0,0,500,6,1,false,0,10000,0.030,343.8,false,250,true
0,0,750,2,1,false,0,10000,0.449,-283.7,false,250,true
0,0,800,1,1,false,0,10000,0.662,-509.8,false,50,true
0,0,800,1,1,false,0,10000,0.662,-519.1,false,-800,true
0,0,600,2,2,false,0,10000,0.449,-210.2,false,600,true
0,0,750,6,2,false,0,10000,0.030,332.8,false,150,true
0,0,950,3,2,false,0,10000,0.270,-167.6,false,200,true
0,0,1100,1,2,true,0,10000,0.662,-723.4,true,1100,true
0,0,100,5,3,true,0,10000,0.079,217.6,false,100,true
0,0,100,5,3,true,0,10000,0.079,213.1,false,-100,true
0,0,100,5,4,true,0,10000,0.079,213.4,false,100,true
0,0,100,5,4,true,0,10000,0.079,216.1,false,-100,true
0,0,200,4,5,true,0,10000,0.152,107.9,false,200,true
250,0,250,3,5,true,250,9750,0.270,14.6,true,250,true
500,400,250,3,6,true,100,9500,0.270,17.5,true,250,true
1050,650,550,1,7,true,400,8950,0.662,-337.6,true,550,true
1050,800,150,4,8,true,250,8950,0.152,119.5,false,150,true
1050,800,150,4,8,true,250,8950,0.152,118.3,false,-150,true
1750,1250,700,2,9,true,500,8250,0.449,-257.2,true,700,true
1750,1450,200,4,10,true,300,8250,0.152,109.5,false,200,true
2050,1450,300,3,10,true,600,7950,0.270,5.7,true,300,true
2500,1650,450,1,11,true,850,7500,0.662,-277.2,true,450,true
2500,2150,100,5,12,true,350,7500,0.079,221.7,false,100,true
2500,2150,100,5,12,true,350,7500,0.079,215.3,false,-100,true
3500,2350,1000,3,13,true,1150,6500,0.270,-190.3,true,1000,true
3500,2550,0,6,14,true,950,6500,0.030,359.6,false,0,true
3500,2800,150,4,15,true,700,6500,0.152,119.5,false,150,true
3750,2800,250,3,15,true,950,6250,0.270,14.0,true,250,true
4250,2950,500,3,16,true,1300,5750,0.270,-50.2,true,500,true
4250,3600,50,5,17,true,650,5750,0.079,219.7,false,50,true
4550,3600,300,2,17,true,950,5450,0.449,-84.7,true,300,true
4550,5100,100,5,18,true,-550,5450,0.079,216.5,false,100,true
5150,5100,600,2,18,true,50,4850,0.449,-225.1,true,600,true
5350,5350,200,3,19,true,0,4650,0.270,30.9,true,200,true
5600,5750,250,3,20,true,-150,4400,0.270,12.7,true,250,true
5850,6000,250,3,21,true,-150,4150,0.270,16.2,true,250,true
6150,6600,300,2,22,true,-450,3850,0.449,-83.7,true,300,true
6350,6800,200,3,23,true,-450,3650,0.270,28.4,true,200,true
6950,7400,600,3,24,true,-450,3050,0.270,-84.3,true,600,true
7200,7600,250,3,25,true,-400,2800,0.270,15.1,true,250,true
7850,7800,650,2,26,true,50,2150,0.449,-238.2,true,650,true
8450,8150,600,2,27,true,300,1550,0.449,-210.1,true,600,true
9500,8400,1050,2,28,true,1100,500,0.449,-417.9,true,1050,true
9600,9000,100,4,29,true,600,400,0.152,126.4,true,100,true
9700,9700,100,5,30,true,0,300,0.079,222.6,true,100,true
9750,9700,50,5,31,true,50,250,0.079,218.6,true,50,true
9900,9700,150,4,32,true,200,100,0.152,126.9,true,150,true
9900,9850,500,2,33,true,50,100,0.449,-172.9,true,-500,true
10000,9850,100,4,34,true,150,0,0.152,127.4,true,100,true
0,0,200,3,1,false,0,10000,0.270,37.7,false,200,false
0,0,300,2,1,false,0,10000,0.449,-86.3,false,100,false
0,0,400,1,1,false,0,10000,0.662,-246.0,false,100,false
0,0,400,1,1,false,0,10000,0.662,-239.3,false,-400,false
0,0,300,2,2,false,0,10000,0.449,-84.2,false,300,false
0,0,450,6,2,false,0,10000,0.030,339.9,false,150,false
0,0,600,4,2,false,0,10000,0.152,55.8,false,150,false
0,0,750,2,2,false,0,10000,0.449,-280.7,false,150,false
0,0,750,2,2,false,0,10000,0.449,-283.3,false,-750,false
0,0,0,6,3,false,0,10000,0.030,366.7,false,0,false
0,0,150,4,4,false,0,10000,0.152,120.6,false,150,false
0,0,350,2,4,false,0,10000,0.449,-108.0,false,200,false
0,0,450,1,4,false,0,10000,0.662,-274.3,false,100,false
0,0,500,6,4,false,0,10000,0.030,348.1,false,50,false
0,0,900,3,4,false,0,10000,0.270,-166.4,false,400,false
0,0,950,2,4,false,0,10000,0.449,-376.0,false,50,false
0,0,1000,1,4,true,0,10000,0.662,-629.5,true,1000,false
400,250,400,2,5,true,150,9600,0.449,-136.5,true,400,false
400,500,50,5,6,true,-100,9600,0.079,220.1,false,50,false
650,500,250,2,6,true,150,9350,0.449,-57.0,true,250,false
800,1050,150,4,7,true,-250,9200,0.152,117.6,true,150,false
1250,1050,450,2,8,true,200,8750,0.449,-152.5,true,450,false
1450,1750,200,4,9,true,-300,8550,0.152,113.7,true,200,false
1650,2050,200,4,10,true,-400,8350,0.152,115.0,true,200,false
1650,2500,50,5,11,true,-850,8350,0.079,223.5,false,50,false
1650,2500,100,4,11,true,-850,8350,0.152,129.1,false,50,false
2150,2500,500,1,11,true,-350,7850,0.662,-306.6,true,500,false
2350,2500,200,3,12,true,-150,7650,0.270,30.3,true,200,false
2550,3500,200,3,13,true,-950,7450,0.270,34.1,true,200,false
2800,3500,250,3,14,true,-700,7200,0.270,12.4,true,250,false
2950,3750,150,4,15,true,-800,7050,0.152,111.2,true,150,false
3600,4250,650,6,16,true,-650,6400,0.030,345.3,true,650,false
5100,4550,1500,6,17,true,550,4900,0.030,315.3,true,1500,false
5350,5150,250,3,18,true,200,4650,0.270,14.8,true,250,false
5750,5350,400,1,19,true,400,4250,0.662,-238.4,true,400,false
5750,5600,100,5,20,true,150,4250,0.079,219.7,false,100,false
6000,5600,250,3,20,true,400,4000,0.270,17.1,true,250,false
6600,5850,600,2,21,true,750,3400,0.449,-209.5,true,600,false
6600,6150,100,4,22,true,450,3400,0.152,130.3,false,100,false
6800,6150,200,3,22,true,650,3200,0.270,30.3,true,200,false
6800,6350,100,5,23,true,450,3200,0.079,216.8,false,100,false
7400,6350,600,2,23,true,1050,2600,0.449,-208.9,true,600,false
7600,6950,200,3,24,true,650,2400,0.270,31.2,true,200,false
7800,7200,200,3,25,true,600,2200,0.270,31.1,true,200,false
7800,7850,150,4,26,true,-50,2200,0.152,124.9,false,150,false
8150,7850,350,2,26,true,300,1850,0.449,-101.7,true,350,false
8400,8450,250,3,27,true,-50,1600,0.270,18.0,true,250,false
9000,9500,600,2,28,true,-500,1000,0.449,-212.1,true,600,false
9700,9600,700,2,29,true,100,300,0.449,-267.7,true,700,false
9700,9700,700,2,30,true,0,300,0.449,-258.8,true,-700,false
9700,9750,600,2,31,true,-50,300,0.449,-216.9,true,-600,false
9850,9900,150,4,32,true,-50,150,0.152,115.5,true,150,false
9850,9900,0,6,33,true,-50,150,0.030,354.1,false,0,false
0,0,250,3,1,false,0,10000,0.270,14.8,false,250,false
0,0,300,2,1,false,0,10000,0.449,-81.3,false,50,false
0,0,400,6,1,false,0,10000,0.030,346.8,false,100,false
0,0,600,3,1,false,0,10000,0.270,-79.1,false,200,false
0,0,750,1,1,false,0,10000,0.662,-475.1,false,150,false
0,0,800,6,1,false,0,10000,0.030,334.5,false,50,false
0,0,900,5,1,false,0,10000,0.079,167.5,false,100,false
0,0,1100,2,1,true,0,10000,0.449,-452.2,true,1100,false
400,0,400,3,2,true,400,9600,0.270,-29.1,true,400,false
400,0,50,5,3,true,400,9600,0.079,217.5,false,50,false
600,0,200,3,3,true,600,9400,0.270,27.2,true,200,false
600,200,150,4,4,true,400,9400,0.152,120.6,false,150,false
1050,200,450,1,4,true,850,8950,0.662,-275.7,true,450,false
1350,200,300,1,5,true,1150,8650,0.662,-182.5,true,300,false
1650,400,300,2,6,true,1250,8350,0.449,-86.6,true,300,false
2850,700,1200,2,7,true,2150,7150,0.449,-478.2,true,1200,false
2850,950,100,5,8,true,1900,7150,0.079,214.9,false,100,false
2850,950,100,5,8,true,1900,7150,0.079,220.1,false,-100,false
2850,1150,150,4,9,true,1700,7150,0.152,118.8,false,150,false
2850,1150,150,4,9,true,1700,7150,0.152,121.8,false,-150,false
2850,1350,100,5,10,true,1500,7150,0.079,213.9,false,100,false
2850,1350,150,4,10,true,1500,7150,0.152,124.6,false,50,false
3100,1350,250,3,10,true,1750,6900,0.270,11.9,true,250,false
3100,1950,200,4,11,true,1150,6900,0.152,112.4,false,200,false
3450,1950,350,2,11,true,1500,6550,0.449,-103.5,true,350,false
4050,2950,600,2,12,true,1100,5950,0.449,-218.0,true,600,false
4250,3200,200,3,13,true,1050,5750,0.270,30.0,true,200,false
4250,4200,100,4,14,true,50,5750,0.152,128.3,false,100,false
4250,4200,100,4,14,true,50,5750,0.152,124.0,false,-100,false
4250,4400,150,4,15,true,-150,5750,0.152,119.6,false,150,false
4550,4400,300,2,15,true,150,5450,0.449,-85.5,true,300,false
4800,5200,250,2,16,true,-400,5200,0.449,-61.7,true,250,false
4800,5700,50,5,17,true,-900,5200,0.079,213.5,false,50,false
5000,5700,200,3,17,true,-700,5000,0.270,28.4,true,200,false
5350,6050,350,1,18,true,-700,4650,0.662,-209.7,true,350,false
5350,6350,100,4,19,true,-1000,4650,0.152,125.1,false,100,false
5550,6350,200,3,19,true,-800,4450,0.270,32.0,true,200,false
7050,6600,1500,6,20,true,450,2950,0.030,315.4,true,1500,false
7050,6800,150,4,21,true,250,2950,0.152,123.1,false,150,false
7300,6800,250,3,21,true,500,2700,0.270,18.1,true,250,false
7300,7300,150,4,22,true,0,2700,0.152,114.0,false,150,false
8450,7300,1150,1,22,true,1150,1550,0.662,-741.5,true,1150,false
8450,7500,0,6,23,true,950,1550,0.030,355.3,false,0,false
8700,7700,250,3,24,true,1000,1300,0.270,19.7,true,250,false
8800,8700,100,4,25,true,100,1200,0.152,127.4,true,100,false
9500,9200,700,2,26,true,300,500,0.449,-256.7,true,700,false
9500,9250,750,1,27,true,250,500,0.662,-475.4,true,-750,false
9900,9400,400,1,28,true,500,100,0.662,-242.1,true,400,false
9900,9600,250,3,29,true,300,100,0.270,20.1,true,-250,false
9900,9600,300,2,30,true,300,100,0.449,-82.7,true,-300,false
9900,9800,200,3,31,true,100,100,0.270,33.2,true,-200,false
9900,9850,200,4,32,true,50,100,0.152,117.2,true,-200,false
9900,9850,200,3,33,true,50,100,0.270,32.3,true,-200,false
0,0,300,2,1,false,0,10000,0.449,-82.9,false,300,true
0,0,400,1,1,false,0,10000,0.662,-237.1,false,100,true
0,0,400,1,1,false,0,10000,0.662,-236.5,false,-400,true
0,400,1000,2,2,true,-400,10000,0.449,-399.0,true,1000,true
200,600,200,3,3,true,-400,9800,0.270,32.3,true,200,true
200,1050,0,6,4,true,-850,9800,0.030,353.8,false,0,true
400,1350,200,3,5,true,-950,9600,0.270,28.2,true,200,true
700,1650,300,2,6,true,-950,9300,0.449,-83.0,true,300,true
700,2850,50,5,7,true,-2150,9300,0.079,224.0,false,50,true
700,2850,100,4,7,true,-2150,9300,0.152,128.5,false,50,true
950,2850,250,2,7,true,-1900,9050,0.449,-62.8,true,250,true
950,2850,100,5,8,true,-1900,9050,0.079,215.3,false,100,true
1150,2850,200,4,8,true,-1700,8850,0.152,112.6,true,200,true
1350,2850,200,3,9,true,-1500,8650,0.270,30.2,true,200,true
1950,3100,600,3,10,true,-1150,8050,0.270,-80.3,true,600,true
2950,3450,1000,3,11,true,-500,7050,0.270,-191.4,true,1000,true
2950,4050,50,5,12,true,-1100,7050,0.079,212.8,false,50,true
3200,4050,250,3,12,true,-850,6800,0.270,17.7,true,250,true
4200,4250,1000,3,13,true,-50,5800,0.270,-193.7,true,1000,true
4200,4250,100,4,14,true,-50,5800,0.152,131.3,false,100,true
4400,4250,200,3,14,true,150,5600,0.270,25.8,true,200,true
5200,4550,800,6,15,true,650,4800,0.030,339.0,true,800,true
5700,4800,500,3,16,true,900,4300,0.270,-46.3,true,500,true
5700,5000,100,4,17,true,700,4300,0.152,127.1,false,100,true
6050,5000,350,1,17,true,1050,3950,0.662,-211.7,true,350,true
6350,5350,300,3,18,true,1000,3650,0.270,2.2,true,300,true
6600,5550,250,2,19,true,1050,3400,0.449,-63.4,true,250,true
6600,7050,150,4,20,true,-450,3400,0.152,115.9,false,150,true
6800,7050,200,3,20,true,-250,3200,0.270,25.7,true,200,true
7300,7300,500,1,21,true,0,2700,0.662,-303.1,true,500,true
7300,8450,100,5,22,true,-1150,2700,0.079,221.3,false,100,true
7300,8450,150,4,22,true,-1150,2700,0.152,111.7,false,50,true
7500,8450,200,3,22,true,-950,2500,0.270,32.1,true,200,true
7700,8450,200,4,23,true,-750,2300,0.152,109.0,true,200,true
8700,8700,1000,3,24,true,0,1300,0.270,-183.3,true,1000,true
9200,8800,500,3,25,true,400,800,0.270,-51.7,true,500,true
9250,9500,50,5,26,true,-250,750,0.079,221.6,true,50,true
9400,9500,150,4,27,true,-100,600,0.152,124.2,true,150,true
9600,9900,200,4,28,true,-300,400,0.152,110.8,true,200,true
9600,9900,1000,3,29,true,-300,400,0.270,-181.8,true,-1000,true
9800,9900,200,4,30,true,-100,200,0.152,111.5,true,200,true
9850,9900,50,5,31,true,-50,150,0.079,222.2,true,50,true
9850,9900,200,4,32,true,-50,150,0.152,110.5,true,-200,true
10000,9900,150,4,33,true,100,0,0.152,120.5,true,150,true
0,0,300,1,1,false,0,10000,0.662,-172.6,false,300,false
0,0,300,1,1,false,0,10000,0.662,-176.5,false,-300,false
0,0,100,5,2,false,0,10000,0.079,216.4,false,100,false
0,0,350,2,2,false,0,10000,0.449,-106.9,false,250,false
0,0,400,1,2,false,0,10000,0.662,-243.7,false,50,false
0,0,400,1,2,false,0,10000,0.662,-246.0,false,-400,false
0,0,700,2,3,false,0,10000,0.449,-268.2,false,700,false
0,0,800,1,3,false,0,10000,0.662,-512.6,false,100,false
0,0,800,1,3,false,0,10000,0.662,-512.1,false,-800,false
0,0,250,3,4,false,0,10000,0.270,14.7,false,250,false
0,0,300,2,4,false,0,10000,0.449,-79.4,false,50,false
0,0,350,1,4,false,0,10000,0.662,-203.2,false,50,false
0,0,350,1,4,false,0,10000,0.662,-208.4,false,-350,false
0,250,1500,6,5,true,-250,10000,0.030,307.4,true,1500,false
700,1050,700,2,6,true,-350,9300,0.449,-263.4,true,700,false
1200,1350,500,3,7,true,-150,8800,0.270,-50.8,true,500,false
1450,1550,250,3,8,true,-100,8550,0.270,17.8,true,250,false
1700,3550,250,2,9,true,-1850,8300,0.449,-65.4,true,250,false
2200,5050,500,6,10,true,-2850,7800,0.030,346.3,true,500,false
2800,5650,600,3,11,true,-2850,7200,0.270,-77.0,true,600,false
2800,5800,150,4,12,true,-3000,7200,0.152,117.9,false,150,false
3200,5800,400,1,12,true,-2600,6800,0.662,-242.6,true,400,false
3200,6050,150,4,13,true,-2850,6800,0.152,120.8,false,150,false
3500,6050,300,2,13,true,-2550,6500,0.449,-79.6,true,300,false
4100,6250,600,2,14,true,-2150,5900,0.449,-210.4,true,600,false
4350,6700,250,3,15,true,-2350,5650,0.270,14.3,true,250,false
4750,7100,400,3,16,true,-2350,5250,0.270,-21.5,true,400,false
4750,7400,100,4,17,true,-2650,5250,0.152,125.9,false,100,false
4950,7400,200,3,17,true,-2450,5050,0.270,30.7,true,200,false
5450,7800,500,1,18,true,-2350,4550,0.662,-305.4,true,500,false
6500,8050,1050,2,19,true,-1550,3500,0.449,-426.0,true,1050,false
7750,8650,1250,1,20,true,-900,2250,0.662,-796.1,true,1250,false
7750,9650,100,4,21,true,-1900,2250,0.152,125.1,false,100,false
7750,9650,100,4,21,true,-1900,2250,0.152,128.0,false,-100,false
8800,9800,1050,2,22,true,-1000,1200,0.449,-421.6,true,1050,false
9150,9800,350,2,23,true,-650,850,0.449,-107.9,true,350,false
9250,9800,100,4,24,true,-550,750,0.152,128.5,true,100,false
9300,9850,50,5,25,true,-550,700,0.079,220.4,true,50,false
9300,9900,1000,3,26,true,-600,700,0.270,-196.8,true,-1000,false
0,0,50,5,1,false,0,10000,0.079,220.8,false,50,true
0,0,250,2,1,false,0,10000,0.449,-57.3,false,200,true
0,0,350,1,1,false,0,10000,0.662,-208.2,false,100,true
0,0,350,1,1,false,0,10000,0.662,-206.3,false,-350,true
0,0,500,1,2,false,0,10000,0.662,-312.5,false,500,true
0,0,500,1,2,false,0,10000,0.662,-304.5,false,-500,true
0,0,500,1,3,false,0,10000,0.662,-305.1,false,500,true
0,0,550,6,3,false,0,10000,0.030,350.1,false,50,true
0,0,650,5,3,false,0,10000,0.079,170.9,false,100,true
0,0,750,4,3,false,0,10000,0.152,24.3,false,100,true
0,0,850,2,3,false,0,10000,0.449,-327.0,false,100,true
0,0,900,1,3,false,0,10000,0.662,-569.6,false,50,true
0,0,950,6,3,false,0,10000,0.030,319.6,false,50,true
0,0,1100,4,3,true,0,10000,0.152,-35.6,true,1100,true
0,0,150,4,4,true,0,10000,0.152,118.4,false,150,true
250,0,250,3,4,true,250,9750,0.270,14.2,true,250,true
1050,0,800,1,5,true,1050,8950,0.662,-501.9,true,800,true
1350,700,300,2,6,true,650,8650,0.449,-88.9,true,300,true
1550,1200,200,4,7,true,350,8450,0.152,112.9,true,200,true
3550,1450,2000,2,8,true,2100,6450,0.449,-822.7,true,2000,true
5050,1700,1500,6,9,true,3350,4950,0.030,306.5,true,1500,true
5650,2200,600,2,10,true,3450,4350,0.449,-214.1,true,600,true
5800,2800,150,4,11,true,3000,4200,0.152,120.1,true,150,true
6050,3200,250,3,12,true,2850,3950,0.270,17.3,true,250,true
6050,3500,50,5,13,true,2550,3950,0.079,223.3,false,50,true
6250,3500,200,3,13,true,2750,3750,0.270,34.8,true,200,true
6700,4100,450,2,14,true,2600,3300,0.449,-151.8,true,450,true
7100,4350,400,2,15,true,2750,2900,0.449,-129.9,true,400,true
7400,4750,300,2,16,true,2650,2600,0.449,-84.1,true,300,true
7400,4950,100,5,17,true,2450,2600,0.079,217.2,false,100,true
7800,4950,400,1,17,true,2850,2200,0.662,-234.5,true,400,true
7800,5450,100,5,18,true,2350,2200,0.079,222.1,false,100,true
8050,5450,250,3,18,true,2600,1950,0.270,19.7,true,250,true
8650,6500,600,2,19,true,2150,1350,0.449,-216.6,true,600,true
9650,7750,1000,3,20,true,1900,350,0.270,-192.2,true,1000,true
9800,7750,150,4,21,true,2050,200,0.152,120.1,true,150,true
9800,8800,250,3,22,true,1000,200,0.270,20.2,true,-250,true
9800,9150,1000,3,23,true,650,200,0.270,-177.9,true,-1000,true
9850,9250,50,5,24,true,600,150,0.079,223.5,true,50,true
9900,9300,50,5,25,true,600,100,0.079,221.8,true,50,true
10000,9300,100,4,26,true,700,0,0.152,119.8,true,100,true
0,0,200,3,1,false,0,10000,0.270,31.4,false,200,false
0,0,300,2,1,false,0,10000,0.449,-86.0,false,100,false
0,0,450,6,1,false,0,10000,0.030,354.2,false,150,false
0,0,650,4,1,false,0,10000,0.152,42.0,false,200,false
0,0,650,4,1,false,0,10000,0.152,39.4,false,-650,false
0,0,50,5,2,false,0,10000,0.079,224.5,false,50,false
0,0,100,4,2,false,0,10000,0.152,128.6,false,50,false
0,0,450,6,2,false,0,10000,0.030,338.3,false,350,false
0,0,650,4,2,false,0,10000,0.152,35.1,false,200,false
0,0,1650,1,2,true,0,10000,0.662,-1080.7,true,1650,false
400,0,400,2,3,true,400,9600,0.449,-127.3,true,400,false
750,200,350,1,4,true,550,9250,0.662,-210.5,true,350,false
1350,350,600,3,5,true,1000,8650,0.270,-81.4,true,600,false
1350,1350,200,4,6,true,0,8650,0.152,109.6,false,200,false
1750,1350,400,1,6,true,400,8250,0.662,-242.3,true,400,false
1750,1850,150,4,7,true,-100,8250,0.152,116.5,false,150,false
2050,1850,300,2,7,true,200,7950,0.449,-87.3,true,300,false
2300,2250,250,3,8,true,50,7700,0.270,13.5,true,250,false
2550,2650,250,3,9,true,-100,7450,0.270,15.6,true,250,false
2800,2800,250,3,10,true,0,7200,0.270,15.4,true,250,false
2800,3100,100,5,11,true,-300,7200,0.079,219.8,false,100,false
2800,3100,200,4,11,true,-300,7200,0.152,113.4,false,100,false
3100,3100,300,3,11,true,0,6900,0.270,0.8,true,300,false
3100,3600,200,4,12,true,-500,6900,0.152,110.5,false,200,false
3900,3600,800,1,12,true,300,6100,0.662,-511.9,true,800,false
4100,3900,200,3,13,true,200,5900,0.270,33.5,true,200,false
5100,4550,1000,3,14,true,550,4900,0.270,-191.5,true,1000,false
5850,5050,750,1,15,true,800,4150,0.662,-473.0,true,750,false
6250,5350,400,2,16,true,900,3750,0.449,-125.4,true,400,false
6450,6750,200,3,17,true,-300,3550,0.270,30.9,true,200,false
6450,6900,150,4,18,true,-450,3550,0.152,121.6,false,150,false
6750,6900,300,2,18,true,-150,3250,0.449,-80.1,true,300,false
6750,7050,150,4,19,true,-300,3250,0.152,122.9,false,150,false
7050,7050,300,2,19,true,0,2950,0.449,-83.7,true,300,false
7050,7350,150,4,20,true,-300,2950,0.152,117.4,false,150,false
7050,7350,150,4,20,true,-300,2950,0.152,116.8,false,-150,false
7450,7600,400,6,21,true,-150,2550,0.030,338.8,true,400,false
7450,7850,100,4,22,true,-400,2550,0.152,122.4,false,100,false
7450,7850,100,4,22,true,-400,2550,0.152,130.1,false,-100,false
7450,8850,100,5,23,true,-1400,2550,0.079,216.8,false,100,false
7750,8850,300,3,23,true,-1100,2250,0.270,3.2,true,300,false
8750,9350,1000,3,24,true,-600,1250,0.270,-195.4,true,1000,false
8750,9350,1500,6,25,true,-600,1250,0.030,322.2,true,-1500,false
8950,9700,200,4,26,true,-750,1050,0.152,106.8,true,200,false
9100,9700,150,4,27,true,-600,900,0.152,119.0,true,150,false
0,0,250,3,1,false,0,10000,0.270,22.9,false,250,true
0,0,300,2,1,false,0,10000,0.449,-83.5,false,50,true
0,0,300,2,1,false,0,10000,0.449,-84.8,false,-300,true
0,0,500,3,2,false,0,10000,0.270,-60.5,false,500,true
0,0,750,6,2,false,0,10000,0.030,325.2,false,250,true
0,0,2750,2,2,true,0,10000,0.449,-1161.1,true,2750,true
200,400,200,4,3,true,-200,9800,0.152,112.3,true,200,true
350,750,150,4,4,true,-400,9650,0.152,122.4,true,150,true
1350,1350,1000,3,5,true,0,8650,0.270,-190.9,true,1000,true
1350,1750,100,4,6,true,-400,8650,0.152,133.8,false,100,true
1350,1750,400,6,6,true,-400,8650,0.030,340.3,false,300,true
1850,1750,500,5,6,true,100,8150,0.079,187.4,true,500,true
2250,2050,400,3,7,true,200,7750,0.270,-27.4,true,400,true
2250,2300,150,4,8,true,-50,7750,0.152,118.7,false,150,true
2650,2300,400,1,8,true,350,7350,0.662,-237.9,true,400,true
2800,2550,150,4,9,true,250,7200,0.152,118.3,true,150,true
3100,2800,300,2,10,true,300,6900,0.449,-81.3,true,300,true
3600,3100,500,3,11,true,500,6400,0.270,-58.0,true,500,true
3900,3900,300,2,12,true,0,6100,0.449,-81.6,true,300,true
4550,4100,650,6,13,true,450,5450,0.030,343.8,true,650,true
5050,5100,500,2,14,true,-50,4950,0.449,-164.0,true,500,true
5350,5850,300,2,15,true,-500,4650,0.449,-81.5,true,300,true
6750,6250,1400,6,16,true,500,3250,0.030,324.4,true,1400,true
6900,6450,150,4,17,true,450,3100,0.152,122.8,true,150,true
6900,6750,50,5,18,true,150,3100,0.079,228.1,false,50,true
6900,6750,100,4,18,true,150,3100,0.152,127.1,false,50,true
7050,6750,150,3,18,true,300,2950,0.270,46.2,true,150,true
7350,7050,300,1,19,true,300,2650,0.662,-171.3,true,300,true
7600,7050,250,3,20,true,550,2400,0.270,22.1,true,250,true
7850,7450,250,3,21,true,400,2150,0.270,21.7,true,250,true
8850,7450,1000,2,22,true,1400,1150,0.449,-403.0,true,1000,true
9350,7750,500,2,23,true,1600,650,0.449,-169.5,true,500,true
9350,8750,1000,3,24,true,600,650,0.270,-187.9,true,-1000,true
9700,8750,350,2,25,true,950,300,0.449,-106.1,true,350,true
9700,8950,1500,6,26,true,750,300,0.030,305.7,true,-1500,true
10000,9100,300,3,27,true,900,0,0.270,-1.3,true,300,true
0,0,200,3,1,false,0,10000,0.270,32.7,false,200,true
0,0,450,6,1,false,0,10000,0.030,343.6,false,250,true
0,0,1150,1,1,true,0,10000,0.662,-726.9,true,1150,true
0,0,150,4,2,true,0,10000,0.152,118.7,false,150,true
0,0,150,4,2,true,0,10000,0.152,119.1,false,-150,true
200,500,200,3,3,true,-300,9800,0.270,30.7,true,200,true
700,800,500,3,4,true,-100,9300,0.270,-50.2,true,500,true
1250,1200,550,6,5,true,50,8750,0.030,342.7,true,550,true
1250,1350,0,6,6,true,-100,8750,0.030,356.7,false,0,true
1550,1850,300,3,7,true,-300,8450,0.270,2.8,true,300,true
1750,2250,200,3,8,true,-500,8250,0.270,27.3,true,200,true
1750,2500,200,4,9,true,-750,8250,0.152,112.8,false,200,true
2050,2500,300,3,9,true,-450,7950,0.270,7.0,true,300,true
2050,2700,100,4,10,true,-650,7950,0.152,130.3,false,100,true
2550,2700,500,1,10,true,-150,7450,0.662,-313.7,true,500,true
2750,3100,200,3,11,true,-350,7250,0.270,31.6,true,200,true
2950,3250,200,3,12,true,-300,7050,0.270,31.7,true,200,true
3250,3550,300,2,13,true,-300,6750,0.449,-82.8,true,300,true
4250,3850,1000,3,14,true,400,5750,0.270,-182.8,true,1000,true
4450,4050,200,3,15,true,400,5550,0.270,30.5,true,200,true
4700,4850,250,2,16,true,-150,5300,0.449,-62.7,true,250,true
4950,5000,250,3,17,true,-50,5050,0.270,19.9,true,250,true
4950,5000,100,5,18,true,-50,5050,0.079,214.5,false,100,true
4950,5000,100,5,18,true,-50,5050,0.079,220.2,false,-100,true
5350,5250,400,2,19,true,100,4650,0.449,-122.4,true,400,true
6700,5650,1350,6,20,true,1050,3300,0.030,318.5,true,1350,true
7300,5900,600,6,21,true,1400,2700,0.030,334.6,true,600,true
7600,6300,300,2,22,true,1300,2400,0.449,-79.8,true,300,true
7950,6550,350,2,23,true,1400,2050,0.449,-107.5,true,350,true
8400,6950,450,2,24,true,1450,1600,0.449,-148.1,true,450,true
8800,7300,400,6,25,true,1500,1200,0.030,351.2,true,400,true
8900,7500,100,5,26,true,1400,1100,0.079,220.5,true,100,true
9150,9500,250,3,27,true,-350,850,0.270,18.4,true,250,true
9600,9500,450,2,28,true,100,400,0.449,-156.0,true,450,true
9650,9650,50,5,29,true,0,350,0.079,214.2,true,50,true
9750,9850,100,4,30,true,-100,250,0.152,125.8,true,100,true
9950,9850,200,3,31,true,100,50,0.270,34.0,true,200,true
9950,9850,200,4,32,true,100,50,0.152,109.6,true,-200,true
9950,9850,300,2,33,true,100,50,0.449,-83.7,true,-300,true
9950,9950,250,3,34,true,0,50,0.270,20.3,true,-250,true
9950,9950,600,3,35,true,0,50,0.270,-82.6,true,-600,true
9950,9950,1000,3,36,true,0,50,0.270,-194.4,true,-1000,true
9950,9950,200,3,37,true,0,50,0.270,35.8,true,-200,true
9950,9950,450,1,38,true,0,50,0.662,-271.2,true,-450,true
9950,9950,500,1,39,true,0,50,0.662,-312.9,true,-500,true
9950,9950,100,4,40,true,0,50,0.152,128.4,true,-100,true
9950,9950,100,5,41,true,0,50,0.079,219.7,true,-100,true
9950,9950,200,3,42,true,0,50,0.270,30.6,true,-200,true
9950,9950,250,3,43,true,0,50,0.270,17.2,true,-250,true
9950,9950,200,3,44,true,0,50,0.270,29.7,true,-200,true
9950,9950,300,2,45,true,0,50,0.449,-83.6,true,-300,true
9950,9950,250,3,46,true,0,50,0.270,20.2,true,-250,true
9950,9950,300,2,47,true,0,50,0.449,-84.4,true,-300,true
10000,9950,50,5,48,true,50,0,0.079,222.1,true,50,true
0,0,1000,3,1,true,0,10000,0.270,-189.7,true,1000,false
500,0,500,3,2,true,500,9500,0.270,-55.5,true,500,false
800,200,300,2,3,true,600,9200,0.449,-84.4,true,300,false
800,700,50,5,4,true,100,9200,0.079,220.7,false,50,false
800,700,350,6,4,true,100,9200,0.030,346.6,false,300,false
1200,700,400,5,4,true,500,8800,0.079,194.7,true,400,false
1350,1250,150,4,5,true,100,8650,0.152,121.4,true,150,false
1850,1250,500,3,6,true,600,8150,0.270,-50.9,true,500,false
2250,1550,400,2,7,true,700,7750,0.449,-120.5,true,400,false
2500,1750,250,3,8,true,750,7500,0.270,17.7,true,250,false
2500,2050,100,5,9,true,450,7500,0.079,212.7,false,100,false
2700,2050,200,4,9,true,650,7300,0.152,110.3,true,200,false
3100,2550,400,2,10,true,550,6900,0.449,-130.6,true,400,false
3250,2750,150,4,11,true,500,6750,0.152,120.4,true,150,false
3550,2950,300,2,12,true,600,6450,0.449,-78.4,true,300,false
3550,3250,100,4,13,true,300,6450,0.152,129.9,false,100,false
3850,3250,300,1,13,true,600,6150,0.662,-169.2,true,300,false
4050,4250,200,3,14,true,-200,5950,0.270,29.0,true,200,false
4850,4450,800,1,15,true,400,5150,0.662,-502.5,true,800,false
4850,4700,50,5,16,true,150,5150,0.079,222.8,false,50,false
5000,4700,150,3,16,true,300,5000,0.270,45.5,true,150,false
5000,4950,150,4,17,true,50,5000,0.152,119.1,false,150,false
5000,4950,150,4,17,true,50,5000,0.152,115.7,false,-150,false
5250,4950,250,2,18,true,300,4750,0.449,-58.9,true,250,false
5650,5350,400,2,19,true,300,4350,0.449,-129.2,true,400,false
5900,6700,250,3,20,true,-800,4100,0.270,18.5,true,250,false
6300,7300,400,3,21,true,-1000,3700,0.270,-24.6,true,400,false
6300,7600,100,4,22,true,-1300,3700,0.152,131.2,false,100,false
6550,7600,250,2,22,true,-1050,3450,0.449,-61.2,true,250,false
6950,7950,400,2,23,true,-1000,3050,0.449,-121.2,true,400,false
7300,8400,350,2,24,true,-1100,2700,0.449,-104.7,true,350,false
7500,8800,200,3,25,true,-1300,2500,0.270,30.1,true,200,false
9500,8900,2000,2,26,true,600,500,0.449,-837.3,true,2000,false
9500,9150,1200,2,27,true,350,500,0.449,-488.2,true,-1200,false
9650,9600,150,4,28,true,50,350,0.152,124.0,true,150,false
9850,9650,200,3,29,true,200,150,0.270,30.9,true,200,false
9850,9750,250,3,30,true,100,150,0.270,13.3,true,-250,false
9850,9950,700,1,31,true,-100,150,0.662,-432.3,true,-700,false
9850,9950,1500,6,32,true,-100,150,0.030,307.0,true,-1500,false
9950,9950,100,5,33,true,0,50,0.079,216.5,true,100,false
9950,9950,500,3,34,true,0,50,0.270,-52.6,true,-500,false
9950,9950,550,1,35,true,0,50,0.662,-346.2,true,-550,false
9950,9950,600,6,36,true,0,50,0.030,338.8,true,-600,false
9950,9950,200,3,37,true,0,50,0.270,32.0,true,-200,false
9950,9950,400,2,38,true,0,50,0.449,-133.5,true,-400,false
9950,9950,150,4,39,true,0,50,0.152,122.6,true,-150,false
9950,9950,100,4,40,true,0,50,0.152,130.4,true,-100,false
9950,9950,500,2,41,true,0,50,0.449,-165.6,true,-500,false
9950,9950,300,3,42,true,0,50,0.270,1.4,true,-300,false
9950,9950,550,1,43,true,0,50,0.662,-339.6,true,-550,false
9950,9950,0,6,44,true,0,50,0.030,356.6,false,0,false
9950,9950,200,3,45,true,0,50,0.270,30.1,true,-200,false
9950,9950,500,3,46,true,0,50,0.270,-53.6,true,-500,false
9950,9950,1100,1,47,true,0,50,0.662,-716.6,true,-1100,false
0,0,100,4,1,false,0,10000,0.152,129.4,false,100,true
0,0,350,1,1,false,0,10000,0.662,-209.7,false,250,true
0,0,350,1,1,false,0,10000,0.662,-211.3,false,-350,true
0,0,100,5,2,false,0,10000,0.079,220.4,false,100,true
0,0,150,4,2,false,0,10000,0.152,118.9,false,50,true
0,0,250,3,2,false,0,10000,0.270,19.4,false,100,true
0,0,500,6,2,false,0,10000,0.030,346.2,false,250,true
0,0,1500,3,2,true,0,10000,0.270,-318.2,true,1500,true
0,0,100,5,3,true,0,10000,0.079,223.4,false,100,true
0,0,150,4,3,true,0,10000,0.152,118.4,false,50,true
350,0,350,2,3,true,350,9650,0.449,-106.1,true,350,true
350,0,50,5,4,true,350,9650,0.079,219.0,false,50,true
350,0,50,5,4,true,350,9650,0.079,223.5,false,-50,true
350,0,50,5,5,true,350,9650,0.079,221.4,false,50,true
550,0,200,3,5,true,550,9450,0.270,30.9,true,200,true
550,0,50,5,6,true,550,9450,0.079,222.4,false,50,true
1100,0,550,2,6,true,1100,8900,0.449,-192.9,true,550,true
1800,0,700,2,7,true,1800,8200,0.449,-252.3,true,700,true
2550,0,750,1,8,true,2550,7450,0.662,-479.9,true,750,true
2750,500,200,3,9,true,2250,7250,0.270,29.7,true,200,true
2950,650,200,3,10,true,2300,7050,0.270,23.7,true,200,true
3550,800,600,6,11,true,2750,6450,0.030,344.2,true,600,true
3550,1000,100,4,12,true,2550,6450,0.152,131.5,false,100,true
4100,1000,550,6,12,true,3100,5900,0.030,350.3,true,550,true
4300,2050,200,3,13,true,2250,5700,0.270,29.8,true,200,true
4700,2350,400,2,14,true,2350,5300,0.449,-133.4,true,400,true
5550,3650,850,1,15,true,1900,4450,0.662,-547.3,true,850,true
5550,3850,150,4,16,true,1700,4450,0.152,114.0,false,150,true
5800,3850,250,3,16,true,1950,4200,0.270,16.2,true,250,true
6500,3850,700,2,17,true,2650,3500,0.449,-272.2,true,700,true
6500,4050,150,4,18,true,2450,3500,0.152,124.3,false,150,true
6700,4050,200,3,18,true,2650,3300,0.270,28.8,true,200,true
7000,4250,300,2,19,true,2750,3000,0.449,-87.8,true,300,true
8300,4550,1300,1,20,true,3750,1700,0.662,-835.8,true,1300,true
8900,4800,600,2,21,true,4100,1100,0.449,-218.8,true,600,true
9400,5100,500,3,22,true,4300,600,0.270,-44.5,true,500,true
9500,5250,100,5,23,true,4250,500,0.079,219.0,true,100,true
9800,5550,300,3,24,true,4250,200,0.270,4.8,true,300,true
9900,6100,100,4,25,true,3800,100,0.152,128.8,true,100,true
9900,7200,200,3,26,true,2700,100,0.270,28.7,true,-200,true
9900,7450,300,2,27,true,2450,100,0.449,-85.9,true,-300,true
9900,7900,300,2,28,true,2000,100,0.449,-86.1,true,-300,true
10000,8100,100,5,29,true,1900,0,0.079,223.6,true,100,true
0,0,0,6,1,false,0,10000,0.030,350.9,false,0,false
0,0,200,3,2,false,0,10000,0.270,28.4,false,200,false
0,0,200,3,2,false,0,10000,0.270,28.5,false,-200,false
0,350,100,5,3,false,-350,10000,0.079,209.8,false,100,false
0,350,400,1,3,false,-350,10000,0.662,-236.1,false,300,false
0,350,400,1,3,false,-350,10000,0.662,-235.4,false,-400,false
0,350,50,5,4,false,-350,10000,0.079,221.6,false,50,false
0,350,250,2,4,false,-350,10000,0.449,-64.1,false,200,false
0,350,300,1,4,false,-350,10000,0.662,-173.9,false,50,false
0,350,300,1,4,false,-350,10000,0.662,-175.4,false,-300,false
0,550,50,5,5,false,-550,10000,0.079,223.6,false,50,false
0,550,200,3,5,false,-550,10000,0.270,35.1,false,150,false
0,550,200,3,5,false,-550,10000,0.270,28.5,false,-200,false
0,1100,50,5,6,false,-1100,10000,0.079,220.8,false,50,false
0,1100,150,4,6,false,-1100,10000,0.152,127.6,false,100,false
0,1100,200,3,6,false,-1100,10000,0.270,31.4,false,50,false
0,1100,300,1,6,false,-1100,10000,0.662,-176.1,false,100,false
0,1100,350,6,6,false,-1100,10000,0.030,348.0,false,50,false
0,1100,500,4,6,false,-1100,10000,0.152,66.2,false,150,false
0,1100,700,2,6,false,-1100,10000,0.449,-260.1,false,200,false
0,1100,750,1,6,false,-1100,10000,0.662,-465.2,false,50,false
0,1100,750,1,6,false,-1100,10000,0.662,-474.8,false,-750,false
0,1800,150,4,7,false,-1800,10000,0.152,115.2,false,150,false
0,1800,250,2,7,false,-1800,10000,0.449,-59.1,false,100,false
0,1800,350,1,7,false,-1800,10000,0.662,-207.4,false,100,false
0,1800,450,6,7,false,-1800,10000,0.030,349.2,false,100,false
0,1800,650,3,7,false,-1800,10000,0.270,-89.1,false,200,false
0,1800,850,6,7,false,-1800,10000,0.030,325.9,false,200,false
0,1800,950,5,7,false,-1800,10000,0.079,149.4,false,100,false
0,1800,1100,3,7,true,-1800,10000,0.270,-219.7,true,1100,false
500,2550,500,2,8,true,-2050,9500,0.449,-171.3,true,500,false
650,2750,150,4,9,true,-2100,9350,0.152,121.5,true,150,false
650,2950,50,5,10,true,-2300,9350,0.079,218.3,false,50,false
800,2950,150,4,10,true,-2150,9200,0.152,125.1,true,150,false
1000,3550,200,3,11,true,-2550,9000,0.270,26.3,true,200,false
2050,4100,1050,2,12,true,-2050,7950,0.449,-419.8,true,1050,false
2350,4300,300,2,13,true,-1950,7650,0.449,-80.3,true,300,false
3650,4700,1300,6,14,true,-1050,6350,0.030,323.2,true,1300,false
3650,5550,50,5,15,true,-1900,6350,0.079,220.1,false,50,false
3850,5550,200,3,15,true,-1700,6150,0.270,33.6,true,200,false
3850,5800,150,4,16,true,-1950,6150,0.152,123.8,false,150,false
3850,5800,150,4,16,true,-1950,6150,0.152,121.7,false,-150,false
4050,6500,200,3,17,true,-2450,5950,0.270,31.4,true,200,false
4250,6700,200,3,18,true,-2450,5750,0.270,34.3,true,200,false
4550,7000,300,3,19,true,-2450,5450,0.270,8.1,true,300,false
4800,8300,250,3,20,true,-3500,5200,0.270,19.0,true,250,false
4800,8900,100,4,21,true,-4100,5200,0.152,129.0,false,100,false
5100,8900,300,1,21,true,-3800,4900,0.662,-175.3,true,300,false
5250,9400,150,4,22,true,-4150,4750,0.152,119.3,true,150,false
5250,9500,100,5,23,true,-4250,4750,0.079,212.8,false,100,false
5550,9500,300,2,23,true,-3950,4450,0.449,-77.8,true,300,false
6100,9800,550,6,24,true,-3700,3900,0.030,337.5,true,550,false
6100,9900,100,4,25,true,-3800,3900,0.152,120.1,false,100,false
7200,9900,1100,1,25,true,-2700,2800,0.662,-709.4,true,1100,false
7450,9900,250,3,26,true,-2450,2550,0.270,13.6,true,250,false
7900,9900,450,2,27,true,-2000,2100,0.449,-152.8,true,450,false
8100,9900,200,3,28,true,-1800,1900,0.270,34.7,true,200,false
0,0,200,3,1,false,0,10000,0.270,30.1,false,200,false
0,0,300,2,1,false,0,10000,0.449,-84.3,false,100,false
0,0,400,1,1,false,0,10000,0.662,-242.2,false,100,false
0,0,400,1,1,false,0,10000,0.662,-242.8,false,-400,false
0,0,150,4,2,false,0,10000,0.152,121.9,false,150,false
0,0,200,3,2,false,0,10000,0.270,32.4,false,50,false
0,0,200,3,2,false,0,10000,0.270,31.7,false,-200,false
0,200,200,4,3,false,-200,10000,0.152,114.4,false,200,false
0,200,250,3,3,false,-200,10000,0.270,17.7,false,50,false
0,200,250,3,3,false,-200,10000,0.270,15.3,false,-250,false
0,1500,600,2,4,false,-1500,10000,0.449,-214.4,false,600,false
0,1500,600,2,4,false,-1500,10000,0.449,-215.9,false,-600,false
0,3500,300,2,5,false,-3500,10000,0.449,-82.8,false,300,false
0,3500,300,2,5,false,-3500,10000,0.449,-85.9,false,-300,false
0,3900,200,4,6,false,-3900,10000,0.152,107.6,false,200,false
0,3900,200,4,6,false,-3900,10000,0.152,111.5,false,-200,false
0,4150,0,6,7,false,-4150,10000,0.030,359.1,false,0,false
0,4150,150,4,8,false,-4150,10000,0.152,114.9,false,150,false
0,4150,400,1,8,false,-4150,10000,0.662,-243.6,false,250,false
0,4150,400,1,8,false,-4150,10000,0.662,-239.6,false,-400,false
0,4300,600,2,9,false,-4300,10000,0.449,-222.0,false,600,false
0,4300,600,2,9,false,-4300,10000,0.449,-216.4,false,-600,false
0,4550,150,4,10,false,-4550,10000,0.152,120.3,false,150,false
0,4550,650,1,10,false,-4550,10000,0.662,-414.3,false,500,false
0,4550,750,6,10,false,-4550,10000,0.030,335.2,false,100,false
0,4550,950,3,10,false,-4550,10000,0.270,-163.2,false,200,false
0,4550,1050,2,10,true,-4550,10000,0.449,-409.7,true,1050,false
500,4750,500,3,11,true,-4250,9500,0.270,-53.6,true,500,false
500,5200,50,5,12,true,-4700,9500,0.079,220.2,false,50,false
700,5200,200,3,12,true,-4500,9300,0.270,32.9,true,200,false
700,6700,200,4,13,true,-6000,9300,0.152,109.8,false,200,false
1100,6700,400,2,13,true,-5600,8900,0.449,-125.9,true,400,false
1100,6950,100,5,14,true,-5850,8900,0.079,220.5,false,100,false
1300,6950,200,3,14,true,-5650,8700,0.270,31.5,true,200,false
1500,7100,200,3,15,true,-5600,8500,0.270,34.6,true,200,false
1500,7400,150,4,16,true,-5900,8500,0.152,117.3,false,150,false
1750,7400,250,2,16,true,-5650,8250,0.449,-59.0,true,250,false
2350,8450,600,2,17,true,-6100,7650,0.449,-211.4,true,600,false
2350,8450,100,4,18,true,-6100,7650,0.152,124.8,false,100,false
2350,8450,100,4,18,true,-6100,7650,0.152,126.9,false,-100,false
3350,9150,1000,3,19,true,-5800,6650,0.270,-192.6,true,1000,false
3950,9250,600,1,20,true,-5300,6050,0.662,-379.5,true,600,false
3950,9450,150,4,21,true,-5500,6050,0.152,115.2,false,150,false
3950,9450,150,4,21,true,-5500,6050,0.152,121.4,false,-150,false
3950,9450,50,5,22,true,-5500,6050,0.079,218.9,false,50,false
4100,9450,150,3,22,true,-5350,5900,0.270,41.8,true,150,false
0,0,100,5,1,false,0,10000,0.079,216.1,false,100,true
0,0,350,2,1,false,0,10000,0.449,-106.0,false,250,true
0,0,400,1,1,false,0,10000,0.662,-242.2,false,50,true
0,0,450,6,1,false,0,10000,0.030,347.4,false,50,true
0,0,550,4,1,false,0,10000,0.152,64.5,false,100,true
0,0,700,2,1,false,0,10000,0.449,-260.0,false,150,true
0,0,800,1,1,false,0,10000,0.662,-500.1,false,100,true
0,0,850,6,1,false,0,10000,0.030,341.5,false,50,true
0,0,1850,3,1,true,0,10000,0.270,-422.4,true,1850,true
200,0,200,4,2,true,200,9800,0.152,110.9,true,200,true
200,0,100,5,3,true,200,9800,0.079,213.9,false,100,true
1500,0,1300,1,3,true,1500,8500,0.662,-845.9,true,1300,true
3500,0,2000,2,4,true,3500,6500,0.449,-840.3,true,2000,true
3900,0,400,2,5,true,3900,6100,0.449,-135.3,true,400,true
3900,0,150,4,6,true,3900,6100,0.152,122.4,false,150,true
4150,0,250,2,6,true,4150,5850,0.449,-67.4,true,250,true
4150,0,0,6,7,true,4150,5850,0.030,356.3,false,0,true
4300,0,150,4,8,true,4300,5700,0.152,114.4,true,150,true
4300,0,50,5,9,true,4300,5700,0.079,219.1,false,50,true
4550,0,250,3,9,true,4550,5450,0.270,20.8,true,250,true
4750,0,200,4,10,true,4750,5250,0.152,108.7,true,200,true
5200,500,450,2,11,true,4700,4800,0.449,-147.9,true,450,true
6700,700,1500,6,12,true,6000,3300,0.030,307.7,true,1500,true
6950,1100,250,3,13,true,5850,3050,0.270,16.8,true,250,true
7100,1300,150,4,14,true,5800,2900,0.152,121.3,true,150,true
7400,1500,300,2,15,true,5900,2600,0.449,-84.9,true,300,true
8450,1750,1050,2,16,true,6700,1550,0.449,-417.4,true,1050,true
8450,2350,0,6,17,true,6100,1550,0.030,361.0,false,0,true
9150,2350,700,1,18,true,6800,850,0.662,-445.1,true,700,true
9250,3350,100,5,19,true,5900,750,0.079,217.1,true,100,true
9450,3950,200,3,20,true,5500,550,0.270,34.3,true,200,true
9450,3950,0,6,21,true,5500,550,0.030,356.1,false,0,true
10000,4100,550,6,22,true,5900,0,0.030,343.6,true,550,true
0,0,300,2,1,false,0,10000,0.449,-83.1,false,300,true
0,0,500,6,1,false,0,10000,0.030,344.9,false,200,true
0,0,500,6,1,false,0,10000,0.030,342.6,false,-500,true
0,0,200,3,2,false,0,10000,0.270,36.7,false,200,true
0,0,200,3,2,false,0,10000,0.270,30.1,false,-200,true
0,0,150,4,3,false,0,10000,0.152,122.2,false,150,true
0,0,200,3,3,false,0,10000,0.270,29.7,false,50,true
0,0,200,3,3,false,0,10000,0.270,30.7,false,-200,true
0,0,200,4,4,false,0,10000,0.152,114.7,false,200,true
0,0,350,2,4,false,0,10000,0.449,-108.2,false,150,true
0,0,350,2,4,false,0,10000,0.449,-106.4,false,-350,true
0,200,1050,2,5,true,-200,10000,0.449,-408.4,true,1050,true
200,1200,200,3,6,true,-1000,9800,0.270,32.6,true,200,true
700,1500,500,3,7,true,-800,9300,0.270,-50.3,true,500,true
950,1650,250,3,8,true,-700,9050,0.270,14.2,true,250,true
1200,2850,250,3,9,true,-1650,8800,0.270,16.3,true,250,true
1450,3400,250,3,10,true,-1950,8550,0.270,16.1,true,250,true
1700,3550,250,3,11,true,-1850,8300,0.270,16.2,true,250,true
1700,3800,100,5,12,true,-2100,8300,0.079,214.4,false,100,true
1700,3800,100,5,12,true,-2100,8300,0.079,218.6,false,-100,true
1700,4300,100,4,13,true,-2600,8300,0.152,130.0,false,100,true
1850,4300,150,3,13,true,-2450,8150,0.270,47.7,true,150,true
2450,4500,600,2,14,true,-2050,7550,0.449,-221.7,true,600,true
2900,5050,450,2,15,true,-2150,7100,0.449,-144.5,true,450,true
2900,5500,200,4,16,true,-2600,7100,0.152,114.1,false,200,true
3250,5500,350,2,16,true,-2250,6750,0.449,-107.0,true,350,true
3950,5800,700,2,17,true,-1850,6050,0.449,-261.3,true,700,true
3950,6050,100,5,18,true,-2100,6050,0.079,217.0,false,100,true
5350,6050,1400,6,18,true,-700,4650,0.030,307.4,true,1400,true
5950,6200,600,2,19,true,-250,4050,0.449,-207.1,true,600,true
6400,6500,450,1,20,true,-100,3600,0.662,-269.1,true,450,true
6400,6500,100,5,21,true,-100,3600,0.079,217.9,false,100,true
7000,6500,600,2,21,true,500,3000,0.449,-220.2,true,600,true
7000,6900,150,4,22,true,100,3000,0.152,116.5,false,150,true
7250,6900,250,3,22,true,350,2750,0.270,16.3,true,250,true
8300,7150,1050,2,23,true,1150,1700,0.449,-416.0,true,1050,true
8300,8250,150,4,24,true,50,1700,0.152,125.6,false,150,true
8550,8250,250,3,24,true,300,1450,0.270,16.5,true,250,true
8650,8550,100,4,25,true,100,1350,0.152,122.4,true,100,true
8750,8750,100,4,26,true,0,1250,0.152,129.8,true,100,true
8950,9250,200,4,27,true,-300,1050,0.152,105.6,true,200,true
9150,9500,200,3,28,true,-350,850,0.270,29.3,true,200,true
9450,9500,300,3,29,true,-50,550,0.270,1.8,true,300,true
9650,9650,200,3,30,true,0,350,0.270,34.6,true,200,true
9650,9650,700,1,31,true,0,350,0.662,-438.2,true,-700,true
9700,9650,50,5,32,true,50,300,0.079,220.8,true,50,true
9800,9700,100,5,33,true,100,200,0.079,211.5,true,100,true
9900,9700,100,4,34,true,200,100,0.152,128.7,true,100,true
10000,9950,100,5,35,true,50,0,0.079,220.6,true,100,true
0,0,600,3,1,false,0,10000,0.270,-83.2,false,600,false
0,0,650,2,1,false,0,10000,0.449,-230.3,false,50,false
0,0,650,2,1,false,0,10000,0.449,-233.9,false,-650,false
0,0,200,3,2,false,0,10000,0.270,30.4,false,200,false
0,0,250,2,2,false,0,10000,0.449,-59.8,false,50,false
0,0,300,1,2,false,0,10000,0.662,-175.0,false,50,false
0,0,300,1,2,false,0,10000,0.662,-171.7,false,-300,false
0,0,1050,2,3,true,0,10000,0.449,-410.0,true,1050,false
200,0,200,3,4,true,200,9800,0.270,32.2,true,200,false
1200,0,1000,3,5,true,1200,8800,0.270,-181.6,true,1000,false
1500,200,300,2,6,true,1300,8500,0.449,-83.4,true,300,false
1500,700,100,4,7,true,800,8500,0.152,128.3,false,100,false
1650,700,150,3,7,true,950,8350,0.270,43.0,true,150,false
2850,950,1200,2,8,true,1900,7150,0.449,-470.7,true,1200,false
2850,1200,100,4,9,true,1650,7150,0.152,123.8,false,100,false
2850,1200,350,6,9,true,1650,7150,0.030,339.8,false,250,false
3400,1200,550,4,9,true,2200,6600,0.152,53.4,true,550,false
3550,1450,150,4,10,true,2100,6450,0.152,118.2,true,150,false
3800,1700,250,3,11,true,2100,6200,0.270,15.8,true,250,false
4300,1700,500,1,12,true,2600,5700,0.662,-312.2,true,500,false
4500,1850,200,4,13,true,2650,5500,0.152,113.0,true,200,false
5050,2450,550,6,14,true,2600,4950,0.030,346.9,true,550,false
5500,2900,450,1,15,true,2600,4500,0.662,-270.5,true,450,false
5800,3250,300,2,16,true,2550,4200,0.449,-78.6,true,300,false
5800,3950,50,5,17,true,1850,4200,0.079,218.6,false,50,false
6050,3950,250,3,17,true,2100,3950,0.270,12.8,true,250,false
6200,5350,150,4,18,true,850,3800,0.152,121.8,true,150,false
6200,5950,100,4,19,true,250,3800,0.152,127.0,false,100,false
6500,5950,300,1,19,true,550,3500,0.662,-177.9,true,300,false
6500,6400,0,6,20,true,100,3500,0.030,357.5,false,0,false
6900,7000,400,2,21,true,-100,3100,0.449,-127.0,true,400,false
6900,7250,100,5,22,true,-350,3100,0.079,223.7,false,100,false
6900,7250,150,4,22,true,-350,3100,0.152,117.8,false,50,false
7150,7250,250,2,22,true,-100,2850,0.449,-60.8,true,250,false
8250,8300,1100,1,23,true,-50,1750,0.662,-708.2,true,1100,false
8250,8550,100,4,24,true,-300,1750,0.152,130.6,false,100,false
8550,8550,300,2,24,true,0,1450,0.449,-88.3,true,300,false
8750,8650,200,4,25,true,100,1250,0.152,112.5,true,200,false
9250,8750,500,3,26,true,500,750,0.270,-48.8,true,500,false
9500,8950,250,3,27,true,550,500,0.270,21.1,true,250,false
9500,9150,700,1,28,true,350,500,0.662,-434.0,true,-700,false
9650,9450,150,4,29,true,200,350,0.152,125.3,true,150,false
9650,9650,600,2,30,true,0,350,0.449,-214.3,true,-600,false
9650,9650,1100,1,31,true,0,350,0.662,-701.5,true,-1100,false
9700,9700,50,5,32,true,0,300,0.079,218.2,true,50,false
9700,9800,0,6,33,true,-100,300,0.030,356.3,false,0,false
9950,9900,250,3,34,true,50,50,0.270,19.6,true,250,false
0,0,100,5,1,false,0,10000,0.079,215.5,false,100,true
0,0,250,3,1,false,0,10000,0.270,17.3,false,150,true
0,0,250,3,1,false,0,10000,0.270,19.6,false,-250,true
0,0,150,4,2,false,0,10000,0.152,120.6,false,150,true
0,0,650,1,2,false,0,10000,0.662,-411.5,false,500,true
0,0,750,6,2,false,0,10000,0.030,335.6,false,100,true
0,0,1350,6,2,true,0,10000,0.030,314.6,true,1350,true
250,200,250,3,3,true,50,9750,0.270,17.7,true,250,true
250,400,100,4,4,true,-150,9750,0.152,126.5,false,100,true
250,400,100,4,4,true,-150,9750,0.152,130.5,false,-100,true
1350,800,1100,1,5,true,550,8650,0.662,-710.0,true,1100,true
2000,1400,650,2,6,true,600,8000,0.449,-239.0,true,650,true
2600,1650,600,6,7,true,950,7400,0.030,342.2,true,600,true
3100,2350,500,1,8,true,750,6900,0.662,-305.0,true,500,true
3100,2550,100,5,9,true,550,6900,0.079,212.0,false,100,true
3100,2550,150,4,9,true,550,6900,0.152,121.5,false,50,true
3350,2550,250,3,9,true,800,6650,0.270,15.7,true,250,true
4050,2850,700,2,10,true,1200,5950,0.449,-261.8,true,700,true
4050,3250,100,4,11,true,800,5950,0.152,128.3,false,100,true
4350,3250,300,2,11,true,1100,5650,0.449,-86.4,true,300,true
5350,3250,1000,2,12,true,2100,4650,0.449,-406.0,true,1000,true
5350,3500,200,4,13,true,1850,4650,0.152,109.8,false,200,true
6550,3500,1200,1,13,true,3050,3450,0.662,-767.9,true,1200,true
6800,3800,250,3,14,true,3000,3200,0.270,18.2,true,250,true
7800,4000,1000,3,15,true,3800,2200,0.270,-180.1,true,1000,true
7800,4200,100,5,16,true,3600,2200,0.079,220.7,false,100,true
7800,4200,200,4,16,true,3600,2200,0.152,111.8,false,100,true
8150,4200,350,2,16,true,3950,1850,0.449,-110.0,true,350,true
8850,4650,700,2,17,true,4200,1150,0.449,-265.1,true,700,true
9150,4850,300,2,18,true,4300,850,0.449,-84.6,true,300,true
9150,5100,4050,6,19,true,4050,850,0.030,220.2,true,-4050,true
9450,5700,300,2,20,true,3750,550,0.449,-81.8,true,300,true
9600,6200,150,4,21,true,3400,400,0.152,120.5,true,150,true
9600,7300,600,3,22,true,2300,400,0.270,-76.5,true,-600,true
9800,7550,200,4,23,true,2250,200,0.152,116.9,true,200,true
10000,7750,200,4,24,true,2250,0,0.152,112.0,true,200,true
0,0,150,4,1,false,0,10000,0.152,115.1,false,150,false
0,0,250,3,1,false,0,10000,0.270,14.8,false,100,false
0,0,850,6,1,false,0,10000,0.030,324.9,false,600,false
0,0,1450,2,1,true,0,10000,0.449,-595.2,true,1450,false
200,0,200,3,2,true,200,9800,0.270,25.5,true,200,false
400,250,200,3,3,true,150,9600,0.270,37.3,true,200,false
800,250,400,1,4,true,550,9200,0.662,-244.1,true,400,false
1400,1350,600,2,5,true,50,8600,0.449,-217.2,true,600,false
1650,2000,250,3,6,true,-350,8350,0.270,18.7,true,250,false
2350,2600,700,1,7,true,-250,7650,0.662,-438.3,true,700,false
2550,3100,200,3,8,true,-550,7450,0.270,28.7,true,200,false
2850,3350,300,2,9,true,-500,7150,0.449,-85.1,true,300,false
3250,4050,400,2,10,true,-800,6750,0.449,-121.1,true,400,false
3250,4350,0,6,11,true,-1100,6750,0.030,351.8,false,0,false
3250,5350,100,4,12,true,-2100,6750,0.152,128.5,false,100,false
3500,5350,250,2,12,true,-1850,6500,0.449,-62.6,true,250,false
3800,6550,300,2,13,true,-2750,6200,0.449,-86.9,true,300,false
4000,6800,200,3,14,true,-2800,6000,0.270,31.2,true,200,false
4200,7800,200,3,15,true,-3600,5800,0.270,32.6,true,200,false
4650,8150,450,6,16,true,-3500,5350,0.030,335.4,true,450,false
4850,8850,200,3,17,true,-4000,5150,0.270,30.2,true,200,false
4850,9150,150,4,18,true,-4300,5150,0.152,118.6,false,150,false
5100,9150,250,3,18,true,-4050,4900,0.270,20.9,true,250,false
5700,9150,600,3,19,true,-3450,4300,0.270,-76.6,true,600,false
6200,9450,500,2,20,true,-3250,3800,0.449,-175.8,true,500,false
7300,9600,1100,1,21,true,-2300,2700,0.662,-701.1,true,1100,false
7550,9600,250,3,22,true,-2050,2450,0.270,16.8,true,250,false
7750,9800,200,3,23,true,-2050,2250,0.270,33.5,true,200,false
0,0,100,4,1,false,0,10000,0.152,133.6,false,100,true
0,0,250,2,1,false,0,10000,0.449,-62.4,false,150,true
0,0,250,2,1,false,0,10000,0.449,-60.5,false,-250,true
0,0,600,2,2,false,0,10000,0.449,-222.3,false,600,true
0,0,650,1,2,false,0,10000,0.662,-406.2,false,50,true
0,0,700,6,2,false,0,10000,0.030,339.3,false,50,true
0,0,750,5,2,false,0,10000,0.079,176.8,false,50,true
0,0,850,3,2,false,0,10000,0.270,-152.4,false,100,true
0,0,900,2,2,false,0,10000,0.449,-356.9,false,50,true
0,0,900,2,2,false,0,10000,0.449,-350.8,false,-900,true
0,0,50,5,3,false,0,10000,0.079,223.1,false,50,true
0,0,400,6,3,false,0,10000,0.030,339.1,false,350,true
0,0,1500,1,3,true,0,10000,0.662,-988.8,true,1500,true
500,200,500,2,4,true,300,9500,0.449,-172.1,true,500,true
1250,1250,750,1,5,true,0,8750,0.662,-480.7,true,750,true
1450,1450,200,3,6,true,0,8550,0.270,33.3,true,200,true
2500,1600,1050,2,7,true,900,7500,0.449,-406.3,true,1050,true
2500,1800,50,5,8,true,700,7500,0.079,216.0,false,50,true
2500,1800,150,4,8,true,700,7500,0.152,116.8,false,100,true
2750,1800,250,2,8,true,950,7250,0.449,-66.4,true,250,true
3350,2100,600,2,9,true,1250,6650,0.449,-224.9,true,600,true
3550,2100,200,3,10,true,1450,6450,0.270,29.4,true,200,true
3550,2650,100,4,11,true,900,6450,0.152,129.1,false,100,true
3750,2650,200,3,11,true,1100,6250,0.270,33.1,true,200,true
3950,3100,200,3,12,true,850,6050,0.270,30.3,true,200,true
4200,3350,250,3,13,true,850,5800,0.270,16.9,true,250,true
4200,3800,50,5,14,true,400,5800,0.079,220.4,false,50,true
4450,3800,250,3,14,true,650,5550,0.270,20.5,true,250,true
5450,3800,1000,3,15,true,1650,4550,0.270,-191.5,true,1000,true
6500,4800,1050,2,16,true,1700,3500,0.449,-417.3,true,1050,true
6800,5100,300,2,17,true,1700,3200,0.449,-80.1,true,300,true
6800,5600,100,5,18,true,1200,3200,0.079,218.3,false,100,true
6800,5600,150,4,18,true,1200,3200,0.152,122.8,false,50,true
7050,5600,250,2,18,true,1450,2950,0.449,-61.6,true,250,true
7450,5750,400,2,19,true,1700,2550,0.449,-128.4,true,400,true
8050,6100,600,2,20,true,1950,1950,0.449,-220.3,true,600,true
8050,6800,150,4,21,true,1250,1950,0.152,124.7,false,150,true
8350,6800,300,2,21,true,1550,1650,0.449,-81.1,true,300,true
8600,7700,250,2,22,true,900,1400,0.449,-62.2,true,250,true
9250,7900,650,2,23,true,1350,750,0.449,-238.9,true,650,true
9500,8500,250,3,24,true,1000,500,0.270,20.8,true,250,true
9800,8700,300,2,25,true,1100,200,0.449,-84.3,true,300,true
9800,9300,1100,1,26,true,500,200,0.662,-689.2,true,-1100,true
9800,9400,600,2,27,true,400,200,0.449,-215.4,true,-600,true
9800,9550,450,2,28,true,250,200,0.449,-146.4,true,-450,true
9800,9750,750,1,29,true,50,200,0.662,-478.4,true,-750,true
9950,9850,150,4,30,true,100,50,0.152,118.8,true,150,true
9950,9850,250,3,31,true,100,50,0.270,15.2,true,-250,true
9950,9850,250,3,32,true,100,50,0.270,16.8,true,-250,true
9950,9850,400,2,33,true,100,50,0.449,-127.9,true,-400,true
9950,9850,200,4,34,true,100,50,0.152,106.0,true,-200,true
9950,9850,100,4,35,true,100,50,0.152,132.0,true,-100,true
9950,9850,200,4,36,true,100,50,0.152,110.5,true,-200,true
9950,9850,700,2,37,true,100,50,0.449,-255.2,true,-700,true
9950,9850,650,2,38,true,100,50,0.449,-245.4,true,-650,true
9950,9850,100,5,39,true,100,50,0.079,210.9,true,-100,true
9950,9850,150,4,40,true,100,50,0.152,115.1,true,-150,true
9950,9950,0,6,41,true,0,50,0.030,368.6,false,0,true
9950,9950,200,3,42,true,0,50,0.270,32.7,true,-200,true
9950,9950,250,2,43,true,0,50,0.449,-63.8,true,-250,true
9950,9950,100,5,44,true,0,50,0.079,216.9,true,-100,true
9950,9950,0,6,45,true,0,50,0.030,365.9,false,0,true
9950,9950,350,1,46,true,0,50,0.662,-204.7,true,-350,true
9950,9950,200,3,47,true,0,50,0.270,28.1,true,-200,true
10000,9950,50,5,48,true,50,0,0.079,221.9,true,50,true
0,0,100,5,1,false,0,10000,0.079,217.4,false,100,false
0,0,350,1,1,false,0,10000,0.662,-207.9,false,250,false
0,0,400,6,1,false,0,10000,0.030,352.1,false,50,false
0,0,500,4,1,false,0,10000,0.152,64.4,false,100,false
0,0,650,2,1,false,0,10000,0.449,-240.7,false,150,false
0,0,650,2,1,false,0,10000,0.449,-238.4,false,-650,false
0,0,150,4,2,false,0,10000,0.152,122.1,false,150,false
0,0,300,2,2,false,0,10000,0.449,-84.3,false,150,false
0,0,450,6,2,false,0,10000,0.030,340.5,false,150,false
0,0,950,3,2,false,0,10000,0.270,-175.9,false,500,false
0,0,1000,2,2,true,0,10000,0.449,-399.9,true,1000,false
200,0,200,3,3,true,200,9800,0.270,31.3,true,200,false
1250,500,1050,2,4,true,750,8750,0.449,-420.7,true,1050,false
1250,1250,50,5,5,true,0,8750,0.079,230.2,false,50,false
1450,1250,200,3,5,true,200,8550,0.270,33.8,true,200,false
1600,1450,150,4,6,true,150,8400,0.152,116.2,true,150,false
1800,2500,200,3,7,true,-700,8200,0.270,27.3,true,200,false
2100,2750,300,2,8,true,-650,7900,0.449,-88.4,true,300,false
2100,3350,0,6,9,true,-1250,7900,0.030,362.1,false,0,false
2650,3550,550,1,10,true,-900,7350,0.662,-336.7,true,550,false
3100,3750,450,1,11,true,-650,6900,0.662,-277.6,true,450,false
3100,3950,150,4,12,true,-850,6900,0.152,120.6,false,150,false
3350,3950,250,3,12,true,-600,6650,0.270,15.4,true,250,false
3800,4200,450,1,13,true,-400,6200,0.662,-275.9,true,450,false
3800,4450,150,4,14,true,-650,6200,0.152,118.8,false,150,false
3800,4450,150,4,14,true,-650,6200,0.152,121.2,false,-150,false
4800,5450,1000,3,15,true,-650,5200,0.270,-189.0,true,1000,false
4800,6500,50,5,16,true,-1700,5200,0.079,218.6,false,50,false
5100,6500,300,2,16,true,-1400,4900,0.449,-80.8,true,300,false
5600,6800,500,3,17,true,-1200,4400,0.270,-53.2,true,500,false
5600,7050,50,5,18,true,-1450,4400,0.079,219.1,false,50,false
5750,7050,150,4,18,true,-1300,4250,0.152,120.5,true,150,false
6100,7450,350,2,19,true,-1350,3900,0.449,-107.2,true,350,false
6800,8050,700,2,20,true,-1250,3200,0.449,-266.4,true,700,false
7700,8350,900,6,21,true,-650,2300,0.030,332.6,true,900,false
7900,8600,200,3,22,true,-700,2100,0.270,30.1,true,200,false
8500,9250,600,6,23,true,-750,1500,0.030,339.5,true,600,false
8700,9500,200,4,24,true,-800,1300,0.152,108.8,true,200,false
9300,9800,600,3,25,true,-500,700,0.270,-74.3,true,600,false
9400,9800,100,5,26,true,-400,600,0.079,211.4,true,100,false
9550,9800,150,4,27,true,-250,450,0.152,122.1,true,150,false
9750,9800,200,4,28,true,-50,250,0.152,111.6,true,200,false
9850,9800,100,4,29,true,50,150,0.152,126.2,true,100,false
9850,9950,700,1,30,true,-100,150,0.662,-435.1,true,-700,false
9850,9950,200,3,31,true,-100,150,0.270,34.8,true,-200,false
9850,9950,250,3,32,true,-100,150,0.270,20.3,true,-250,false
9850,9950,200,4,33,true,-100,150,0.152,111.3,true,-200,false
9850,9950,250,2,34,true,-100,150,0.449,-65.1,true,-250,false
9850,9950,200,3,35,true,-100,150,0.270,29.9,true,-200,false
9850,9950,200,3,36,true,-100,150,0.270,29.7,true,-200,false
9850,9950,800,2,37,true,-100,150,0.449,-310.5,true,-800,false
9850,9950,350,2,38,true,-100,150,0.449,-104.8,true,-350,false
9850,9950,200,3,39,true,-100,150,0.270,30.4,true,-200,false
9950,9950,100,5,40,true,0,50,0.079,217.2,true,100,false
9950,9950,100,5,41,true,0,50,0.079,219.0,true,-100,false
9950,9950,100,5,42,true,0,50,0.079,214.9,true,-100,false
9950,9950,400,2,43,true,0,50,0.449,-129.2,true,-400,false
9950,9950,650,2,44,true,0,50,0.449,-245.2,true,-650,false
9950,9950,2000,2,45,true,0,50,0.449,-856.4,true,-2000,false
9950,9950,100,5,46,true,0,50,0.079,211.6,true,-100,false
9950,9950,600,2,47,true,0,50,0.449,-232.0,true,-600,false
0,0,200,4,1,false,0,10000,0.152,109.9,false,200,true
0,0,350,2,1,false,0,10000,0.449,-103.4,false,150,true
0,0,400,1,1,false,0,10000,0.662,-236.1,false,50,true
0,0,400,1,1,false,0,10000,0.662,-248.0,false,-400,true
0,0,1000,3,2,true,0,10000,0.270,-195.5,true,1000,true
0,0,100,5,3,true,0,10000,0.079,217.9,false,100,true
0,0,150,4,3,true,0,10000,0.152,119.2,false,50,true
0,0,150,4,3,true,0,10000,0.152,117.2,false,-150,true
500,0,500,3,4,true,500,9500,0.270,-59.0,true,500,true
1500,300,1000,3,5,true,1200,8500,0.270,-190.0,true,1000,true
1900,300,400,2,6,true,1600,8100,0.449,-131.0,true,400,true
2150,800,250,3,7,true,1350,7850,0.270,14.2,true,250,true
3150,1000,1000,3,8,true,2150,6850,0.270,-199.4,true,1000,true
3450,1300,300,2,9,true,2150,6550,0.449,-82.4,true,300,true
4450,1600,1000,3,10,true,2850,5550,0.270,-202.5,true,1000,true
4450,1800,50,5,11,true,2650,5550,0.079,229.0,false,50,true
4450,1800,100,4,11,true,2650,5550,0.152,126.7,false,50,true
4600,1800,150,3,11,true,2800,5400,0.270,49.3,true,150,true
4850,2100,250,3,12,true,2750,5150,0.270,21.2,true,250,true
4850,2550,50,5,13,true,2300,5150,0.079,226.5,false,50,true
5150,2550,300,2,13,true,2600,4850,0.449,-79.6,true,300,true
5450,2750,300,3,14,true,2700,4550,0.270,3.4,true,300,true
5650,2950,200,3,15,true,2700,4350,0.270,31.3,true,200,true
5850,3150,200,3,16,true,2700,4150,0.270,31.4,true,200,true
7050,3750,1200,2,17,true,3300,2950,0.449,-498.1,true,1200,true
7050,4950,100,5,18,true,2100,2950,0.079,219.1,false,100,true
7350,4950,300,2,18,true,2400,2650,0.449,-84.0,true,300,true
7950,5150,600,1,19,true,2800,2050,0.662,-374.1,true,600,true
10000,5350,2050,1,20,true,4650,0,0.662,-1359.0,true,2050,true
0,0,250,3,1,false,0,10000,0.270,16.2,false,250,false
0,0,350,2,1,false,0,10000,0.449,-105.6,false,100,false
0,0,450,1,1,false,0,10000,0.662,-278.1,false,100,false
0,0,550,6,1,false,0,10000,0.030,333.8,false,100,false
0,0,800,3,1,false,0,10000,0.270,-130.7,false,250,false
0,0,800,3,1,false,0,10000,0.270,-135.9,false,-800,false
0,0,300,1,2,false,0,10000,0.662,-177.4,false,300,false
0,0,300,1,2,false,0,10000,0.662,-174.2,false,-300,false
0,0,250,3,3,false,0,10000,0.270,20.1,false,250,false
0,0,450,6,3,false,0,10000,0.030,350.1,false,200,false
0,0,600,4,3,false,0,10000,0.152,51.1,false,150,false
0,0,800,2,3,false,0,10000,0.449,-310.0,false,200,false
0,0,850,1,3,false,0,10000,0.662,-546.3,false,50,false
0,0,950,6,3,false,0,10000,0.030,332.9,false,100,false
0,0,1150,3,3,true,0,10000,0.270,-228.0,true,1150,false
0,500,100,4,4,true,-500,10000,0.152,125.7,false,100,false
300,500,300,2,4,true,-200,9700,0.449,-81.4,true,300,false
300,1500,150,4,5,true,-1200,9700,0.152,116.5,false,150,false
300,1500,150,4,5,true,-1200,9700,0.152,121.8,false,-150,false
800,1900,500,1,6,true,-1100,9200,0.662,-309.0,true,500,false
800,2150,50,5,7,true,-1350,9200,0.079,226.3,false,50,false
1000,2150,200,3,7,true,-1150,9000,0.270,31.1,true,200,false
1000,3150,100,5,8,true,-2150,9000,0.079,215.3,false,100,false
1300,3150,300,3,8,true,-1850,8700,0.270,3.7,true,300,false
1600,3450,300,2,9,true,-1850,8400,0.449,-84.4,true,300,false
1800,4450,200,3,10,true,-2650,8200,0.270,29.0,true,200,false
1800,4600,100,4,11,true,-2800,8200,0.152,130.7,false,100,false
2100,4600,300,1,11,true,-2500,7900,0.662,-172.3,true,300,false
2550,4850,450,1,12,true,-2300,7450,0.662,-275.2,true,450,false
2750,5150,200,3,13,true,-2400,7250,0.270,30.9,true,200,false
2950,5450,200,3,14,true,-2500,7050,0.270,32.1,true,200,false
3150,5650,200,3,15,true,-2500,6850,0.270,31.1,true,200,false
3750,5850,600,2,16,true,-2100,6250,0.449,-214.6,true,600,false
4950,7050,1200,2,17,true,-2100,5050,0.449,-495.8,true,1200,false
5150,7350,200,4,18,true,-2200,4850,0.152,118.0,true,200,false
5350,7950,200,3,19,true,-2600,4650,0.270,30.7,true,200,false
0,0,250,3,1,false,0,10000,0.270,20.8,false,250,true
0,0,350,1,1,false,0,10000,0.662,-203.8,false,100,true
0,0,350,1,1,false,0,10000,0.662,-208.4,false,-350,true
0,0,500,1,2,false,0,10000,0.662,-303.9,false,500,true
0,0,550,6,2,false,0,10000,0.030,327.9,false,50,true
0,0,750,3,2,false,0,10000,0.270,-116.3,false,200,true
0,0,850,1,2,false,0,10000,0.662,-531.2,false,100,true
0,0,900,6,2,false,0,10000,0.030,322.5,false,50,true
0,0,1350,1,2,true,0,10000,0.662,-870.2,true,1350,true
0,0,150,4,3,true,0,10000,0.152,121.2,false,150,true
300,0,300,2,3,true,300,9700,0.449,-80.9,true,300,true
300,0,50,5,4,true,300,9700,0.079,222.8,false,50,true
300,0,50,5,4,true,300,9700,0.079,218.1,false,-50,true
1300,1200,1000,3,5,true,100,8700,0.270,-193.6,true,1000,true
2350,1400,1050,2,6,true,950,7650,0.449,-421.1,true,1050,true
2600,1800,250,3,7,true,800,7400,0.270,16.8,true,250,true
2600,2500,200,4,8,true,100,7400,0.152,121.0,false,200,true
3000,2500,400,1,8,true,500,7000,0.662,-245.0,true,400,true
4000,2750,1000,3,9,true,1250,6000,0.270,-182.9,true,1000,true
4000,3750,100,5,10,true,250,6000,0.079,209.6,false,100,true
4000,3750,100,5,10,true,250,6000,0.079,210.4,false,-100,true
4250,4450,250,2,11,true,-200,5750,0.449,-57.8,true,250,true
4250,4750,100,4,12,true,-500,5750,0.152,132.4,false,100,true
4450,4750,200,2,12,true,-300,5550,0.449,-36.8,true,200,true
4450,4950,0,6,13,true,-500,5550,0.030,361.8,false,0,true
5050,5300,600,2,14,true,-250,4950,0.449,-215.9,true,600,true
6000,5550,950,6,15,true,450,4000,0.030,325.8,true,950,true
6000,6200,200,4,16,true,-200,4000,0.152,110.1,false,200,true
6300,6200,300,3,16,true,100,3700,0.270,4.3,true,300,true
6700,6800,400,6,17,true,-100,3300,0.030,343.1,true,400,true
8200,7000,1500,6,18,true,1200,1800,0.030,303.9,true,1500,true
8500,7200,300,1,19,true,1300,1500,0.662,-172.8,true,300,true
8500,7800,150,4,20,true,700,1500,0.152,116.8,false,150,true
8750,7800,250,3,20,true,950,1250,0.270,18.3,true,250,true
9250,7800,500,2,21,true,1450,750,0.449,-175.0,true,500,true
9450,8000,200,3,22,true,1450,550,0.270,32.0,true,200,true
9850,8500,400,2,23,true,1350,150,0.449,-129.9,true,400,true
9950,8950,100,4,24,true,1000,50,0.152,126.7,true,100,true
9950,9300,300,1,25,true,650,50,0.662,-175.5,true,-300,true
9950,9700,250,3,26,true,250,50,0.270,14.7,true,-250,true
9950,9900,150,4,27,true,50,50,0.152,118.3,true,-150,true
9950,9900,900,6,28,true,50,50,0.030,321.8,true,-900,true
9950,9900,500,2,29,true,50,50,0.449,-175.4,true,-500,true
10000,9900,50,5,30,true,100,0,0.079,226.0,true,50,true
0,0,150,4,1,false,0,10000,0.152,121.3,false,150,false
0,0,300,2,1,false,0,10000,0.449,-84.7,false,150,false
0,0,450,6,1,false,0,10000,0.030,340.4,false,150,false
0,0,650,3,1,false,0,10000,0.270,-82.3,false,200,false
0,0,800,1,1,false,0,10000,0.662,-519.0,false,150,false
0,0,800,1,1,false,0,10000,0.662,-510.1,false,-800,false
0,0,200,3,2,false,0,10000,0.270,32.4,false,200,false
0,0,300,2,2,false,0,10000,0.449,-84.8,false,100,false
0,0,300,2,2,false,0,10000,0.449,-82.9,false,-300,false
0,300,600,2,3,false,-300,10000,0.449,-230.0,false,600,false
0,300,700,1,3,false,-300,10000,0.662,-445.3,false,100,false
0,300,800,6,3,false,-300,10000,0.030,327.1,false,100,false
0,300,1200,2,3,true,-300,10000,0.449,-476.3,true,1200,false
1200,300,1200,2,4,true,900,8800,0.449,-493.5,true,1200,false
1400,1300,200,3,5,true,100,8600,0.270,31.3,true,200,false
1800,2350,400,3,6,true,-550,8200,0.270,-20.8,true,400,false
2500,2600,700,2,7,true,-100,7500,0.449,-277.4,true,700,false
2500,3000,100,5,8,true,-500,7500,0.079,218.3,false,100,false
2750,3000,250,3,8,true,-250,7250,0.270,17.5,true,250,false
3750,4000,1000,3,9,true,-250,6250,0.270,-199.5,true,1000,false
4450,4000,700,2,10,true,450,5550,0.449,-267.5,true,700,false
4450,4250,150,4,11,true,200,5550,0.152,116.7,false,150,false
4750,4250,300,2,11,true,500,5250,0.449,-85.5,true,300,false
4950,4450,200,3,12,true,500,5050,0.270,32.3,true,200,false
4950,4450,50,5,13,true,500,5050,0.079,219.1,false,50,false
4950,4450,100,4,13,true,500,5050,0.152,125.4,false,50,false
5300,4450,350,1,13,true,850,4700,0.662,-211.7,true,350,false
5550,5050,250,3,14,true,500,4450,0.270,17.9,true,250,false
6200,6000,650,2,15,true,200,3800,0.449,-245.3,true,650,false
6800,6300,600,3,16,true,500,3200,0.270,-86.2,true,600,false
7000,6700,200,3,17,true,300,3000,0.270,30.1,true,200,false
7200,8200,200,3,18,true,-1000,2800,0.270,33.6,true,200,false
7800,8500,600,3,19,true,-700,2200,0.270,-83.9,true,600,false
7800,8750,0,6,20,true,-950,2200,0.030,357.6,false,0,false
8000,9250,200,3,21,true,-1250,2000,0.270,32.4,true,200,false
8500,9450,500,3,22,true,-950,1500,0.270,-51.1,true,500,false
8950,9850,450,1,23,true,-900,1050,0.662,-275.0,true,450,false
9300,9950,350,2,24,true,-650,700,0.449,-110.3,true,350,false
9700,9950,400,1,25,true,-250,300,0.662,-242.2,true,400,false
9900,9950,200,3,26,true,-50,100,0.270,32.0,true,200,false
9900,9950,1500,6,27,true,-50,100,0.030,311.1,true,-1500,false
9900,9950,700,2,28,true,-50,100,0.449,-266.9,true,-700,false
9900,9950,150,4,29,true,-50,100,0.152,118.8,true,-150,false
0,0,800,6,1,false,0,10000,0.030,339.2,false,800,false
0,0,950,4,1,false,0,10000,0.152,2.1,false,150,false
0,0,1150,2,1,true,0,10000,0.449,-473.0,true,1150,false
0,0,50,5,2,true,0,10000,0.079,224.9,false,50,false
300,0,300,2,2,true,300,9700,0.449,-86.0,true,300,false
300,150,0,6,3,true,150,9700,0.030,354.8,false,0,false
550,400,250,3,4,true,150,9450,0.270,18.2,true,250,false
750,1400,200,3,5,true,-650,9250,0.270,27.9,true,200,false
750,2400,200,4,6,true,-1650,9250,0.152,111.8,false,200,false
1100,2400,350,2,6,true,-1300,8900,0.449,-103.3,true,350,false
2100,2600,1000,3,7,true,-500,7900,0.270,-199.3,true,1000,false
2100,3000,100,4,8,true,-900,7900,0.152,131.0,false,100,false
2100,3000,100,4,8,true,-900,7900,0.152,129.6,false,-100,false
2100,3200,100,5,9,true,-1100,7900,0.079,217.6,false,100,false
2400,3200,300,2,9,true,-800,7600,0.449,-82.3,true,300,false
2600,3500,200,3,10,true,-900,7400,0.270,31.1,true,200,false
2800,5000,200,3,11,true,-2200,7200,0.270,33.8,true,200,false
3000,5200,200,3,12,true,-2200,7000,0.270,31.2,true,200,false
4000,5200,1000,3,13,true,-1200,6000,0.270,-204.8,true,1000,false
4000,5800,150,4,14,true,-1800,6000,0.152,117.0,false,150,false
4450,5800,450,6,14,true,-1350,5550,0.030,330.8,true,450,false
4700,6800,250,2,15,true,-2100,5300,0.449,-62.2,true,250,false
4700,7150,100,4,16,true,-2450,5300,0.152,130.7,false,100,false
4700,7150,100,4,16,true,-2450,5300,0.152,126.1,false,-100,false
4700,7150,150,4,17,true,-2450,5300,0.152,122.4,false,150,false
4700,7150,150,4,17,true,-2450,5300,0.152,121.5,false,-150,false
4700,7350,100,5,18,true,-2650,5300,0.079,220.4,false,100,false
5000,7350,300,2,18,true,-2350,5000,0.449,-79.7,true,300,false
5000,7800,150,4,19,true,-2800,5000,0.152,122.4,false,150,false
5800,7800,800,6,19,true,-2000,4200,0.030,327.7,true,800,false
5800,8500,200,4,20,true,-2700,4200,0.152,110.4,false,200,false
5800,8500,200,4,20,true,-2700,4200,0.152,113.7,false,-200,false
6000,8750,200,3,21,true,-2750,4000,0.270,27.4,true,200,false
6700,8850,700,1,22,true,-2150,3300,0.662,-445.5,true,700,false
6700,9550,100,5,23,true,-2850,3300,0.079,221.8,false,100,false
6950,9550,250,3,23,true,-2600,3050,0.270,19.4,true,250,false
6950,9800,50,5,24,true,-2850,3050,0.079,223.2,false,50,false
7200,9800,250,2,24,true,-2600,2800,0.449,-59.6,true,250,false
8000,9900,800,2,25,true,-1900,2000,0.449,-315.2,true,800,false
8700,9950,700,1,26,true,-1250,1300,0.662,-443.1,true,700,false
8900,9950,200,3,27,true,-1050,1100,0.270,33.5,true,200,false
9100,9950,200,4,28,true,-850,900,0.152,114.4,true,200,false
9300,9950,200,3,29,true,-650,700,0.270,27.8,true,200,false
9450,9950,150,4,30,true,-500,550,0.152,118.8,true,150,false
9450,9950,1100,1,31,true,-500,550,0.662,-712.9,true,-1100,false
9650,9950,200,4,32,true,-300,350,0.152,111.2,true,200,false
9850,9950,200,4,33,true,-100,150,0.152,113.7,true,200,false
9850,9950,600,2,34,true,-100,150,0.449,-213.4,true,-600,false
9850,9950,650,2,35,true,-100,150,0.449,-242.3,true,-650,false
9850,9950,300,2,36,true,-100,150,0.449,-84.8,true,-300,false
9950,9950,100,4,37,true,0,50,0.152,129.8,true,100,false
0,0,1200,6,1,true,0,10000,0.030,327.3,true,1200,true
0,300,50,5,2,true,-300,10000,0.079,220.2,false,50,true
150,300,150,3,2,true,-150,9850,0.270,47.9,true,150,true
400,300,250,3,3,true,100,9600,0.270,16.5,true,250,true
1400,550,1000,3,4,true,850,8600,0.270,-185.2,true,1000,true
2400,750,1000,3,5,true,1650,7600,0.270,-180.7,true,1000,true
2600,1100,200,3,6,true,1500,7400,0.270,26.7,true,200,true
3000,2100,400,3,7,true,900,7000,0.270,-20.6,true,400,true
3200,2100,200,3,8,true,1100,6800,0.270,29.8,true,200,true
3200,2400,100,4,9,true,800,6800,0.152,125.2,false,100,true
3500,2400,300,2,9,true,1100,6500,0.449,-83.6,true,300,true
5000,2600,1500,6,10,true,2400,5000,0.030,316.2,true,1500,true
5200,2800,200,3,11,true,2400,4800,0.270,33.4,true,200,true
5200,3000,0,6,12,true,2200,4800,0.030,354.9,false,0,true
5800,4000,600,1,13,true,1800,4200,0.662,-377.5,true,600,true
6800,4450,1000,2,14,true,2350,3200,0.449,-386.7,true,1000,true
7150,4700,350,1,15,true,2450,2850,0.662,-207.1,true,350,true
7150,4700,0,6,16,true,2450,2850,0.030,363.2,false,0,true
7350,4700,200,3,17,true,2650,2650,0.270,30.5,true,200,true
7800,5000,450,2,18,true,2800,2200,0.449,-153.1,true,450,true
8500,5800,700,2,19,true,2700,1500,0.449,-258.8,true,700,true
8750,5800,250,3,20,true,2950,1250,0.270,17.8,true,250,true
8850,6000,100,5,21,true,2850,1150,0.079,216.5,true,100,true
9550,6700,700,2,22,true,2850,450,0.449,-255.9,true,700,true
9800,6950,250,3,23,true,2850,200,0.270,18.7,true,250,true
9900,7200,100,5,24,true,2700,100,0.079,220.7,true,100,true
9950,8000,50,5,25,true,1950,50,0.079,221.0,true,50,true
9950,8700,250,3,26,true,1250,50,0.270,19.4,true,-250,true
9950,8900,600,1,27,true,1050,50,0.662,-374.2,true,-600,true
9950,9100,100,4,28,true,850,50,0.152,129.3,true,-100,true
9950,9300,450,2,29,true,650,50,0.449,-155.2,true,-450,true
9950,9450,150,4,30,true,500,50,0.152,121.8,true,-150,true
9950,9450,150,4,31,true,500,50,0.152,123.0,true,-150,true
9950,9650,100,4,32,true,300,50,0.152,129.6,true,-100,true
9950,9850,300,1,33,true,100,50,0.662,-174.0,true,-300,true
9950,9850,100,5,34,true,100,50,0.079,216.2,true,-100,true
9950,9850,0,6,35,true,100,50,0.030,351.6,false,0,true
9950,9850,750,1,36,true,100,50,0.662,-483.3,true,-750,true
10000,9950,50,5,37,true,50,0,0.079,223.3,true,50,true
0,0,1000,3,1,true,0,10000,0.270,-176.0,true,1000,true
0,0,150,4,2,true,0,10000,0.152,123.9,false,150,true
250,0,250,3,2,true,250,9750,0.270,16.0,true,250,true
1550,0,1300,6,3,true,1550,8450,0.030,313.0,true,1300,true
2750,0,1200,6,4,true,2750,7250,0.030,311.3,true,1200,true
3050,0,300,2,5,true,3050,6950,0.449,-86.7,true,300,true
3050,0,50,5,6,true,3050,6950,0.079,222.8,false,50,true
3050,0,50,5,6,true,3050,6950,0.079,217.0,false,-50,true
3650,0,600,2,7,true,3650,6350,0.449,-208.8,true,600,true
3850,150,200,3,8,true,3700,6150,0.270,32.7,true,200,true
4200,1150,350,1,9,true,3050,5800,0.662,-204.1,true,350,true
4850,1150,650,2,10,true,3700,5150,0.449,-231.4,true,650,true
4850,1500,0,6,11,true,3350,5150,0.030,347.2,false,0,true
4850,1700,0,6,12,true,3150,5150,0.030,360.0,false,0,true
5350,1900,500,2,13,true,3450,4650,0.449,-176.2,true,500,true
9350,2100,4000,1,14,true,7250,650,0.662,-2674.7,true,4000,true
9650,2800,300,1,15,true,6850,350,0.662,-175.0,true,300,true
9650,3250,850,6,16,true,6400,350,0.030,319.4,true,-850,true
9700,3700,50,5,17,true,6000,300,0.079,220.0,true,50,true
9700,4000,1000,3,18,true,5700,300,0.270,-191.8,true,-1000,true
9900,4200,200,3,19,true,5700,100,0.270,30.6,true,200,true
10000,4400,100,5,20,true,5600,0,0.079,221.5,true,100,true
0,0,200,3,1,false,0,10000,0.270,30.5,false,200,false
0,0,250,2,1,false,0,10000,0.449,-63.2,false,50,false
0,0,350,1,1,false,0,10000,0.662,-206.1,false,100,false
0,0,350,1,1,false,0,10000,0.662,-208.9,false,-350,false
0,250,50,5,2,false,-250,10000,0.079,216.2,false,50,false
0,250,200,3,2,false,-250,10000,0.270,27.3,false,150,false
0,250,200,3,2,false,-250,10000,0.270,32.3,false,-200,false
0,1550,200,3,3,false,-1550,10000,0.270,31.3,false,200,false
0,1550,300,2,3,false,-1550,10000,0.449,-78.4,false,100,false
0,1550,400,1,3,false,-1550,10000,0.662,-240.7,false,100,false
0,1550,500,6,3,false,-1550,10000,0.030,335.3,false,100,false
0,1550,600,4,3,false,-1550,10000,0.152,45.2,false,100,false
0,1550,750,2,3,false,-1550,10000,0.449,-286.9,false,150,false
0,1550,750,2,3,false,-1550,10000,0.449,-282.9,false,-750,false
0,2750,250,3,4,false,-2750,10000,0.270,17.6,false,250,false
0,2750,300,2,4,false,-2750,10000,0.449,-81.9,false,50,false
0,2750,300,2,4,false,-2750,10000,0.449,-83.2,false,-300,false
0,3050,250,3,5,false,-3050,10000,0.270,17.4,false,250,false
0,3050,250,3,5,false,-3050,10000,0.270,16.6,false,-250,false
0,3050,250,3,6,false,-3050,10000,0.270,16.7,false,250,false
0,3050,500,6,6,false,-3050,10000,0.030,341.3,false,250,false
0,3050,1100,2,6,true,-3050,10000,0.449,-434.6,true,1100,false
0,3650,100,4,7,true,-3650,10000,0.152,125.4,false,100,false
150,3650,150,3,7,true,-3500,9850,0.270,40.9,true,150,false
1150,3850,1000,3,8,true,-2700,8850,0.270,-194.1,true,1000,false
1150,4200,0,6,9,true,-3050,8850,0.030,361.5,false,0,false
1150,4850,50,5,10,true,-3700,8850,0.079,222.1,false,50,false
1500,4850,350,2,10,true,-3350,8500,0.449,-108.9,true,350,false
1500,4850,150,4,11,true,-3350,8500,0.152,123.4,false,150,false
1700,4850,200,3,11,true,-3150,8300,0.270,31.4,true,200,false
1700,4850,50,5,12,true,-3150,8300,0.079,222.4,false,50,false
1700,4850,100,4,12,true,-3150,8300,0.152,129.7,false,50,false
1900,4850,200,3,12,true,-2950,8100,0.270,29.8,true,200,false
2100,5350,200,3,13,true,-3250,7900,0.270,32.6,true,200,false
2800,9350,700,1,14,true,-6550,7200,0.662,-442.5,true,700,false
3250,9650,450,2,15,true,-6400,6750,0.449,-154.8,true,450,false
3700,9650,450,2,16,true,-5950,6300,0.449,-150.8,true,450,false
4000,9700,300,2,17,true,-5700,6000,0.449,-83.5,true,300,false
4200,9700,200,4,18,true,-5500,5800,0.152,109.6,true,200,false
4400,9900,200,3,19,true,-5500,5600,0.270,30.3,true,200,false
0,0,500,6,1,false,0,10000,0.030,346.2,false,500,true
0,0,900,2,1,false,0,10000,0.449,-356.9,false,400,true
0,0,900,2,1,false,0,10000,0.449,-357.4,false,-900,true
0,0,650,2,2,false,0,10000,0.449,-240.9,false,650,true
0,0,650,2,2,false,0,10000,0.449,-231.2,false,-650,true
0,0,250,3,3,false,0,10000,0.270,15.3,false,250,true
0,0,300,2,3,false,0,10000,0.449,-79.4,false,50,true
0,0,450,6,3,false,0,10000,0.030,345.7,false,150,true
0,0,550,5,3,false,0,10000,0.079,178.4,false,100,true
0,0,600,4,3,false,0,10000,0.152,48.2,false,50,true
0,0,600,4,3,false,0,10000,0.152,44.6,false,-600,true
0,0,300,2,4,false,0,10000,0.449,-81.4,false,300,true
0,0,400,1,4,false,0,10000,0.662,-239.5,false,100,true
0,0,450,6,4,false,0,10000,0.030,347.8,false,50,true
0,0,500,5,4,false,0,10000,0.079,192.6,false,50,true
0,0,1550,1,4,true,0,10000,0.662,-995.2,true,1550,true
250,0,250,3,5,true,250,9750,0.270,15.7,true,250,true
900,0,650,2,6,true,900,9100,0.449,-241.1,true,650,true
1400,0,500,3,7,true,1400,8600,0.270,-58.2,true,500,true
1400,0,100,5,8,true,1400,8600,0.079,221.3,false,100,true
1700,0,300,3,8,true,1700,8300,0.270,3.5,true,300,true
1700,0,200,4,9,true,1700,8300,0.152,112.8,false,200,true
2300,0,600,6,9,true,2300,7700,0.030,342.7,true,600,true
2800,0,500,1,10,true,2800,7200,0.662,-306.9,true,500,true
3200,0,400,2,11,true,3200,6800,0.449,-123.9,true,400,true
4600,0,1400,6,12,true,4600,5400,0.030,315.5,true,1400,true
4600,0,0,6,13,true,4600,5400,0.030,349.8,false,0,true
5250,0,650,2,14,true,5250,4750,0.449,-241.9,true,650,true
5250,0,150,4,15,true,5250,4750,0.152,122.7,false,150,true
5500,0,250,2,15,true,5500,4500,0.449,-56.8,true,250,true
6500,1000,1000,3,16,true,5500,3500,0.270,-197.9,true,1000,true
6500,1500,150,4,17,true,5000,3500,0.152,125.8,false,150,true
6800,1500,300,2,17,true,5300,3200,0.449,-84.7,true,300,true
6800,1750,150,4,18,true,5050,3200,0.152,114.6,false,150,true
7000,1750,200,3,18,true,5250,3000,0.270,30.4,true,200,true
7000,1750,100,5,19,true,5250,3000,0.079,221.5,false,100,true
7350,1750,350,2,19,true,5600,2650,0.449,-101.5,true,350,true
8450,2400,1100,1,20,true,6050,1550,0.662,-707.1,true,1100,true
8450,2700,200,4,21,true,5750,1550,0.152,108.9,false,200,true
8900,2700,450,1,21,true,6200,1100,0.662,-280.3,true,450,true
9000,3850,100,5,22,true,5150,1000,0.079,218.9,true,100,true
9100,4000,100,5,23,true,5100,900,0.079,215.9,true,100,true
9400,4250,300,3,24,true,5150,600,0.270,8.0,true,300,true
9400,4550,1000,2,25,true,4850,600,0.449,-392.2,true,-1000,true
9550,5100,150,4,26,true,4450,450,0.152,119.7,true,150,true
9800,5350,250,3,27,true,4450,200,0.270,14.6,true,250,true
9800,6850,400,1,28,true,2950,200,0.662,-233.5,true,-400,true
9950,7350,150,4,29,true,2600,50,0.152,119.7,true,150,true
9950,7700,200,3,30,true,2250,50,0.270,26.9,true,-200,true
9950,7850,200,3,31,true,2100,50,0.270,33.9,true,-200,true
9950,8050,150,4,32,true,1900,50,0.152,119.0,true,-150,true
9950,8300,200,4,33,true,1650,50,0.152,116.0,true,-200,true
9950,8650,200,4,34,true,1300,50,0.152,106.8,true,-200,true
10000,8800,50,5,35,true,1200,0,0.079,219.1,true,50,true
0,0,450,1,1,false,0,10000,0.662,-270.4,false,450,false
0,0,450,1,1,false,0,10000,0.662,-274.4,false,-450,false
0,0,250,3,2,false,0,10000,0.270,18.8,false,250,false
0,0,350,2,2,false,0,10000,0.449,-102.9,false,100,false
0,0,350,2,2,false,0,10000,0.449,-109.3,false,-350,false
0,0,400,1,3,false,0,10000,0.662,-246.3,false,400,false
0,0,400,1,3,false,0,10000,0.662,-242.5,false,-400,false
0,0,0,6,4,false,0,10000,0.030,355.7,false,0,false
0,250,250,3,5,false,-250,10000,0.270,17.4,false,250,false
0,250,400,1,5,false,-250,10000,0.662,-237.2,false,150,false
0,250,400,1,5,false,-250,10000,0.662,-240.4,false,-400,false
0,900,100,4,6,false,-900,10000,0.152,128.8,false,100,false
0,900,200,3,6,false,-900,10000,0.270,28.4,false,100,false
0,900,350,1,6,false,-900,10000,0.662,-201.2,false,150,false
0,900,450,6,6,false,-900,10000,0.030,342.9,false,100,false
0,900,650,3,6,false,-900,10000,0.270,-98.1,false,200,false
0,900,650,3,6,false,-900,10000,0.270,-94.0,false,-650,false
0,1400,150,4,7,false,-1400,10000,0.152,119.7,false,150,false
0,1400,300,2,7,false,-1400,10000,0.449,-84.0,false,150,false
0,1400,300,2,7,false,-1400,10000,0.449,-81.4,false,-300,false
0,1700,250,3,8,false,-1700,10000,0.270,16.5,false,250,false
0,1700,450,6,8,false,-1700,10000,0.030,340.8,false,200,false
0,1700,800,1,8,false,-1700,10000,0.662,-508.6,false,350,false
0,1700,800,1,8,false,-1700,10000,0.662,-505.7,false,-800,false
0,2300,150,4,9,false,-2300,10000,0.152,120.3,false,150,false
0,2300,250,3,9,false,-2300,10000,0.270,22.0,false,100,false
0,2300,250,3,9,false,-2300,10000,0.270,22.5,false,-250,false
0,2800,500,3,10,false,-2800,10000,0.270,-50.8,false,500,false
0,2800,550,2,10,false,-2800,10000,0.449,-195.8,false,50,false
0,2800,600,1,10,false,-2800,10000,0.662,-378.7,false,50,false
0,2800,600,1,10,false,-2800,10000,0.662,-378.3,false,-600,false
0,3200,500,2,11,false,-3200,10000,0.449,-177.1,false,500,false
0,3200,500,2,11,false,-3200,10000,0.449,-172.0,false,-500,false
0,4600,350,2,12,false,-4600,10000,0.449,-101.5,false,350,false
0,4600,350,2,12,false,-4600,10000,0.449,-101.8,false,-350,false
0,4600,600,3,13,false,-4600,10000,0.270,-82.3,false,600,false
0,4600,750,1,13,false,-4600,10000,0.662,-475.3,false,150,false
0,4600,750,1,13,false,-4600,10000,0.662,-467.1,false,-750,false
0,5250,1050,2,14,true,-5250,10000,0.449,-411.8,true,1050,false
1000,5500,1000,3,15,true,-4500,9000,0.270,-180.5,true,1000,false
1500,6500,500,1,16,true,-5000,8500,0.662,-311.1,true,500,false
1500,6800,100,4,17,true,-5300,8500,0.152,129.0,false,100,false
1750,6800,250,2,17,true,-5050,8250,0.449,-61.2,true,250,false
1750,7000,100,4,18,true,-5250,8250,0.152,126.5,false,100,false
1750,7000,100,4,18,true,-5250,8250,0.152,129.7,false,-100,false
1750,7350,50,5,19,true,-5600,8250,0.079,220.2,false,50,false
2400,7350,650,2,19,true,-4950,7600,0.449,-236.4,true,650,false
2700,8450,300,2,20,true,-5750,7300,0.449,-84.9,true,300,false
2700,8900,100,5,21,true,-6200,7300,0.079,216.4,false,100,false
3850,8900,1150,1,21,true,-5050,6150,0.662,-749.9,true,1150,false
4000,9000,150,4,22,true,-5000,6000,0.152,125.6,true,150,false
4250,9100,250,2,23,true,-4850,5750,0.449,-61.3,true,250,false
4250,9400,150,4,24,true,-5150,5750,0.152,116.9,false,150,false
4550,9400,300,2,24,true,-4850,5450,0.449,-90.7,true,300,false
5100,9400,550,6,25,true,-4300,4900,0.030,340.8,true,550,false
5350,9550,250,3,26,true,-4200,4650,0.270,18.7,true,250,false
6850,9800,1500,6,27,true,-2950,3150,0.030,315.8,true,1500,false
7350,9800,500,3,28,true,-2450,2650,0.270,-50.9,true,500,false
7700,9950,350,2,29,true,-2250,2300,0.449,-109.0,true,350,false
7850,9950,150,4,30,true,-2100,2150,0.152,121.0,true,150,false
7850,9950,50,5,31,true,-2100,2150,0.079,219.0,false,50,false
8050,9950,200,3,31,true,-1900,1950,0.270,32.1,true,200,false
8300,9950,250,3,32,true,-1650,1700,0.270,16.9,true,250,false
8300,9950,100,5,33,true,-1650,1700,0.079,224.3,false,100,false
8650,9950,350,2,33,true,-1300,1350,0.449,-104.2,true,350,false
8800,9950,150,4,34,true,-1150,1200,0.152,116.7,true,150,false
0,0,300,2,1,false,0,10000,0.449,-84.9,false,300,false
0,0,350,1,1,false,0,10000,0.662,-206.6,false,50,false
0,0,350,1,1,false,0,10000,0.662,-205.2,false,-350,false
0,0,250,3,2,false,0,10000,0.270,14.0,false,250,false
0,0,300,2,2,false,0,10000,0.449,-85.4,false,50,false
0,0,300,2,2,false,0,10000,0.449,-74.7,false,-300,false
0,600,300,2,3,false,-600,10000,0.449,-86.0,false,300,false
0,600,350,1,3,false,-600,10000,0.662,-206.0,false,50,false
0,600,350,1,3,false,-600,10000,0.662,-207.0,false,-350,false
0,600,100,4,4,false,-600,10000,0.152,127.3,false,100,false
0,600,700,1,4,false,-600,10000,0.662,-443.6,false,600,false
0,600,800,6,4,false,-600,10000,0.030,332.1,false,100,false
0,600,1450,2,4,true,-600,10000,0.449,-613.1,true,1450,false
400,850,400,1,5,true,-450,9600,0.662,-241.1,true,400,false
400,1050,150,4,6,true,-650,9600,0.152,121.5,false,150,false
650,1050,250,3,6,true,-400,9350,0.270,22.0,true,250,false
650,1300,50,5,7,true,-650,9350,0.079,217.7,false,50,false
650,1300,150,4,7,true,-650,9350,0.152,124.1,false,100,false
650,1300,150,4,7,true,-650,9350,0.152,119.4,false,-150,false
650,1450,100,5,8,true,-800,9350,0.079,217.5,false,100,false
650,1450,200,4,8,true,-800,9350,0.152,110.3,false,100,false
650,1450,200,4,8,true,-800,9350,0.152,113.1,false,-200,false
1300,2550,650,2,9,true,-1250,8700,0.449,-231.0,true,650,false
1600,2750,300,2,10,true,-1150,8400,0.449,-82.1,true,300,false
1600,3850,150,4,11,true,-2250,8400,0.152,124.0,false,150,false
1800,3850,200,3,11,true,-2050,8200,0.270,29.7,true,200,false
1800,3850,100,4,12,true,-2050,8200,0.152,127.5,false,100,false
2950,3850,1150,6,12,true,-900,7050,0.030,327.2,true,1150,false
3250,4350,300,2,13,true,-1100,6750,0.449,-85.2,true,300,false
3250,5400,100,4,14,true,-2150,6750,0.152,129.1,false,100,false
3450,5400,200,3,14,true,-1950,6550,0.270,29.0,true,200,false
3700,5700,250,3,15,true,-2000,6300,0.270,17.2,true,250,false
4100,6200,400,2,16,true,-2100,5900,0.449,-133.8,true,400,false
4100,6850,100,5,17,true,-2750,5900,0.079,215.1,false,100,false
4600,6850,500,2,17,true,-2250,5400,0.449,-173.8,true,500,false
4600,7050,50,5,18,true,-2450,5400,0.079,222.7,false,50,false
4800,7050,200,3,18,true,-2250,5200,0.270,31.3,true,200,false
4800,8350,150,4,19,true,-3550,5200,0.152,116.6,false,150,false
5050,8350,250,3,19,true,-3300,4950,0.270,13.8,true,250,false
5350,8800,300,2,20,true,-3450,4650,0.449,-79.8,true,300,false
5850,9000,500,3,21,true,-3150,4150,0.270,-55.3,true,500,false
5850,9250,100,5,22,true,-3400,4150,0.079,220.1,false,100,false
6100,9250,250,3,22,true,-3150,3900,0.270,18.4,true,250,false
6100,9350,150,4,23,true,-3250,3900,0.152,126.4,false,150,false
6500,9350,400,6,23,true,-2850,3500,0.030,347.9,true,400,false
6500,9550,100,5,24,true,-3050,3500,0.079,220.4,false,100,false
6800,9550,300,2,24,true,-2750,3200,0.449,-84.7,true,300,false
6800,9700,100,5,25,true,-2900,3200,0.079,223.9,false,100,false
7150,9700,350,2,25,true,-2550,2850,0.449,-103.7,true,350,false
7750,9900,600,2,26,true,-2150,2250,0.449,-214.0,true,600,false
7750,9900,50,5,27,true,-2150,2250,0.079,226.4,false,50,false
8500,9900,750,6,27,true,-1400,1500,0.030,344.8,true,750,false
8500,9900,150,4,28,true,-1400,1500,0.152,118.6,false,150,false
8500,9900,150,4,28,true,-1400,1500,0.152,122.7,false,-150,false
9100,9900,600,2,29,true,-800,900,0.449,-217.9,true,600,false
9350,9900,250,3,30,true,-550,650,0.270,14.2,true,250,false
9950,9900,600,2,31,true,50,50,0.449,-225.0,true,600,false
9950,9900,450,2,32,true,50,50,0.449,-143.4,true,-450,false
9950,9900,100,5,33,true,50,50,0.079,219.4,true,-100,false
9950,9900,1000,3,34,true,50,50,0.270,-189.4,true,-1000,false
9950,9900,0,6,35,true,50,50,0.030,369.2,false,0,false
0,0,1200,2,1,true,0,10000,0.449,-475.5,true,1200,true
600,0,600,2,2,true,600,9400,0.449,-224.3,true,600,true
600,0,0,6,3,true,600,9400,0.030,362.7,false,0,true
850,0,250,3,4,true,850,9150,0.270,20.7,true,250,true
1050,400,200,3,5,true,650,8950,0.270,26.8,true,200,true
1300,650,250,3,6,true,650,8700,0.270,19.0,true,250,true
1300,650,50,5,7,true,650,8700,0.079,224.6,false,50,true
1450,650,150,4,7,true,800,8550,0.152,117.4,true,150,true
2550,650,1100,1,8,true,1900,7450,0.662,-703.7,true,1100,true
2750,1300,200,3,9,true,1450,7250,0.270,31.0,true,200,true
3850,1600,1100,1,10,true,2250,6150,0.662,-718.2,true,1100,true
3850,1800,0,6,11,true,2050,6150,0.030,352.4,false,0,true
4350,2950,500,1,12,true,1400,5650,0.662,-312.0,true,500,true
5400,3250,1050,2,13,true,2150,4600,0.449,-423.7,true,1050,true
5700,3450,300,2,14,true,2250,4300,0.449,-82.1,true,300,true
6200,3700,500,3,15,true,2500,3800,0.270,-49.1,true,500,true
6200,4100,100,5,16,true,2100,3800,0.079,213.8,false,100,true
6850,4100,650,6,16,true,2750,3150,0.030,344.3,true,650,true
7050,4600,200,3,17,true,2450,2950,0.270,33.2,true,200,true
8350,4800,1300,6,18,true,3550,1650,0.030,318.9,true,1300,true
8800,5050,450,1,19,true,3750,1200,0.662,-280.7,true,450,true
9000,5350,200,3,20,true,3650,1000,0.270,30.6,true,200,true
9250,5850,250,3,21,true,3400,750,0.270,17.7,true,250,true
9350,6100,100,4,22,true,3250,650,0.152,127.8,true,100,true
9550,6500,200,3,23,true,3050,450,0.270,38.9,true,200,true
9700,6800,150,4,24,true,2900,300,0.152,118.2,true,150,true
9900,7150,200,3,25,true,2750,100,0.270,32.6,true,200,true
9900,7750,200,3,26,true,2150,100,0.270,27.3,true,-200,true
9900,8500,300,2,27,true,1400,100,0.449,-83.5,true,-300,true
9900,8500,500,2,28,true,1400,100,0.449,-171.2,true,-500,true
9900,9100,0,6,29,true,800,100,0.030,367.2,false,0,true
9900,9350,1000,3,30,true,550,100,0.270,-186.6,true,-1000,true
9900,9950,150,4,31,true,-50,100,0.152,119.3,true,-150,true
9900,9950,250,3,32,true,-50,100,0.270,15.3,true,-250,true
9900,9950,150,4,33,true,-50,100,0.152,119.1,true,-150,true
9900,9950,200,3,34,true,-50,100,0.270,26.1,true,-200,true
10000,9950,100,4,35,true,50,0,0.152,126.7,true,100,true
0,0,250,3,1,false,0,10000,0.270,20.9,false,250,false
0,0,250,3,1,false,0,10000,0.270,14.4,false,-250,false
0,0,200,4,2,false,0,10000,0.152,112.0,false,200,false
0,0,350,2,2,false,0,10000,0.449,-103.2,false,150,false
0,0,450,1,2,false,0,10000,0.662,-273.8,false,100,false
0,0,450,1,2,false,0,10000,0.662,-275.6,false,-450,false
0,300,200,4,3,false,-300,10000,0.152,115.3,false,200,false
0,300,300,3,3,false,-300,10000,0.270,5.2,false,100,false
0,300,300,3,3,false,-300,10000,0.270,5.0,false,-300,false
0,300,100,5,4,false,-300,10000,0.079,217.0,false,100,false
0,300,100,5,4,false,-300,10000,0.079,215.5,false,-100,false
0,600,200,4,5,false,-600,10000,0.152,109.9,false,200,false
0,600,200,4,5,false,-600,10000,0.152,115.6,false,-200,false
0,800,250,3,6,false,-800,10000,0.270,14.1,false,250,false
0,800,450,1,6,false,-800,10000,0.662,-279.9,false,200,false
0,800,450,1,6,false,-800,10000,0.662,-280.2,false,-450,false
0,1100,650,2,7,false,-1100,10000,0.449,-234.8,false,650,false
0,1100,650,2,7,false,-1100,10000,0.449,-244.0,false,-650,false
0,1250,50,5,8,false,-1250,10000,0.079,215.5,false,50,false
0,1250,200,3,8,false,-1250,10000,0.270,28.0,false,150,false
0,1250,300,1,8,false,-1250,10000,0.662,-177.5,false,100,false
0,1250,300,1,8,false,-1250,10000,0.662,-173.7,false,-300,false
0,2250,650,2,9,false,-2250,10000,0.449,-234.6,false,650,false
0,2250,750,1,9,false,-2250,10000,0.662,-480.1,false,100,false
0,2250,750,1,9,false,-2250,10000,0.662,-481.9,false,-750,false
0,2850,200,4,10,false,-2850,10000,0.152,110.7,false,200,false
0,2850,200,4,10,false,-2850,10000,0.152,105.8,false,-200,false
0,3150,200,4,11,false,-3150,10000,0.152,113.0,false,200,false
0,3150,300,3,11,false,-3150,10000,0.270,1.6,false,100,false
0,3150,400,2,11,false,-3150,10000,0.449,-123.1,false,100,false
0,3150,500,1,11,false,-3150,10000,0.662,-313.0,false,100,false
0,3150,500,1,11,false,-3150,10000,0.662,-306.9,false,-500,false
0,3350,1050,2,12,true,-3350,10000,0.449,-406.2,true,1050,false
250,3700,250,3,13,true,-3450,9750,0.270,16.2,true,250,false
1300,4200,1050,2,14,true,-2900,8700,0.449,-425.8,true,1050,false
1300,4900,150,4,15,true,-3600,8700,0.152,119.5,false,150,false
1300,4900,150,4,15,true,-3600,8700,0.152,119.9,false,-150,false
1800,5650,500,2,16,true,-3850,8200,0.449,-166.2,true,500,false
1800,6000,50,5,17,true,-4200,8200,0.079,220.9,false,50,false
1800,6000,100,4,17,true,-4200,8200,0.152,125.5,false,50,false
1800,6000,100,4,17,true,-4200,8200,0.152,128.4,false,-100,false
2050,6200,250,3,18,true,-4150,7950,0.270,14.0,true,250,false
2050,6400,100,5,19,true,-4350,7950,0.079,218.2,false,100,false
2050,6400,200,4,19,true,-4350,7950,0.152,118.2,false,100,false
2300,6400,250,3,19,true,-4100,7700,0.270,19.1,true,250,false
2300,7450,200,4,20,true,-5150,7700,0.152,115.5,false,200,false
2700,7450,400,2,20,true,-4750,7300,0.449,-130.3,true,400,false
3700,7650,1000,3,21,true,-3950,6300,0.270,-191.6,true,1000,false
3700,8150,100,5,22,true,-4450,6300,0.079,219.8,false,100,false
3950,8150,250,3,22,true,-4200,6050,0.270,14.3,true,250,false
4450,8450,500,2,23,true,-4000,5550,0.449,-170.5,true,500,false
4650,8700,200,3,24,true,-4050,5350,0.270,28.4,true,200,false
5050,9700,400,2,25,true,-4650,4950,0.449,-127.9,true,400,false
6150,9700,1100,1,26,true,-3550,3850,0.662,-703.0,true,1100,false
6150,9900,150,4,27,true,-3750,3850,0.152,118.8,false,150,false
6400,9900,250,2,27,true,-3500,3600,0.449,-67.3,true,250,false
0,0,1500,6,1,true,0,10000,0.030,314.3,true,1500,true
0,0,100,4,2,true,0,10000,0.152,124.1,false,100,true
300,0,300,2,2,true,300,9700,0.449,-84.0,true,300,true
300,0,0,6,3,true,300,9700,0.030,359.8,false,0,true
600,0,300,2,4,true,600,9400,0.449,-87.8,true,300,true
800,0,200,3,5,true,800,9200,0.270,32.1,true,200,true
800,0,100,5,6,true,800,9200,0.079,220.5,false,100,true
1100,0,300,2,6,true,1100,8900,0.449,-81.4,true,300,true
1250,0,150,4,7,true,1250,8750,0.152,120.9,true,150,true
2250,0,1000,3,8,true,2250,7750,0.270,-187.4,true,1000,true
2850,0,600,6,9,true,2850,7150,0.030,341.2,true,600,true
2850,0,100,5,10,true,2850,7150,0.079,224.3,false,100,true
3150,0,300,2,10,true,3150,6850,0.449,-83.9,true,300,true
3350,0,200,3,11,true,3350,6650,0.270,29.1,true,200,true
3350,0,150,4,12,true,3350,6650,0.152,120.3,false,150,true
3700,0,350,1,12,true,3700,6300,0.662,-206.2,true,350,true
4200,250,500,1,13,true,3950,5800,0.662,-305.1,true,500,true
4900,1300,700,2,14,true,3600,5100,0.449,-256.5,true,700,true
4900,1300,100,4,15,true,3600,5100,0.152,130.9,false,100,true
5650,1300,750,6,15,true,4350,4350,0.030,338.4,true,750,true
5650,1800,50,5,16,true,3850,4350,0.079,223.7,false,50,true
5650,1800,100,4,16,true,3850,4350,0.152,129.4,false,50,true
6000,1800,350,1,16,true,4200,4000,0.662,-213.3,true,350,true
6200,1800,200,3,17,true,4400,3800,0.270,31.9,true,200,true
6200,2050,50,5,18,true,4150,3800,0.079,220.1,false,50,true
6200,2050,100,4,18,true,4150,3800,0.152,132.8,false,50,true
6400,2050,200,3,18,true,4350,3600,0.270,31.0,true,200,true
7450,2300,1050,2,19,true,5150,2550,0.449,-430.4,true,1050,true
7650,2700,200,3,20,true,4950,2350,0.270,36.6,true,200,true
8150,3700,500,1,21,true,4450,1850,0.662,-303.7,true,500,true
8150,3950,150,4,22,true,4200,1850,0.152,120.1,false,150,true
8450,3950,300,2,22,true,4500,1550,0.449,-83.8,true,300,true
8700,4450,250,2,23,true,4250,1300,0.449,-64.3,true,250,true
9700,4650,1000,2,24,true,5050,300,0.449,-397.4,true,1000,true
9700,5050,600,3,25,true,4650,300,0.270,-75.0,true,-600,true
9900,6150,200,4,26,true,3750,100,0.152,113.5,true,200,true
10000,6400,100,5,27,true,3600,0,0.079,222.8,true,100,true
0,0,150,4,1,false,0,10000,0.152,121.3,false,150,true
0,0,150,4,1,false,0,10000,0.152,122.2,false,-150,true
0,0,950,6,2,false,0,10000,0.030,323.0,false,950,true
0,0,1050,4,2,true,0,10000,0.152,-22.0,true,1050,true
0,0,100,5,3,true,0,10000,0.079,220.4,false,100,true
0,0,200,4,3,true,0,10000,0.152,113.7,false,100,true
250,0,250,3,3,true,250,9750,0.270,14.9,true,250,true
1250,0,1000,2,4,true,1250,8750,0.449,-393.7,true,1000,true
1450,0,200,3,5,true,1450,8550,0.270,31.5,true,200,true
1450,0,150,4,6,true,1450,8550,0.152,121.2,false,150,true
1700,0,250,3,6,true,1700,8300,0.270,18.3,true,250,true
1900,0,200,3,7,true,1900,8100,0.270,34.1,true,200,true
1900,0,150,4,8,true,1900,8100,0.152,118.0,false,150,true
2200,0,300,2,8,true,2200,7800,0.449,-85.2,true,300,true
2200,0,150,4,9,true,2200,7800,0.152,122.0,false,150,true
3350,0,1150,1,9,true,3350,6650,0.662,-740.8,true,1150,true
3350,0,100,5,10,true,3350,6650,0.079,223.0,false,100,true
4050,0,700,2,10,true,4050,5950,0.449,-271.8,true,700,true
4050,400,200,4,11,true,3650,5950,0.152,110.8,false,200,true
4050,400,200,4,11,true,3650,5950,0.152,110.8,false,-200,true
5050,1150,1000,3,12,true,3900,4950,0.270,-192.6,true,1000,true
5300,1500,250,3,13,true,3800,4700,0.270,18.8,true,250,true
5700,1800,400,1,14,true,3900,4300,0.662,-242.9,true,400,true
5700,2000,150,4,15,true,3700,4300,0.152,118.0,false,150,true
5900,2000,200,3,15,true,3900,4100,0.270,26.1,true,200,true
6200,2150,300,2,16,true,4050,3800,0.449,-83.5,true,300,true
6650,2750,450,1,17,true,3900,3350,0.662,-281.1,true,450,true
6650,3100,150,4,18,true,3550,3350,0.152,119.8,false,150,true
6650,3100,150,4,18,true,3550,3350,0.152,120.6,false,-150,true
6650,3100,200,4,19,true,3550,3350,0.152,115.5,false,200,true
6900,3100,250,3,19,true,3800,3100,0.270,15.9,true,250,true
7600,3350,700,6,20,true,4250,2400,0.030,345.0,true,700,true
8650,3500,1050,2,21,true,5150,1350,0.449,-411.7,true,1050,true
8850,3800,200,4,22,true,5050,1150,0.152,116.3,true,200,true
9450,4000,600,1,23,true,5450,550,0.662,-382.5,true,600,true
9450,4200,1500,6,24,true,5250,550,0.030,302.9,true,-1500,true
9700,4500,250,3,25,true,5200,300,0.270,22.9,true,250,true
9900,4700,200,3,26,true,5200,100,0.270,29.9,true,200,true
10000,4950,100,4,27,true,5050,0,0.152,130.8,true,100,true
0,0,300,3,1,false,0,10000,0.270,5.0,false,300,false
0,0,350,2,1,false,0,10000,0.449,-108.6,false,50,false
0,0,450,1,1,false,0,10000,0.662,-277.6,false,100,false
0,0,450,1,1,false,0,10000,0.662,-272.7,false,-450,false
0,0,0,6,2,false,0,10000,0.030,372.4,false,0,false
0,250,100,4,3,false,-250,10000,0.152,128.5,false,100,false
0,250,600,1,3,false,-250,10000,0.662,-375.3,false,500,false
0,250,600,1,3,false,-250,10000,0.662,-372.4,false,-600,false
0,1250,250,3,4,false,-1250,10000,0.270,16.4,false,250,false
0,1250,250,3,4,false,-1250,10000,0.270,16.1,false,-250,false
0,1450,100,5,5,false,-1450,10000,0.079,212.0,false,100,false
0,1450,400,1,5,false,-1450,10000,0.662,-238.5,false,300,false
0,1450,400,1,5,false,-1450,10000,0.662,-240.1,false,-400,false
0,1700,300,2,6,false,-1700,10000,0.449,-78.0,false,300,false
0,1700,400,1,6,false,-1700,10000,0.662,-242.1,false,100,false
0,1700,400,1,6,false,-1700,10000,0.662,-241.7,false,-400,false
0,1900,200,3,7,false,-1900,10000,0.270,32.6,false,200,false
0,1900,300,2,7,false,-1900,10000,0.449,-85.0,false,100,false
0,1900,300,2,7,false,-1900,10000,0.449,-85.9,false,-300,false
0,2200,650,2,8,false,-2200,10000,0.449,-245.2,false,650,false
0,2200,700,1,8,false,-2200,10000,0.662,-441.3,false,50,false
0,2200,700,1,8,false,-2200,10000,0.662,-436.0,false,-700,false
0,3350,250,3,9,false,-3350,10000,0.270,17.7,false,250,false
0,3350,400,1,9,false,-3350,10000,0.662,-242.5,false,150,false
0,3350,500,6,9,false,-3350,10000,0.030,346.6,false,100,false
0,3350,900,2,9,false,-3350,10000,0.449,-338.8,false,400,false
0,3350,950,1,9,false,-3350,10000,0.662,-605.7,false,50,false
0,3350,1000,6,9,true,-3350,10000,0.030,332.6,true,1000,false
400,4050,400,1,10,true,-3650,9600,0.662,-238.9,true,400,false
400,4050,100,5,11,true,-3650,9600,0.079,214.3,false,100,false
1150,4050,750,1,11,true,-2900,8850,0.662,-477.3,true,750,false
1500,5050,350,2,12,true,-3550,8500,0.449,-104.2,true,350,false
1500,5300,50,5,13,true,-3800,8500,0.079,221.1,false,50,false
1800,5300,300,2,13,true,-3500,8200,0.449,-78.8,true,300,false
2000,5700,200,3,14,true,-3700,8000,0.270,32.4,true,200,false
2150,5900,150,4,15,true,-3750,7850,0.152,125.1,true,150,false
2750,6200,600,2,16,true,-3450,7250,0.449,-221.5,true,600,false
2750,6650,100,5,17,true,-3900,7250,0.079,212.7,false,100,false
3100,6650,350,2,17,true,-3550,6900,0.449,-105.6,true,350,false
3100,6650,0,6,18,true,-3550,6900,0.030,351.2,false,0,false
3350,6900,250,2,19,true,-3550,6650,0.449,-55.0,true,250,false
3350,7600,50,5,20,true,-4250,6650,0.079,221.0,false,50,false
3500,7600,150,4,20,true,-4100,6500,0.152,117.9,true,150,false
3500,8650,100,5,21,true,-5150,6500,0.079,216.0,false,100,false
3800,8650,300,3,21,true,-4850,6200,0.270,0.2,true,300,false
3800,8850,150,4,22,true,-5050,6200,0.152,121.9,false,150,false
4000,8850,200,3,22,true,-4850,6000,0.270,30.0,true,200,false
4000,9450,50,5,23,true,-5450,6000,0.079,219.9,false,50,false
4200,9450,200,3,23,true,-5250,5800,0.270,32.8,true,200,false
4500,9450,300,3,24,true,-4950,5500,0.270,4.0,true,300,false
4700,9700,200,3,25,true,-5000,5300,0.270,29.9,true,200,false
4950,9900,250,2,26,true,-4950,5050,0.449,-58.9,true,250,false
0,0,200,4,1,false,0,10000,0.152,108.5,false,200,true
0,0,350,2,1,false,0,10000,0.449,-100.2,false,150,true
0,0,450,1,1,false,0,10000,0.662,-274.6,false,100,true
0,0,450,1,1,false,0,10000,0.662,-276.8,false,-450,true
0,0,1600,6,2,true,0,10000,0.030,312.1,true,1600,true
250,0,250,3,3,true,250,9750,0.270,19.4,true,250,true
1250,0,1000,3,4,true,1250,8750,0.270,-200.9,true,1000,true
2550,0,1300,1,5,true,2550,7450,0.662,-846.3,true,1300,true
2550,650,150,4,6,true,1900,7450,0.152,119.6,false,150,true
2550,650,150,4,6,true,1900,7450,0.152,120.2,false,-150,true
2550,650,50,5,7,true,1900,7450,0.079,224.6,false,50,true
2550,650,100,4,7,true,1900,7450,0.152,128.6,false,50,true
2750,650,200,3,7,true,2100,7250,0.270,33.7,true,200,true
2750,1150,150,4,8,true,1600,7250,0.152,119.7,false,150,true
3050,1150,300,2,8,true,1900,6950,0.449,-84.4,true,300,true
3450,1350,400,1,9,true,2100,6550,0.662,-240.3,true,400,true
3450,1750,50,5,10,true,1700,6550,0.079,227.2,false,50,true
3450,1750,150,4,10,true,1700,6550,0.152,118.1,false,100,true
3750,1750,300,2,10,true,2000,6250,0.449,-82.7,true,300,true
9750,2250,6000,6,11,true,7500,250,0.030,200.4,true,6000,true
9850,2250,100,4,12,true,7600,150,0.152,126.6,true,100,true
10000,2650,150,4,13,true,7350,0,0.152,122.8,true,150,true
0,0,400,3,1,false,0,10000,0.270,-23.1,false,400,false
0,0,400,3,1,false,0,10000,0.270,-24.2,false,-400,false
0,0,150,4,2,false,0,10000,0.152,122.5,false,150,false
0,0,750,1,2,false,0,10000,0.662,-484.3,false,600,false
0,0,750,1,2,false,0,10000,0.662,-465.6,false,-750,false
0,250,200,3,3,false,-250,10000,0.270,29.0,false,200,false
0,250,200,3,3,false,-250,10000,0.270,31.3,false,-200,false
0,1250,900,6,4,false,-1250,10000,0.030,327.3,false,900,false
0,1250,1000,5,4,true,-1250,10000,0.079,144.2,true,1000,false
650,2550,650,6,5,true,-1900,9350,0.030,328.9,true,650,false
650,2550,0,6,6,true,-1900,9350,0.030,350.9,false,0,false
1150,2750,500,3,7,true,-1600,8850,0.270,-54.5,true,500,false
1350,3050,200,4,8,true,-1700,8650,0.152,114.0,true,200,false
1750,3450,400,3,9,true,-1700,8250,0.270,-20.2,true,400,false
2250,3750,500,3,10,true,-1500,7750,0.270,-58.2,true,500,false
2250,9750,150,4,11,true,-7500,7750,0.152,120.9,false,150,false
2250,9750,150,4,11,true,-7500,7750,0.152,121.3,false,-150,false
2250,9850,150,4,12,true,-7600,7750,0.152,120.1,false,150,false
2650,9850,400,1,12,true,-7200,7350,0.662,-239.2,true,400,false
0,0,700,2,1,false,0,10000,0.449,-256.4,false,700,true
0,0,700,2,1,false,0,10000,0.449,-252.5,false,-700,true
0,0,200,4,2,false,0,10000,0.152,108.4,false,200,true
0,0,700,1,2,false,0,10000,0.662,-440.5,false,500,true
0,0,800,6,2,false,0,10000,0.030,321.8,false,100,true
0,0,950,4,2,false,0,10000,0.152,-12.5,false,150,true
0,0,950,4,2,false,0,10000,0.152,-10.8,false,-950,true
0,0,1000,3,3,true,0,10000,0.270,-182.6,true,1000,true
0,0,100,5,4,true,0,10000,0.079,216.2,false,100,true
0,0,200,4,4,true,0,10000,0.152,109.6,false,100,true
250,0,250,3,4,true,250,9750,0.270,17.6,true,250,true
550,0,300,3,5,true,550,9450,0.270,4.7,true,300,true
550,0,0,6,6,true,550,9450,0.030,364.7,false,0,true
750,0,200,3,7,true,750,9250,0.270,31.4,true,200,true
1150,0,400,3,8,true,1150,8850,0.270,-21.3,true,400,true
1150,0,150,4,9,true,1150,8850,0.152,119.6,false,150,true
1500,0,350,2,9,true,1500,8500,0.449,-102.5,true,350,true
1750,0,250,3,10,true,1750,8250,0.270,15.7,true,250,true
1750,0,150,4,11,true,1750,8250,0.152,115.0,false,150,true
2000,0,250,3,11,true,2000,8000,0.270,21.1,true,250,true
2000,0,150,4,12,true,2000,8000,0.152,118.3,false,150,true
2200,0,200,3,12,true,2200,7800,0.270,28.6,true,200,true
2200,0,100,5,13,true,2200,7800,0.079,217.0,false,100,true
2200,0,200,4,13,true,2200,7800,0.152,114.6,false,100,true
2600,0,400,1,13,true,2600,7400,0.662,-241.6,true,400,true
2600,0,50,5,14,true,2600,7400,0.079,217.0,false,50,true
3650,0,1050,1,14,true,3650,6350,0.662,-666.0,true,1050,true
3850,300,200,3,15,true,3550,6150,0.270,33.4,true,200,true
4400,600,550,1,16,true,3800,5600,0.662,-346.3,true,550,true
4650,800,250,3,17,true,3850,5350,0.270,21.2,true,250,true
5050,1800,400,2,18,true,3250,4950,0.449,-127.2,true,400,true
5300,2100,250,3,19,true,3200,4700,0.270,17.9,true,250,true
5300,3150,100,5,20,true,2150,4700,0.079,212.7,false,100,true
6050,3150,750,1,20,true,2900,3950,0.662,-473.7,true,750,true
6050,3150,100,5,21,true,2900,3950,0.079,222.9,false,100,true
6250,3150,200,3,21,true,3100,3750,0.270,31.1,true,200,true
6250,3400,100,4,22,true,2850,3750,0.152,124.7,false,100,true
6450,3400,200,3,22,true,3050,3550,0.270,27.5,true,200,true
6450,3650,100,5,23,true,2800,3550,0.079,218.5,false,100,true
6450,3650,200,4,23,true,2800,3550,0.152,109.2,false,100,true
6450,3650,200,4,23,true,2800,3550,0.152,112.6,false,-200,true
6450,3900,100,5,24,true,2550,3550,0.079,217.0,false,100,true
6450,3900,100,5,24,true,2550,3550,0.079,217.8,false,-100,true
6450,4350,50,5,25,true,2100,3550,0.079,221.4,false,50,true
6700,4350,250,2,25,true,2350,3300,0.449,-60.8,true,250,true
8400,6350,1700,6,26,true,2050,1600,0.030,302.3,true,1700,true
8400,6850,100,5,27,true,1550,1600,0.079,220.3,false,100,true
8400,6850,100,5,27,true,1550,1600,0.079,219.4,false,-100,true
8600,7050,200,3,28,true,1550,1400,0.270,32.9,true,200,true
9100,7400,500,2,29,true,1700,900,0.449,-175.0,true,500,true
9350,8100,250,3,30,true,1250,650,0.270,17.8,true,250,true
9600,8350,250,3,31,true,1250,400,0.270,16.6,true,250,true
9800,8850,200,3,32,true,950,200,0.270,30.0,true,200,true
9800,9550,550,1,33,true,250,200,0.662,-337.3,true,-550,true
9800,9600,1500,6,34,true,200,200,0.030,311.9,true,-1500,true
10000,9800,200,3,35,true,200,0,0.270,30.1,true,200,true
0,0,200,3,1,false,0,10000,0.270,33.6,false,200,false
0,0,200,3,1,false,0,10000,0.270,30.2,false,-200,false
0,0,500,2,2,false,0,10000,0.449,-168.0,false,500,false
0,0,500,2,2,false,0,10000,0.449,-174.8,false,-500,false
0,0,0,6,3,false,0,10000,0.030,349.0,false,0,false
0,250,500,3,4,false,-250,10000,0.270,-48.1,false,500,false
0,250,600,2,4,false,-250,10000,0.449,-223.4,false,100,false
0,250,650,1,4,false,-250,10000,0.662,-406.1,false,50,false
0,250,650,1,4,false,-250,10000,0.662,-421.6,false,-650,false
0,550,200,3,5,false,-550,10000,0.270,30.6,false,200,false
0,550,350,1,5,false,-550,10000,0.662,-210.7,false,150,false
0,550,350,1,5,false,-550,10000,0.662,-208.2,false,-350,false
0,550,50,5,6,false,-550,10000,0.079,222.1,false,50,false
0,550,200,3,6,false,-550,10000,0.270,33.4,false,150,false
0,550,300,2,6,false,-550,10000,0.449,-83.6,false,100,false
0,550,400,1,6,false,-550,10000,0.662,-235.7,false,100,false
0,550,400,1,6,false,-550,10000,0.662,-243.1,false,-400,false
0,750,500,3,7,false,-750,10000,0.270,-47.0,false,500,false
0,750,700,1,7,false,-750,10000,0.662,-434.2,false,200,false
0,750,700,1,7,false,-750,10000,0.662,-439.9,false,-700,false
0,1150,500,2,8,false,-1150,10000,0.449,-175.8,false,500,false
0,1150,500,2,8,false,-1150,10000,0.449,-178.8,false,-500,false
0,1500,300,2,9,false,-1500,10000,0.449,-85.3,false,300,false
0,1500,400,1,9,false,-1500,10000,0.662,-240.8,false,100,false
0,1500,400,1,9,false,-1500,10000,0.662,-242.9,false,-400,false
0,1750,150,4,10,false,-1750,10000,0.152,116.5,false,150,false
0,1750,250,3,10,false,-1750,10000,0.270,15.7,false,100,false
0,1750,250,3,10,false,-1750,10000,0.270,20.6,false,-250,false
0,2000,150,4,11,false,-2000,10000,0.152,118.0,false,150,false
0,2000,300,2,11,false,-2000,10000,0.449,-86.8,false,150,false
0,2000,300,2,11,false,-2000,10000,0.449,-79.0,false,-300,false
0,2200,750,1,12,false,-2200,10000,0.662,-479.5,false,750,false
0,2200,750,1,12,false,-2200,10000,0.662,-467.1,false,-750,false
0,2600,1500,6,13,true,-2600,10000,0.030,312.5,true,1500,false
300,3650,300,1,14,true,-3350,9700,0.662,-175.9,true,300,false
600,3850,300,2,15,true,-3250,9400,0.449,-79.2,true,300,false
600,4400,100,5,16,true,-3800,9400,0.079,217.4,false,100,false
800,4400,200,4,16,true,-3600,9200,0.152,122.9,true,200,false
1800,4650,1000,3,17,true,-2850,8200,0.270,-197.9,true,1000,false
2100,5050,300,3,18,true,-2950,7900,0.270,4.1,true,300,false
3150,5300,1050,2,19,true,-2150,6850,0.449,-421.0,true,1050,false
3150,6050,100,4,20,true,-2900,6850,0.152,130.0,false,100,false
3150,6050,100,4,20,true,-2900,6850,0.152,127.0,false,-100,false
3400,6250,250,3,21,true,-2850,6600,0.270,19.4,true,250,false
3400,6450,50,5,22,true,-3050,6600,0.079,219.1,false,50,false
3650,6450,250,3,22,true,-2800,6350,0.270,19.5,true,250,false
3650,6450,100,5,23,true,-2800,6350,0.079,216.4,false,100,false
3900,6450,250,3,23,true,-2550,6100,0.270,16.5,true,250,false
4350,6450,450,1,24,true,-2100,5650,0.662,-272.3,true,450,false
6350,6700,2000,2,25,true,-350,3650,0.449,-832.0,true,2000,false
6850,8400,500,3,26,true,-1550,3150,0.270,-56.3,true,500,false
6850,8400,100,4,27,true,-1550,3150,0.152,128.1,false,100,false
7050,8400,200,3,27,true,-1350,2950,0.270,30.5,true,200,false
7050,8600,50,5,28,true,-1550,2950,0.079,218.8,false,50,false
7400,8600,350,1,28,true,-1200,2600,0.662,-204.4,true,350,false
8100,9100,700,1,29,true,-1000,1900,0.662,-447.6,true,700,false
8350,9350,250,3,30,true,-1000,1650,0.270,20.7,true,250,false
8850,9600,500,2,31,true,-750,1150,0.449,-173.1,true,500,false
9550,9800,700,1,32,true,-250,450,0.662,-442.2,true,700,false
9600,9800,50,5,33,true,-200,400,0.079,222.7,true,50,false
9800,9800,200,4,34,true,0,200,0.152,112.7,true,200,false
0,0,100,4,1,false,0,10000,0.152,127.5,false,100,true
0,0,1100,1,1,true,0,10000,0.662,-718.7,true,1100,true
0,0,200,4,2,true,0,10000,0.152,105.0,false,200,true
450,0,450,1,2,true,450,9550,0.662,-280.2,true,450,true
850,250,400,1,3,true,600,9150,0.662,-241.4,true,400,true
1050,800,200,3,4,true,250,8950,0.270,27.9,true,200,true
1600,950,550,1,5,true,650,8400,0.662,-340.1,true,550,true
2000,1150,400,3,6,true,850,8000,0.270,-22.4,true,400,true
3000,1400,1000,3,7,true,1600,7000,0.270,-193.1,true,1000,true
3300,1700,300,2,8,true,1600,6700,0.449,-78.9,true,300,true
3800,1900,500,3,9,true,1900,6200,0.270,-50.8,true,500,true
3800,2100,150,4,10,true,1700,6200,0.152,115.9,false,150,true
4050,2100,250,3,10,true,1950,5950,0.270,18.9,true,250,true
4050,2500,50,5,11,true,1550,5950,0.079,218.5,false,50,true
4600,2500,550,1,11,true,2100,5400,0.662,-348.1,true,550,true
4850,2700,250,3,12,true,2150,5150,0.270,18.8,true,250,true
4850,3350,100,4,13,true,1500,5150,0.152,125.1,false,100,true
5100,3350,250,2,13,true,1750,4900,0.449,-59.8,true,250,true
5700,3650,600,2,14,true,2050,4300,0.449,-211.7,true,600,true
5700,4000,200,4,15,true,1700,4300,0.152,114.1,false,200,true
6000,4000,300,3,15,true,2000,4000,0.270,5.9,true,300,true
6200,4450,200,3,16,true,1750,3800,0.270,36.0,true,200,true
6450,4750,250,3,17,true,1700,3550,0.270,17.2,true,250,true
6450,5000,200,4,18,true,1450,3550,0.152,116.3,false,200,true
7150,5000,700,1,18,true,2150,2850,0.662,-439.7,true,700,true
7850,5400,700,2,19,true,2450,2150,0.449,-249.3,true,700,true
7850,6100,100,5,20,true,1750,2150,0.079,217.6,false,100,true
7850,6100,100,5,20,true,1750,2150,0.079,219.5,false,-100,true
8150,6350,300,1,21,true,1800,1850,0.662,-175.4,true,300,true
8600,6750,450,2,22,true,1850,1400,0.449,-155.1,true,450,true
8850,6900,250,3,23,true,1950,1150,0.270,18.8,true,250,true
9350,7100,500,3,24,true,2250,650,0.270,-57.1,true,500,true
9550,8600,200,3,25,true,950,450,0.270,34.2,true,200,true
9850,9650,300,2,26,true,200,150,0.449,-81.0,true,300,true
9900,9650,50,5,27,true,250,100,0.079,222.9,true,50,true
9900,9650,150,4,28,true,250,100,0.152,122.2,true,-150,true
10000,9900,100,5,29,true,100,0,0.079,228.0,true,100,true
0,0,200,4,1,false,0,10000,0.152,112.7,false,200,false
0,0,300,3,1,false,0,10000,0.270,-0.9,false,100,false
0,0,400,2,1,false,0,10000,0.449,-124.2,false,100,false
0,0,500,1,1,false,0,10000,0.662,-303.8,false,100,false
0,0,550,6,1,false,0,10000,0.030,347.4,false,50,false
0,0,1550,3,1,true,0,10000,0.270,-327.2,true,1550,false
250,450,250,3,2,true,-200,9750,0.270,14.2,true,250,false
800,850,550,1,3,true,-50,9200,0.662,-336.9,true,550,false
800,1050,50,5,4,true,-250,9200,0.079,223.8,false,50,false
950,1050,150,3,4,true,-100,9050,0.270,45.6,true,150,false
1150,1600,200,4,5,true,-450,8850,0.152,112.0,true,200,false
1400,2000,250,3,6,true,-600,8600,0.270,16.4,true,250,false
1700,3000,300,3,7,true,-1300,8300,0.270,2.3,true,300,false
1700,3300,100,5,8,true,-1600,8300,0.079,216.9,false,100,false
1900,3300,200,3,8,true,-1400,8100,0.270,35.7,true,200,false
2100,3800,200,3,9,true,-1700,7900,0.270,35.3,true,200,false
2100,4050,150,4,10,true,-1950,7900,0.152,121.2,false,150,false
2500,4050,400,1,10,true,-1550,7500,0.662,-238.5,true,400,false
2700,4600,200,4,11,true,-1900,7300,0.152,110.9,true,200,false
3350,4850,650,2,12,true,-1500,6650,0.449,-238.2,true,650,false
3350,5100,100,5,13,true,-1750,6650,0.079,225.0,false,100,false
3650,5100,300,3,13,true,-1450,6350,0.270,7.8,true,300,false
3650,5700,100,5,14,true,-2050,6350,0.079,216.5,false,100,false
4000,5700,350,2,14,true,-1700,6000,0.449,-109.9,true,350,false
4450,6000,450,2,15,true,-1550,5550,0.449,-142.0,true,450,false
4750,6200,300,2,16,true,-1450,5250,0.449,-81.8,true,300,false
5000,6450,250,3,17,true,-1450,5000,0.270,15.9,true,250,false
5400,7150,400,3,18,true,-1750,4600,0.270,-22.1,true,400,false
6100,7850,700,1,19,true,-1750,3900,0.662,-451.4,true,700,false
6350,7850,250,3,20,true,-1500,3650,0.270,19.8,true,250,false
6750,8150,400,1,21,true,-1400,3250,0.662,-238.6,true,400,false
6900,8600,150,4,22,true,-1700,3100,0.152,120.8,true,150,false
6900,8850,100,5,23,true,-1950,3100,0.079,216.3,false,100,false
7100,8850,200,3,23,true,-1750,2900,0.270,34.2,true,200,false
8600,9350,1500,6,24,true,-750,1400,0.030,313.4,true,1500,false
9650,9550,1050,2,25,true,100,350,0.449,-423.5,true,1050,false
9650,9850,750,1,26,true,-200,350,0.662,-478.4,true,-750,false
9650,9900,450,2,27,true,-250,350,0.449,-152.2,true,-450,false
9900,9900,250,3,28,true,0,100,0.270,21.4,true,250,false
0,0,100,4,1,false,0,10000,0.152,129.8,false,100,true
0,0,1100,1,1,true,0,10000,0.662,-701.2,true,1100,true
0,0,50,5,2,true,0,10000,0.079,218.2,false,50,true
0,0,150,4,2,true,0,10000,0.152,122.5,false,100,true
350,0,350,1,2,true,350,9650,0.662,-209.3,true,350,true
350,500,200,4,3,true,-150,9650,0.152,112.5,false,200,true
650,500,300,2,3,true,150,9350,0.449,-83.9,true,300,true
1450,900,800,6,4,true,550,8550,0.030,330.6,true,800,true
2150,1150,700,2,5,true,1000,7850,0.449,-261.9,true,700,true
2150,2250,100,5,6,true,-100,7850,0.079,223.2,false,100,true
2550,2250,400,2,6,true,300,7450,0.449,-129.1,true,400,true
2800,3250,250,3,7,true,-450,7200,0.270,20.1,true,250,true
2800,3700,150,4,8,true,-900,7200,0.152,120.0,false,150,true
3150,3700,350,1,8,true,-550,6850,0.662,-210.4,true,350,true
4650,3850,1500,6,9,true,800,5350,0.030,321.6,true,1500,true
4650,4150,200,4,10,true,500,5350,0.152,114.4,false,200,true
4900,4150,250,3,10,true,750,5100,0.270,14.8,true,250,true
5400,4300,500,6,11,true,1100,4600,0.030,341.7,true,500,true
5400,4500,150,4,12,true,900,4600,0.152,116.4,false,150,true
5600,4500,200,3,12,true,1100,4400,0.270,31.1,true,200,true
5850,5100,250,3,13,true,750,4150,0.270,13.7,true,250,true
7950,5350,2100,6,14,true,2600,2050,0.030,303.6,true,2100,true
7950,5550,100,5,15,true,2400,2050,0.079,213.5,false,100,true
8250,5550,300,3,15,true,2700,1750,0.270,6.0,true,300,true
9450,6250,1200,2,16,true,3200,550,0.449,-475.1,true,1200,true
9700,6450,250,3,17,true,3250,300,0.270,17.2,true,250,true
9700,6650,1000,2,18,true,3050,300,0.449,-390.4,true,-1000,true
9700,7050,550,1,19,true,2650,300,0.662,-338.7,true,-550,true
9850,7350,150,4,20,true,2500,150,0.152,118.2,true,150,true
9850,7800,200,4,21,true,2050,150,0.152,111.6,true,-200,true
9850,8050,1000,3,22,true,1800,150,0.270,-192.6,true,-1000,true
9900,8250,50,5,23,true,1650,100,0.079,218.3,true,50,true
9900,9650,200,3,24,true,250,100,0.270,27.0,true,-200,true
9900,9750,200,3,25,true,150,100,0.270,29.1,true,-200,true
9900,9850,750,1,26,true,50,100,0.662,-476.2,true,-750,true
10000,9950,100,4,27,true,50,0,0.152,129.1,true,100,true
0,0,100,5,1,false,0,10000,0.079,219.7,false,100,false
0,0,700,2,1,false,0,10000,0.449,-269.5,false,600,false
0,0,850,6,1,false,0,10000,0.030,327.9,false,150,false
0,0,1100,3,1,true,0,10000,0.270,-217.5,true,1100,false
500,350,500,6,2,true,150,9500,0.030,352.7,true,500,false
900,650,400,2,3,true,250,9100,0.449,-122.9,true,400,false
1150,1450,250,3,4,true,-300,8850,0.270,16.8,true,250,false
2250,2150,1100,1,5,true,100,7750,0.662,-699.2,true,1100,false
3250,2550,1000,3,6,true,700,6750,0.270,-199.9,true,1000,false
3700,2800,450,1,7,true,900,6300,0.662,-275.0,true,450,false
3700,3150,100,4,8,true,550,6300,0.152,127.7,false,100,false
3850,3150,150,3,8,true,700,6150,0.270,45.9,true,150,false
4150,4650,300,3,9,true,-500,5850,0.270,6.0,true,300,false
4300,4900,150,4,10,true,-600,5700,0.152,119.8,true,150,false
4300,5400,150,4,11,true,-1100,5700,0.152,121.6,false,150,false
4500,5400,200,3,11,true,-900,5500,0.270,31.2,true,200,false
5100,5600,600,3,12,true,-500,4900,0.270,-71.3,true,600,false
5350,5850,250,3,13,true,-500,4650,0.270,16.1,true,250,false
5550,7950,200,3,14,true,-2400,4450,0.270,34.8,true,200,false
6250,8250,700,2,15,true,-2000,3750,0.449,-265.2,true,700,false
6450,9450,200,3,16,true,-3000,3550,0.270,30.6,true,200,false
6650,9700,200,4,17,true,-3050,3350,0.152,112.3,true,200,false
7050,9700,400,1,18,true,-2650,2950,0.662,-239.5,true,400,false
7350,9700,300,2,19,true,-2350,2650,0.449,-85.6,true,300,false
7800,9850,450,2,20,true,-2050,2200,0.449,-150.7,true,450,false
8050,9850,250,2,21,true,-1800,1950,0.449,-61.1,true,250,false
8050,9850,50,5,22,true,-1800,1950,0.079,222.2,false,50,false
8250,9850,200,3,22,true,-1600,1750,0.270,32.4,true,200,false
9650,9900,1400,6,23,true,-250,350,0.030,322.7,true,1400,false
9750,9900,100,4,24,true,-150,250,0.152,126.0,true,100,false
9850,9900,100,4,25,true,-50,150,0.152,130.2,true,100,false
9950,9900,100,4,26,true,50,50,0.152,126.9,true,100,false
0,0,700,6,1,false,0,10000,0.030,324.8,false,700,true
0,0,1000,3,1,true,0,10000,0.270,-187.3,true,1000,true
0,0,150,4,2,true,0,10000,0.152,119.3,false,150,true
250,0,250,2,2,true,250,9750,0.449,-64.8,true,250,true
250,0,100,5,3,true,250,9750,0.079,213.4,false,100,true
850,0,600,1,3,true,850,9150,0.662,-380.8,true,600,true
1050,200,200,3,4,true,850,8950,0.270,32.4,true,200,true
1050,350,100,5,5,true,700,8950,0.079,217.4,false,100,true
1600,350,550,1,5,true,1250,8400,0.662,-344.6,true,550,true
1600,600,100,5,6,true,1000,8400,0.079,220.5,false,100,true
1600,600,100,5,6,true,1000,8400,0.079,225.8,false,-100,true
1850,600,250,3,7,true,1250,8150,0.270,14.0,true,250,true
2550,750,700,1,8,true,1800,7450,0.662,-444.1,true,700,true
2550,1000,50,5,9,true,1550,7450,0.079,224.6,false,50,true
2800,1000,250,3,9,true,1800,7200,0.270,19.8,true,250,true
2800,1800,100,5,10,true,1000,7200,0.079,219.0,false,100,true
2800,1800,150,4,10,true,1000,7200,0.152,121.4,false,50,true
3050,1800,250,3,10,true,1250,6950,0.270,13.1,true,250,true
3050,1800,200,4,11,true,1250,6950,0.152,109.8,false,200,true
3350,1800,300,3,11,true,1550,6650,0.270,1.1,true,300,true
3850,2850,500,2,12,true,1000,6150,0.449,-176.4,true,500,true
3850,3300,100,5,13,true,550,6150,0.079,223.7,false,100,true
4100,3300,250,3,13,true,800,5900,0.270,16.5,true,250,true
4750,3800,650,2,14,true,950,5250,0.449,-249.2,true,650,true
4750,4050,100,4,15,true,700,5250,0.152,128.0,false,100,true
4750,4050,100,4,15,true,700,5250,0.152,126.8,false,-100,true
5150,4550,400,1,16,true,600,4850,0.662,-240.9,true,400,true
6650,4850,1500,6,17,true,1800,3350,0.030,304.2,true,1500,true
7150,5850,500,1,18,true,1300,2850,0.662,-307.6,true,500,true
7150,6250,100,4,19,true,900,2850,0.152,125.9,false,100,true
7150,6250,100,4,19,true,900,2850,0.152,125.8,false,-100,true
8000,6800,850,1,20,true,1200,2000,0.662,-546.1,true,850,true
8000,8850,0,6,21,true,-850,2000,0.030,351.7,false,0,true
8200,9000,200,3,22,true,-800,1800,0.270,33.8,true,200,true
8200,9100,100,4,23,true,-900,1800,0.152,127.2,false,100,true
8200,9100,100,4,23,true,-900,1800,0.152,125.8,false,-100,true
8200,9300,200,4,24,true,-1100,1800,0.152,115.4,false,200,true
8500,9300,300,3,24,true,-800,1500,0.270,-0.6,true,300,true
8500,9500,200,4,25,true,-1000,1500,0.152,113.5,false,200,true
8950,9500,450,1,25,true,-550,1050,0.662,-270.8,true,450,true
9950,9850,1000,3,26,true,100,50,0.270,-180.0,true,1000,true
9950,9850,350,1,27,true,100,50,0.662,-212.9,true,-350,true
9950,9850,500,2,28,true,100,50,0.449,-169.0,true,-500,true
9950,9850,150,4,29,true,100,50,0.152,120.1,true,-150,true
9950,9850,100,5,30,true,100,50,0.079,223.6,true,-100,true
9950,9850,100,5,31,true,100,50,0.079,216.1,true,-100,true
9950,9850,200,4,32,true,100,50,0.152,111.6,true,-200,true
10000,9850,50,5,33,true,150,0,0.079,218.1,true,50,true
0,0,150,4,1,false,0,10000,0.152,116.9,false,150,false
0,0,250,3,1,false,0,10000,0.270,17.8,false,100,false
0,0,300,2,1,false,0,10000,0.449,-82.7,false,50,false
0,0,350,1,1,false,0,10000,0.662,-209.2,false,50,false
0,0,350,1,1,false,0,10000,0.662,-209.3,false,-350,false
0,250,100,5,2,false,-250,10000,0.079,214.7,false,100,false
0,250,250,3,2,false,-250,10000,0.270,13.7,false,150,false
0,250,500,6,2,false,-250,10000,0.030,343.4,false,250,false
0,250,650,4,2,false,-250,10000,0.152,47.7,false,150,false
0,250,1150,1,2,true,-250,10000,0.662,-740.8,true,1150,false
0,850,100,5,3,true,-850,10000,0.079,208.3,false,100,false
200,850,200,4,3,true,-650,9800,0.152,109.1,true,200,false
200,1050,50,5,4,true,-850,9800,0.079,221.6,false,50,false
350,1050,150,3,4,true,-700,9650,0.270,44.8,true,150,false
350,1600,100,5,5,true,-1250,9650,0.079,211.0,false,100,false
600,1600,250,3,5,true,-1000,9400,0.270,15.1,true,250,false
600,1600,0,6,6,true,-1000,9400,0.030,354.0,false,0,false
750,1850,150,4,7,true,-1100,9250,0.152,120.7,true,150,false
1000,2550,250,3,8,true,-1550,9000,0.270,15.8,true,250,false
1800,2800,800,1,9,true,-1000,8200,0.662,-508.1,true,800,false
1800,3050,0,6,10,true,-1250,8200,0.030,357.4,false,0,false
2850,3350,1050,2,11,true,-500,7150,0.449,-425.8,true,1050,false
2850,3850,150,4,12,true,-1000,7150,0.152,121.1,false,150,false
3300,3850,450,1,12,true,-550,6700,0.662,-271.9,true,450,false
3800,4100,500,3,13,true,-300,6200,0.270,-62.4,true,500,false
4050,4750,250,3,14,true,-700,5950,0.270,21.9,true,250,false
4550,4750,500,1,15,true,-200,5450,0.662,-316.0,true,500,false
4850,5150,300,2,16,true,-300,5150,0.449,-84.7,true,300,false
5850,6650,1000,3,17,true,-800,4150,0.270,-186.3,true,1000,false
6250,7150,400,1,18,true,-900,3750,0.662,-242.1,true,400,false
6800,7150,550,1,19,true,-350,3200,0.662,-343.3,true,550,false
8850,8000,2050,1,20,true,850,1150,0.662,-1349.3,true,2050,false
9000,8000,150,4,21,true,1000,1000,0.152,115.9,true,150,false
9100,8200,100,4,22,true,900,900,0.152,129.4,true,100,false
9300,8200,200,3,23,true,1100,700,0.270,29.7,true,200,false
9500,8500,200,3,24,true,1000,500,0.270,30.9,true,200,false
9850,8950,350,2,25,true,900,150,0.449,-104.9,true,350,false
9850,9950,400,2,26,true,-100,150,0.449,-131.7,true,-400,false
9850,9950,200,3,27,true,-100,150,0.270,30.6,true,-200,false
9850,9950,600,2,28,true,-100,150,0.449,-223.3,true,-600,false
9850,9950,250,3,29,true,-100,150,0.270,20.2,true,-250,false
9850,9950,1100,1,30,true,-100,150,0.662,-721.9,true,-1100,false
9850,9950,250,2,31,true,-100,150,0.449,-62.1,true,-250,false
9850,9950,800,1,32,true,-100,150,0.662,-507.3,true,-800,false
0,0,50,5,1,false,0,10000,0.079,224.9,false,50,true
0,0,800,6,1,false,0,10000,0.030,338.7,false,750,true
0,0,1150,2,1,true,0,10000,0.449,-474.8,true,1150,true
0,0,100,4,2,true,0,10000,0.152,127.4,false,100,true
200,0,200,3,2,true,200,9800,0.270,34.3,true,200,true
700,250,500,3,3,true,450,9300,0.270,-52.5,true,500,true
1300,850,600,3,4,true,450,8700,0.270,-73.6,true,600,true
2050,1200,750,1,5,true,850,7950,0.662,-469.0,true,750,true
2300,1500,250,3,6,true,800,7700,0.270,17.1,true,250,true
2550,1700,250,2,7,true,850,7450,0.449,-63.7,true,250,true
3550,2050,1000,3,8,true,1500,6450,0.270,-179.0,true,1000,true
4000,4050,450,1,9,true,-50,6000,0.662,-271.8,true,450,true
5000,4200,1000,3,10,true,800,5000,0.270,-182.0,true,1000,true
5000,4600,150,4,11,true,400,5000,0.152,120.9,false,150,true
5300,4600,300,2,11,true,700,4700,0.449,-79.4,true,300,true
5550,5300,250,3,12,true,250,4450,0.270,18.5,true,250,true
5850,5550,300,2,13,true,300,4150,0.449,-83.1,true,300,true
6450,5750,600,3,14,true,700,3550,0.270,-83.6,true,600,true
6450,6000,200,4,15,true,450,3550,0.152,116.1,false,200,true
7700,6000,1250,6,15,true,1700,2300,0.030,318.7,true,1250,true
8700,6000,1000,3,16,true,2700,1300,0.270,-199.0,true,1000,true
8750,6200,50,5,17,true,2550,1250,0.079,226.8,true,50,true
9850,6350,1100,1,18,true,3500,150,0.662,-700.7,true,1100,true
10000,6600,150,4,19,true,3400,0,0.152,117.4,true,150,true
0,0,150,4,1,false,0,10000,0.152,115.1,false,150,false
0,0,1150,1,1,true,0,10000,0.662,-725.9,true,1150,false
250,200,250,2,2,true,50,9750,0.449,-60.0,true,250,false
850,700,600,2,3,true,150,9150,0.449,-219.3,true,600,false
850,1300,100,5,4,true,-450,9150,0.079,215.0,false,100,false
1200,1300,350,2,4,true,-100,8800,0.449,-105.4,true,350,false
1500,2050,300,3,5,true,-550,8500,0.270,2.5,true,300,false
1700,2300,200,4,6,true,-600,8300,0.152,111.5,true,200,false
2050,2550,350,1,7,true,-500,7950,0.662,-208.6,true,350,false
4050,3550,2000,1,8,true,500,5950,0.662,-1319.5,true,2000,false
4200,4000,150,4,9,true,200,5800,0.152,119.8,true,150,false
4600,5000,400,2,10,true,-400,5400,0.449,-128.1,true,400,false
5300,5300,700,2,11,true,0,4700,0.449,-260.5,true,700,false
5550,5550,250,2,12,true,0,4450,0.449,-61.6,true,250,false
5750,5850,200,3,13,true,-100,4250,0.270,25.2,true,200,false
5750,6450,50,5,14,true,-700,4250,0.079,216.3,false,50,false
6000,6450,250,3,14,true,-450,4000,0.270,16.2,true,250,false
6000,7700,50,5,15,true,-1700,4000,0.079,221.3,false,50,false
6000,7700,50,5,15,true,-1700,4000,0.079,219.2,false,-50,false
6000,8700,100,4,16,true,-2700,4000,0.152,126.4,false,100,false
6200,8700,200,3,16,true,-2500,3800,0.270,28.8,true,200,false
6350,8750,150,4,17,true,-2400,3650,0.152,114.6,true,150,false
6600,9850,250,3,18,true,-3250,3400,0.270,15.2,true,250,false
0,0,150,4,1,false,0,10000,0.152,121.5,false,150,true
0,0,200,3,1,false,0,10000,0.270,33.1,false,50,true
0,0,300,2,1,false,0,10000,0.449,-84.8,false,100,true
0,0,300,2,1,false,0,10000,0.449,-84.0,false,-300,true
0,0,550,1,2,false,0,10000,0.662,-340.1,false,550,true
0,0,650,6,2,false,0,10000,0.030,332.9,false,100,true
0,0,2150,6,2,true,0,10000,0.030,292.1,true,2150,true
250,300,250,3,3,true,-50,9750,0.270,18.7,true,250,true
250,450,150,4,4,true,-200,9750,0.152,119.9,false,150,true
650,450,400,1,4,true,200,9350,0.662,-234.5,true,400,true
950,800,300,3,5,true,150,9050,0.270,2.7,true,300,true
950,1250,100,4,6,true,-300,9050,0.152,129.4,false,100,true
1100,1250,150,3,6,true,-150,8900,0.270,47.4,true,150,true
1500,1500,400,2,7,true,0,8500,0.449,-127.0,true,400,true
1500,1750,150,4,8,true,-250,8500,0.152,118.4,false,150,true
1800,1750,300,2,8,true,50,8200,0.449,-83.5,true,300,true
2100,2400,300,2,9,true,-300,7900,0.449,-86.8,true,300,true
3150,2600,1050,2,10,true,550,6850,0.449,-431.5,true,1050,true
3150,3300,0,6,11,true,-150,6850,0.030,362.9,false,0,true
3850,3750,700,2,12,true,100,6150,0.449,-261.4,true,700,true
4700,4450,850,1,13,true,250,5300,0.662,-535.8,true,850,true
4700,4650,200,4,14,true,50,5300,0.152,109.0,false,200,true
5050,4650,350,2,14,true,400,4950,0.449,-102.1,true,350,true
5300,5450,250,3,15,true,-150,4700,0.270,14.7,true,250,true
5550,5650,250,3,16,true,-100,4450,0.270,25.7,true,250,true
6250,5850,700,1,17,true,400,3750,0.662,-448.0,true,700,true
6500,6000,250,3,18,true,500,3500,0.270,18.1,true,250,true
7200,6250,700,1,19,true,950,2800,0.662,-440.6,true,700,true
7200,6500,150,4,20,true,700,2800,0.152,119.8,false,150,true
7500,6500,300,2,20,true,1000,2500,0.449,-83.6,true,300,true
7700,7800,200,3,21,true,-100,2300,0.270,30.8,true,200,true
7700,8400,50,5,22,true,-700,2300,0.079,228.9,false,50,true
7700,8400,100,4,22,true,-700,2300,0.152,128.3,false,50,true
7950,8400,250,2,22,true,-450,2050,0.449,-60.6,true,250,true
8200,9000,250,3,23,true,-800,1800,0.270,17.2,true,250,true
8500,9100,300,2,24,true,-600,1500,0.449,-80.0,true,300,true
8500,9750,150,4,25,true,-1250,1500,0.152,118.9,false,150,true
8850,9750,350,2,25,true,-900,1150,0.449,-106.9,true,350,true
9150,9950,300,2,26,true,-800,850,0.449,-83.4,true,300,true
9650,9950,500,3,27,true,-300,350,0.270,-51.5,true,500,true
9800,9950,150,4,28,true,-150,200,0.152,119.3,true,150,true
9800,9950,250,3,29,true,-150,200,0.270,16.2,true,-250,true
10000,9950,200,3,30,true,50,0,0.270,34.4,true,200,true
0,0,550,6,1,false,0,10000,0.030,342.1,false,550,false
0,0,2050,6,1,true,0,10000,0.030,293.2,true,2050,false
0,0,50,5,2,true,0,10000,0.079,219.3,false,50,false
300,0,300,2,2,true,300,9700,0.449,-82.6,true,300,false
300,250,100,4,3,true,50,9700,0.152,130.0,false,100,false
450,250,150,3,3,true,200,9550,0.270,45.1,true,150,false
800,650,350,1,4,true,150,9200,0.662,-212.8,true,350,false
1250,950,450,1,5,true,300,8750,0.662,-281.4,true,450,false
1250,1100,50,5,6,true,150,8750,0.079,222.2,false,50,false
1500,1100,250,2,6,true,400,8500,0.449,-62.4,true,250,false
1500,1500,100,5,7,true,0,8500,0.079,223.8,false,100,false
1750,1500,250,3,7,true,250,8250,0.270,17.9,true,250,false
1750,1800,50,5,8,true,-50,8250,0.079,220.4,false,50,false
2400,1800,650,6,8,true,600,7600,0.030,343.9,true,650,false
2600,2100,200,4,9,true,500,7400,0.152,109.9,true,200,false
3300,3150,700,1,10,true,150,6700,0.662,-450.7,true,700,false
3750,3150,450,2,11,true,600,6250,0.449,-146.4,true,450,false
4450,3850,700,1,12,true,600,5550,0.662,-444.9,true,700,false
4450,4700,100,4,13,true,-250,5550,0.152,130.9,false,100,false
4650,4700,200,3,13,true,-50,5350,0.270,31.3,true,200,false
5450,5050,800,2,14,true,400,4550,0.449,-307.1,true,800,false
5650,5300,200,4,15,true,350,4350,0.152,112.0,true,200,false
5650,5550,50,5,16,true,100,4350,0.079,223.3,false,50,false
5650,5550,100,4,16,true,100,4350,0.152,128.4,false,50,false
5850,5550,200,3,16,true,300,4150,0.270,26.4,true,200,false
6000,6250,150,4,17,true,-250,4000,0.152,121.1,true,150,false
6250,6500,250,3,18,true,-250,3750,0.270,18.4,true,250,false
6250,7200,100,5,19,true,-950,3750,0.079,218.8,false,100,false
6500,7200,250,3,19,true,-700,3500,0.270,18.6,true,250,false
7800,7500,1300,1,20,true,300,2200,0.662,-846.2,true,1300,false
8400,7700,600,2,21,true,700,1600,0.449,-222.5,true,600,false
9000,7950,600,2,22,true,1050,1000,0.449,-219.8,true,600,false
9100,8200,100,4,23,true,900,900,0.152,123.1,true,100,false
9750,8500,650,2,24,true,1250,250,0.449,-246.2,true,650,false
9950,8850,200,3,25,true,1100,50,0.270,31.6,true,200,false
9950,9150,150,4,26,true,800,50,0.152,115.4,true,-150,false
9950,9650,250,3,27,true,300,50,0.270,16.9,true,-250,false
9950,9800,100,5,28,true,150,50,0.079,218.5,true,-100,false
9950,9800,1050,2,29,true,150,50,0.449,-422.9,true,-1050,false
0,0,250,3,1,false,0,10000,0.270,15.2,false,250,true
0,0,450,1,1,false,0,10000,0.662,-281.8,false,200,true
0,0,450,1,1,false,0,10000,0.662,-272.6,false,-450,true
0,0,450,2,2,false,0,10000,0.449,-148.8,false,450,true
0,0,450,2,2,false,0,10000,0.449,-144.8,false,-450,true
0,0,1050,2,3,true,0,10000,0.449,-415.0,true,1050,true
0,200,200,4,4,true,-200,10000,0.152,109.4,false,200,true
0,200,200,4,4,true,-200,10000,0.152,110.7,false,-200,true
200,550,200,3,5,true,-350,9800,0.270,31.4,true,200,true
200,550,150,4,6,true,-350,9800,0.152,122.1,false,150,true
550,550,350,2,6,true,0,9450,0.449,-107.6,true,350,true
800,1400,250,3,7,true,-600,9200,0.270,15.0,true,250,true
1050,1550,250,3,8,true,-500,8950,0.270,21.4,true,250,true
1250,2050,200,3,9,true,-800,8750,0.270,29.6,true,200,true
1250,2650,50,5,10,true,-1400,8750,0.079,222.7,false,50,true
1700,2650,450,2,10,true,-950,8300,0.449,-149.8,true,450,true
1700,4750,200,4,11,true,-3050,8300,0.152,112.9,false,200,true
2000,4750,300,3,11,true,-2750,8000,0.270,7.9,true,300,true
2000,4950,50,5,12,true,-2950,8000,0.079,221.5,false,50,true
2200,4950,200,3,12,true,-2750,7800,0.270,31.5,true,200,true
2200,5150,200,4,13,true,-2950,7800,0.152,109.5,false,200,true
2550,5150,350,2,13,true,-2600,7450,0.449,-108.3,true,350,true
6550,5350,4000,1,14,true,1200,3450,0.662,-2633.1,true,4000,true
6750,5550,200,3,15,true,1200,3250,0.270,32.6,true,200,true
7000,5850,250,3,16,true,1150,3000,0.270,18.6,true,250,true
7300,6000,300,2,17,true,1300,2700,0.449,-81.1,true,300,true
7300,6150,0,6,18,true,1150,2700,0.030,358.1,false,0,true
8000,6750,700,1,19,true,1250,2000,0.662,-439.7,true,700,true
8200,6950,200,3,20,true,1250,1800,0.270,32.8,true,200,true
8200,7800,150,4,21,true,400,1800,0.152,119.4,false,150,true
8650,7800,450,6,21,true,850,1350,0.030,355.9,true,450,true
8800,7950,150,4,22,true,850,1200,0.152,120.4,true,150,true
9350,8200,550,1,23,true,1150,650,0.662,-343.6,true,550,true
9350,8450,1300,1,24,true,900,650,0.662,-865.0,true,-1300,true
9950,9150,600,2,25,true,800,50,0.449,-212.1,true,600,true
9950,9150,100,5,26,true,800,50,0.079,218.1,true,-100,true
10000,9300,50,5,27,true,700,0,0.079,221.6,true,50,true
0,0,0,6,1,false,0,10000,0.030,354.9,false,0,false
0,0,2050,1,2,true,0,10000,0.662,-1356.2,true,2050,false
200,0,200,3,3,true,200,9800,0.270,24.5,true,200,false
550,0,350,1,4,true,550,9450,0.662,-211.1,true,350,false
550,200,0,6,5,true,350,9450,0.030,358.5,false,0,false
1400,550,850,1,6,true,850,8600,0.662,-541.2,true,850,false
1400,800,50,5,7,true,600,8600,0.079,222.7,false,50,false
1400,800,100,4,7,true,600,8600,0.152,121.9,false,50,false
1550,800,150,3,7,true,750,8450,0.270,43.1,true,150,false
2050,1050,500,2,8,true,1000,7950,0.449,-172.4,true,500,false
2650,1250,600,3,9,true,1400,7350,0.270,-68.0,true,600,false
4750,1700,2100,6,10,true,3050,5250,0.030,293.3,true,2100,false
4950,2000,200,3,11,true,2950,5050,0.270,35.0,true,200,false
5150,2200,200,4,12,true,2950,4850,0.152,118.2,true,200,false
5350,2550,200,3,13,true,2800,4650,0.270,33.6,true,200,false
5350,6550,100,5,14,true,-1200,4650,0.079,223.7,false,100,false
5550,6550,200,4,14,true,-1000,4450,0.152,117.1,true,200,false
5550,6750,150,4,15,true,-1200,4450,0.152,115.5,false,150,false
5850,6750,300,2,15,true,-900,4150,0.449,-82.2,true,300,false
5850,7000,100,4,16,true,-1150,4150,0.152,123.2,false,100,false
6000,7000,150,3,16,true,-1000,4000,0.270,48.3,true,150,false
6000,7300,100,5,17,true,-1300,4000,0.079,218.1,false,100,false
6150,7300,150,4,17,true,-1150,3850,0.152,120.2,true,150,false
6750,7300,600,2,18,true,-550,3250,0.449,-215.1,true,600,false
6950,8000,200,4,19,true,-1050,3050,0.152,112.3,true,200,false
7800,8200,850,6,20,true,-400,2200,0.030,332.6,true,850,false
7800,8650,100,4,21,true,-850,2200,0.152,125.1,false,100,false
7950,8650,150,3,21,true,-700,2050,0.270,44.9,true,150,false
8200,8800,250,3,22,true,-600,1800,0.270,20.6,true,250,false
8200,9350,150,4,23,true,-1150,1800,0.152,125.6,false,150,false
8450,9350,250,3,23,true,-900,1550,0.270,20.2,true,250,false
9150,9350,700,6,24,true,-200,850,0.030,339.3,true,700,false
9150,9950,1000,3,25,true,-800,850,0.270,-184.7,true,-1000,false
9300,9950,150,4,26,true,-650,700,0.152,118.2,true,150,false
0,0,1100,1,1,true,0,10000,0.662,-695.6,true,1100,true
0,0,150,4,2,true,0,10000,0.152,120.6,false,150,true
300,0,300,2,2,true,300,9700,0.449,-84.9,true,300,true
300,0,150,4,3,true,300,9700,0.152,119.1,false,150,true
650,0,350,2,3,true,650,9350,0.449,-109.9,true,350,true
650,0,100,4,4,true,650,9350,0.152,124.7,false,100,true
650,0,100,4,4,true,650,9350,0.152,126.0,false,-100,true
650,250,50,5,5,true,400,9350,0.079,227.7,false,50,true
650,250,100,4,5,true,400,9350,0.152,128.6,false,50,true
1050,250,400,6,5,true,800,8950,0.030,356.7,true,400,true
1050,1350,50,5,6,true,-300,8950,0.079,223.1,false,50,true
1250,1350,200,3,6,true,-100,8750,0.270,29.9,true,200,true
1250,1650,150,4,7,true,-400,8750,0.152,120.2,false,150,true
1450,1650,200,3,7,true,-200,8550,0.270,29.8,true,200,true
1750,1850,300,2,8,true,-100,8250,0.449,-84.5,true,300,true
1950,2050,200,3,9,true,-100,8050,0.270,34.6,true,200,true
2250,2050,300,2,10,true,200,7750,0.449,-83.6,true,300,true
3300,2750,1050,2,11,true,550,6700,0.449,-420.5,true,1050,true
3300,3400,100,5,12,true,-100,6700,0.079,222.2,false,100,true
3300,3400,200,4,12,true,-100,6700,0.152,116.8,false,100,true
3550,3400,250,3,12,true,150,6450,0.270,21.0,true,250,true
3750,3800,200,3,13,true,-50,6250,0.270,31.4,true,200,true
4000,4050,250,3,14,true,-50,6000,0.270,16.7,true,250,true
4200,4050,200,3,15,true,150,5800,0.270,32.5,true,200,true
4450,4750,250,3,16,true,-300,5550,0.270,17.2,true,250,true
4450,5100,150,4,17,true,-650,5550,0.152,118.5,false,150,true
4650,5100,200,3,17,true,-450,5350,0.270,31.4,true,200,true
4850,5450,200,3,18,true,-600,5150,0.270,31.9,true,200,true
4850,5650,0,6,19,true,-800,5150,0.030,354.7,false,0,true
5300,5900,450,1,20,true,-600,4700,0.662,-275.8,true,450,true
5300,6150,100,4,21,true,-850,4700,0.152,127.4,false,100,true
5500,6150,200,2,21,true,-650,4500,0.449,-33.4,true,200,true
6500,6450,1000,3,22,true,50,3500,0.270,-187.9,true,1000,true
7150,6750,650,2,23,true,400,2850,0.449,-237.9,true,650,true
8400,7000,1250,1,24,true,1400,1600,0.662,-815.7,true,1250,true
8900,7200,500,3,25,true,1700,1100,0.270,-45.0,true,500,true
9000,7550,100,5,26,true,1450,1000,0.079,215.6,true,100,true
10000,7950,1000,3,27,true,2050,0,0.270,-174.8,true,1000,true
0,0,100,5,1,false,0,10000,0.079,219.3,false,100,false
0,0,750,1,1,false,0,10000,0.662,-473.0,false,650,false
0,0,750,1,1,false,0,10000,0.662,-475.4,false,-750,false
0,300,400,2,2,false,-300,10000,0.449,-129.5,false,400,false
0,300,400,2,2,false,-300,10000,0.449,-135.3,false,-400,false
0,650,1200,6,3,true,-650,10000,0.030,318.4,true,1200,false
250,650,250,2,4,true,-400,9750,0.449,-62.9,true,250,false
250,1050,100,5,5,true,-800,9750,0.079,215.6,false,100,false
1350,1050,1100,2,5,true,300,8650,0.449,-439.9,true,1100,false
1350,1250,100,5,6,true,100,8650,0.079,222.3,false,100,false
1650,1250,300,2,6,true,400,8350,0.449,-82.1,true,300,false
1850,1450,200,4,7,true,400,8150,0.152,110.3,true,200,false
2050,1750,200,3,8,true,300,7950,0.270,28.4,true,200,false
2050,1950,150,4,9,true,100,7950,0.152,119.5,false,150,false
2050,1950,150,4,9,true,100,7950,0.152,124.0,false,-150,false
2750,2250,700,1,10,true,500,7250,0.662,-435.5,true,700,false
2750,3300,50,5,11,true,-550,7250,0.079,221.7,false,50,false
3400,3300,650,1,11,true,100,6600,0.662,-411.5,true,650,false
3800,3550,400,1,12,true,250,6200,0.662,-239.2,true,400,false
3800,3750,150,4,13,true,50,6200,0.152,114.8,false,150,false
4050,3750,250,3,13,true,300,5950,0.270,20.5,true,250,false
4050,4000,0,6,14,true,50,5950,0.030,354.9,false,0,false
4750,4200,700,1,15,true,550,5250,0.662,-449.0,true,700,false
5100,4450,350,2,16,true,650,4900,0.449,-102.3,true,350,false
5450,4650,350,2,17,true,800,4550,0.449,-101.3,true,350,false
5650,4850,200,4,18,true,800,4350,0.152,109.1,true,200,false
5650,4850,150,4,19,true,800,4350,0.152,125.6,false,150,false
5900,4850,250,3,19,true,1050,4100,0.270,12.6,true,250,false
6150,5300,250,3,20,true,850,3850,0.270,20.8,true,250,false
6450,5500,300,2,21,true,950,3550,0.449,-85.3,true,300,false
6750,6500,300,2,22,true,250,3250,0.449,-78.0,true,300,false
7000,7150,250,3,23,true,-150,3000,0.270,13.8,true,250,false
7200,8400,200,4,24,true,-1200,2800,0.152,113.1,true,200,false
7200,8900,100,4,25,true,-1700,2800,0.152,125.9,false,100,false
7550,8900,350,1,25,true,-1350,2450,0.662,-210.4,true,350,false
7950,9000,400,1,26,true,-1050,2050,0.662,-239.9,true,400,false
0,0,600,2,1,false,0,10000,0.449,-211.6,false,600,false
0,0,750,6,1,false,0,10000,0.030,341.3,false,150,false
0,0,1000,3,1,true,0,10000,0.270,-208.4,true,1000,false
450,0,450,2,2,true,450,9550,0.449,-153.0,true,450,false
650,700,200,3,3,true,-50,9350,0.270,34.3,true,200,false
650,700,100,4,4,true,-50,9350,0.152,124.3,false,100,false
950,700,300,1,4,true,250,9050,0.662,-173.0,true,300,false
1150,1400,200,3,5,true,-250,8850,0.270,34.0,true,200,false
1150,2000,100,4,6,true,-850,8850,0.152,126.9,false,100,false
1150,2000,100,4,6,true,-850,8850,0.152,125.0,false,-100,false
2150,2300,1000,3,7,true,-150,7850,0.270,-204.6,true,1000,false
2400,2500,250,3,8,true,-100,7600,0.270,19.4,true,250,false
2400,2800,100,4,9,true,-400,7600,0.152,129.5,false,100,false
2750,2800,350,1,9,true,-50,7250,0.662,-209.2,true,350,false
2750,2950,50,5,10,true,-200,7250,0.079,231.1,false,50,false
2750,2950,50,5,10,true,-200,7250,0.079,221.1,false,-50,false
3250,3450,500,2,11,true,-200,6750,0.449,-164.1,true,500,false
3250,3600,50,5,12,true,-350,6750,0.079,223.7,false,50,false
3450,3600,200,3,12,true,-150,6550,0.270,26.2,true,200,false
3450,4650,150,4,13,true,-1200,6550,0.152,122.8,false,150,false
3650,4650,200,3,13,true,-1000,6350,0.270,32.6,true,200,false
3650,5050,100,4,14,true,-1400,6350,0.152,129.5,false,100,false
3800,5050,150,3,14,true,-1250,6200,0.270,44.9,true,150,false
4700,5300,900,1,15,true,-600,5300,0.662,-573.1,true,900,false
4700,5500,150,4,16,true,-800,5300,0.152,121.4,false,150,false
4950,5500,250,3,16,true,-550,5050,0.270,16.8,true,250,false
5950,5700,1000,3,17,true,250,4050,0.270,-181.0,true,1000,false
6150,5700,200,3,18,true,450,3850,0.270,32.3,true,200,false
6550,5950,400,3,19,true,600,3450,0.270,-22.9,true,400,false
6550,5950,100,5,20,true,600,3450,0.079,219.3,false,100,false
6800,5950,250,3,20,true,850,3200,0.270,16.4,true,250,false
7100,6100,300,2,21,true,1000,2900,0.449,-84.8,true,300,false
7100,6300,50,5,22,true,800,2900,0.079,221.8,false,50,false
7100,6300,150,4,22,true,800,2900,0.152,122.9,false,100,false
7300,6300,200,3,22,true,1000,2700,0.270,35.5,true,200,false
7550,6450,250,3,23,true,1100,2450,0.270,16.3,true,250,false
7550,7050,200,4,24,true,500,2450,0.152,112.6,false,200,false
7800,7050,250,3,24,true,750,2200,0.270,20.7,true,250,false
8000,7300,200,3,25,true,700,2000,0.270,33.1,true,200,false
8000,7800,200,4,26,true,200,2000,0.152,109.6,false,200,false
8350,7800,350,2,26,true,550,1650,0.449,-101.4,true,350,false
8350,8800,100,5,27,true,-450,1650,0.079,222.0,false,100,false
8600,8800,250,3,27,true,-200,1400,0.270,16.5,true,250,false
9100,8950,500,2,28,true,150,900,0.449,-171.2,true,500,false
9900,9250,800,1,29,true,650,100,0.662,-498.9,true,800,false
9950,9450,50,5,30,true,500,50,0.079,222.6,true,50,false
9950,9850,1500,6,31,true,100,50,0.030,311.0,true,-1500,false
9950,9900,200,3,32,true,50,50,0.270,32.9,true,-200,false
0,0,1500,6,1,true,0,10000,0.030,316.0,true,1500,true
700,450,700,2,2,true,250,9300,0.449,-258.7,true,700,true
700,650,0,6,3,true,50,9300,0.030,356.7,false,0,true
1400,950,700,2,4,true,450,8600,0.449,-266.3,true,700,true
2000,1150,600,2,5,true,850,8000,0.449,-212.1,true,600,true
2300,1150,300,2,6,true,1150,7700,0.449,-89.9,true,300,true
2500,2150,200,4,7,true,350,7500,0.152,109.2,true,200,true
2800,2400,300,2,8,true,400,7200,0.449,-82.8,true,300,true
2800,2750,50,5,9,true,50,7200,0.079,223.7,false,50,true
2950,2750,150,3,9,true,200,7050,0.270,44.6,true,150,true
3450,2750,500,3,10,true,700,6550,0.270,-52.7,true,500,true
3600,3250,150,4,11,true,350,6400,0.152,123.0,true,150,true
4650,3450,1050,2,12,true,1200,5350,0.449,-427.1,true,1050,true
5050,3650,400,2,13,true,1400,4950,0.449,-128.6,true,400,true
5300,3800,250,3,14,true,1500,4700,0.270,19.0,true,250,true
5500,4700,200,3,15,true,800,4500,0.270,26.1,true,200,true
5500,4950,150,4,16,true,550,4500,0.152,116.5,false,150,true
5700,4950,200,3,16,true,750,4300,0.270,31.8,true,200,true
5700,5950,0,6,17,true,-250,4300,0.030,355.2,false,0,true
5700,6150,50,5,18,true,-450,4300,0.079,222.8,false,50,true
5950,6150,250,2,18,true,-200,4050,0.449,-59.5,true,250,true
5950,6550,0,6,19,true,-600,4050,0.030,350.4,false,0,true
6100,6800,150,4,20,true,-700,3900,0.152,113.0,true,150,true
6300,7100,200,3,21,true,-800,3700,0.270,31.1,true,200,true
6300,7300,100,4,22,true,-1000,3700,0.152,122.3,false,100,true
6450,7300,150,3,22,true,-850,3550,0.270,48.4,true,150,true
7050,7550,600,3,23,true,-500,2950,0.270,-85.0,true,600,true
7300,7800,250,3,24,true,-500,2700,0.270,16.5,true,250,true
7800,8000,500,1,25,true,-200,2200,0.662,-306.9,true,500,true
8800,8350,1000,3,26,true,450,1200,0.270,-196.3,true,1000,true
8950,8600,150,4,27,true,350,1050,0.152,117.2,true,150,true
9250,9100,300,3,28,true,150,750,0.270,1.8,true,300,true
9450,9900,200,3,29,true,-450,550,0.270,32.8,true,200,true
9850,9950,400,3,30,true,-100,150,0.270,-20.1,true,400,true
9900,9950,50,5,31,true,-50,100,0.079,224.1,true,50,true
10000,9950,100,4,32,true,50,0,0.152,129.8,true,100,true
0,0,250,3,1,false,0,10000,0.270,17.1,false,250,true
0,0,450,1,1,false,0,10000,0.662,-281.4,false,200,true
0,0,450,1,1,false,0,10000,0.662,-277.5,false,-450,true
0,0,150,4,2,false,0,10000,0.152,117.7,false,150,true
0,0,300,2,2,false,0,10000,0.449,-86.5,false,150,true
0,0,450,6,2,false,0,10000,0.030,343.2,false,150,true
0,0,550,5,2,false,0,10000,0.079,184.4,false,100,true
0,0,650,4,2,false,0,10000,0.152,47.9,false,100,true
0,0,750,3,2,false,0,10000,0.270,-125.5,false,100,true
0,0,800,2,2,false,0,10000,0.449,-300.5,false,50,true
0,0,800,2,2,false,0,10000,0.449,-314.9,false,-800,true
0,0,150,4,3,false,0,10000,0.152,115.5,false,150,true
0,0,350,2,3,false,0,10000,0.449,-110.7,false,200,true
0,0,350,2,3,false,0,10000,0.449,-107.3,false,-350,true
0,0,600,3,4,false,0,10000,0.270,-77.8,false,600,true
0,0,650,2,4,false,0,10000,0.449,-232.1,false,50,true
0,0,700,1,4,false,0,10000,0.662,-441.0,false,50,true
0,0,700,1,4,false,0,10000,0.662,-430.4,false,-700,true
0,0,300,2,5,false,0,10000,0.449,-80.0,false,300,true
0,0,400,1,5,false,0,10000,0.662,-241.2,false,100,true
0,0,500,6,5,false,0,10000,0.030,341.7,false,100,true
0,0,500,6,5,false,0,10000,0.030,347.7,false,-500,true
0,0,1100,1,6,true,0,10000,0.662,-707.1,true,1100,true
0,0,100,4,7,true,0,10000,0.152,126.6,false,100,true
150,0,150,3,7,true,150,9850,0.270,43.2,true,150,true
750,0,600,2,8,true,750,9250,0.449,-220.2,true,600,true
1800,0,1050,2,9,true,1800,8200,0.449,-413.2,true,1050,true
1800,0,150,4,10,true,1800,8200,0.152,118.6,false,150,true
3950,0,2150,6,10,true,3950,6050,0.030,298.2,true,2150,true
4800,0,850,1,11,true,4800,5200,0.662,-545.9,true,850,true
5300,0,500,6,12,true,5300,4700,0.030,341.8,true,500,true
6000,0,700,2,13,true,6000,4000,0.449,-263.9,true,700,true
6350,0,350,2,14,true,6350,3650,0.449,-104.1,true,350,true
7400,0,1050,2,15,true,7400,2600,0.449,-409.1,true,1050,true
7400,350,0,6,16,true,7050,2600,0.030,359.1,false,0,true
8450,650,1050,2,17,true,7800,1550,0.449,-428.0,true,1050,true
9200,1100,750,1,18,true,8100,800,0.662,-468.8,true,750,true
9450,1500,250,3,19,true,7950,550,0.270,22.8,true,250,true
9750,1500,300,2,20,true,8250,250,0.449,-79.5,true,300,true
9950,1650,200,4,21,true,8300,50,0.152,113.2,true,200,true
9950,2000,200,3,22,true,7950,50,0.270,30.6,true,-200,true
9950,2000,100,5,23,true,7950,50,0.079,216.7,true,-100,true
9950,2450,150,4,24,true,7500,50,0.152,121.0,true,-150,true
9950,2950,200,3,25,true,7000,50,0.270,29.4,true,-200,true
9950,2950,250,3,26,true,7000,50,0.270,18.0,true,-250,true
9950,3250,600,2,27,true,6700,50,0.449,-213.5,true,-600,true
9950,3650,100,4,28,true,6300,50,0.152,127.4,true,-100,true
10000,3850,50,5,29,true,6150,0,0.079,220.6,true,50,true
0,0,100,5,1,false,0,10000,0.079,208.2,false,100,false
0,0,350,2,1,false,0,10000,0.449,-98.2,false,250,false
0,0,350,2,1,false,0,10000,0.449,-103.9,false,-350,false
0,0,150,4,2,false,0,10000,0.152,118.7,false,150,false
0,0,300,2,2,false,0,10000,0.449,-85.0,false,150,false
0,0,300,2,2,false,0,10000,0.449,-81.7,false,-300,false
0,0,200,3,3,false,0,10000,0.270,31.3,false,200,false
0,0,200,3,3,false,0,10000,0.270,26.5,false,-200,false
0,0,200,3,4,false,0,10000,0.270,30.5,false,200,false
0,0,350,1,4,false,0,10000,0.662,-207.2,false,150,false
0,0,350,1,4,false,0,10000,0.662,-208.8,false,-350,false
0,0,400,2,5,false,0,10000,0.449,-129.3,false,400,false
0,0,400,2,5,false,0,10000,0.449,-134.8,false,-400,false
0,0,50,5,6,false,0,10000,0.079,215.6,false,50,false
0,0,200,3,6,false,0,10000,0.270,33.9,false,150,false
0,0,200,3,6,false,0,10000,0.270,31.6,false,-200,false
0,150,200,3,7,false,-150,10000,0.270,30.7,false,200,false
0,150,200,3,7,false,-150,10000,0.270,31.7,false,-200,false
0,750,200,3,8,false,-750,10000,0.270,26.4,false,200,false
0,750,200,3,8,false,-750,10000,0.270,32.4,false,-200,false
0,1800,150,4,9,false,-1800,10000,0.152,122.5,false,150,false
0,1800,350,2,9,false,-1800,10000,0.449,-103.7,false,200,false
0,1800,350,2,9,false,-1800,10000,0.449,-105.8,false,-350,false
0,3950,200,4,10,false,-3950,10000,0.152,110.7,false,200,false
0,3950,400,1,10,false,-3950,10000,0.662,-244.7,false,200,false
0,3950,400,1,10,false,-3950,10000,0.662,-242.0,false,-400,false
0,4800,250,3,11,false,-4800,10000,0.270,17.6,false,250,false
0,4800,300,2,11,false,-4800,10000,0.449,-87.2,false,50,false
0,4800,450,6,11,false,-4800,10000,0.030,339.8,false,150,false
0,4800,700,3,11,false,-4800,10000,0.270,-104.9,false,250,false
0,4800,700,3,11,false,-4800,10000,0.270,-108.3,false,-700,false
0,5300,150,4,12,false,-5300,10000,0.152,122.6,false,150,false
0,5300,450,1,12,false,-5300,10000,0.662,-279.4,false,300,false
0,5300,500,6,12,false,-5300,10000,0.030,352.0,false,50,false
0,5300,700,3,12,false,-5300,10000,0.270,-114.5,false,200,false
0,5300,750,2,12,false,-5300,10000,0.449,-280.8,false,50,false
0,5300,750,2,12,false,-5300,10000,0.449,-280.7,false,-750,false
0,6000,300,3,13,false,-6000,10000,0.270,3.2,false,300,false
0,6000,300,3,13,false,-6000,10000,0.270,-0.5,false,-300,false
0,6350,650,2,14,false,-6350,10000,0.449,-229.5,false,650,false
0,6350,700,1,14,false,-6350,10000,0.662,-437.7,false,50,false
0,6350,800,6,14,false,-6350,10000,0.030,341.4,false,100,false
0,6350,900,4,14,false,-6350,10000,0.152,-5.2,false,100,false
0,6350,950,3,14,false,-6350,10000,0.270,-173.0,false,50,false
0,6350,1000,2,14,true,-6350,10000,0.449,-399.7,true,1000,false
0,7400,150,4,15,true,-7400,10000,0.152,119.9,false,150,false
350,7400,350,1,15,true,-7050,9650,0.662,-206.8,true,350,false
350,7400,100,5,16,true,-7050,9650,0.079,214.1,false,100,false
650,7400,300,3,16,true,-6750,9350,0.270,4.2,true,300,false
1100,8450,450,6,17,true,-7350,8900,0.030,335.7,true,450,false
1100,9200,100,5,18,true,-8100,8900,0.079,217.6,false,100,false
1500,9200,400,2,18,true,-7700,8500,0.449,-131.0,true,400,false
1500,9450,0,6,19,true,-7950,8500,0.030,355.2,false,0,false
1650,9750,150,4,20,true,-8100,8350,0.152,125.1,true,150,false
2000,9950,350,1,21,true,-7950,8000,0.662,-206.3,true,350,false
2000,9950,0,6,22,true,-7950,8000,0.030,372.6,false,0,false
2000,9950,50,5,23,true,-7950,8000,0.079,222.6,false,50,false
2450,9950,450,1,23,true,-7500,7550,0.662,-275.2,true,450,false
2450,9950,50,5,24,true,-7500,7550,0.079,223.9,false,50,false
2950,9950,500,1,24,true,-7000,7050,0.662,-309.0,true,500,false
2950,9950,150,4,25,true,-7000,7050,0.152,121.3,false,150,false
2950,9950,150,4,25,true,-7000,7050,0.152,121.8,false,-150,false
3250,9950,300,2,26,true,-6700,6750,0.449,-85.2,true,300,false
3250,9950,150,4,27,true,-6700,6750,0.152,114.7,false,150,false
3650,9950,400,1,27,true,-6300,6350,0.662,-245.5,true,400,false
3850,9950,200,4,28,true,-6100,6150,0.152,110.3,true,200,false
0,0,700,1,1,false,0,10000,0.662,-443.1,false,700,true
0,0,700,1,1,false,0,10000,0.662,-443.6,false,-700,true
0,0,200,3,2,false,0,10000,0.270,33.8,false,200,true
0,0,500,6,2,false,0,10000,0.030,338.9,false,300,true
0,0,500,6,2,false,0,10000,0.030,349.4,false,-500,true
0,0,1000,3,3,true,0,10000,0.270,-186.8,true,1000,true
700,0,700,1,4,true,700,9300,0.662,-438.4,true,700,true
1050,0,350,1,5,true,1050,8950,0.662,-209.1,true,350,true
1250,0,200,3,6,true,1250,8750,0.270,26.1,true,200,true
2300,0,1050,2,7,true,2300,7700,0.449,-421.9,true,1050,true
2300,0,150,4,8,true,2300,7700,0.152,119.3,false,150,true
2550,0,250,2,8,true,2550,7450,0.449,-62.5,true,250,true
2550,300,50,5,9,true,2250,7450,0.079,223.7,false,50,true
2700,300,150,3,9,true,2400,7300,0.270,48.1,true,150,true
3000,650,300,2,10,true,2350,7000,0.449,-78.9,true,300,true
3250,1450,250,3,11,true,1800,6750,0.270,20.9,true,250,true
4300,1600,1050,2,12,true,2700,5700,0.449,-414.9,true,1050,true
5300,1600,1000,2,13,true,3700,4700,0.449,-401.9,true,1000,true
5300,1850,50,5,14,true,3450,4700,0.079,222.8,false,50,true
6050,1850,750,1,14,true,4200,3950,0.662,-479.9,true,750,true
7650,2900,1600,6,15,true,4750,2350,0.030,331.0,true,1600,true
7850,3300,200,3,16,true,4550,2150,0.270,29.3,true,200,true
8600,4400,750,1,17,true,4200,1400,0.662,-476.6,true,750,true
9150,4650,550,1,18,true,4500,850,0.662,-338.4,true,550,true
9350,5000,200,3,19,true,4350,650,0.270,32.0,true,200,true
9400,5600,50,5,20,true,3800,600,0.079,220.1,true,50,true
9500,6100,100,5,21,true,3400,500,0.079,217.9,true,100,true
9500,6300,1000,3,22,true,3200,500,0.270,-190.5,true,-1000,true
9700,7800,200,3,23,true,1900,300,0.270,27.8,true,200,true
9700,8400,600,2,24,true,1300,300,0.449,-223.1,true,-600,true
9900,8600,200,3,25,true,1300,100,0.270,30.2,true,200,true
9950,9000,50,5,26,true,950,50,0.079,223.3,true,50,true
9950,9000,1000,3,27,true,950,50,0.270,-197.5,true,-1000,true
10000,9150,50,5,28,true,850,0,0.079,221.1,true,50,true
0,0,100,4,1,false,0,10000,0.152,129.9,false,100,false
0,0,350,1,1,false,0,10000,0.662,-209.3,false,250,false
0,0,350,1,1,false,0,10000,0.662,-206.1,false,-350,false
0,0,300,1,2,false,0,10000,0.662,-177.0,false,300,false
0,0,300,1,2,false,0,10000,0.662,-176.1,false,-300,false
0,0,300,2,3,false,0,10000,0.449,-79.5,false,300,false
0,0,300,2,3,false,0,10000,0.449,-84.0,false,-300,false
0,700,50,5,4,false,-700,10000,0.079,220.4,false,50,false
0,700,150,3,4,false,-700,10000,0.270,46.4,false,100,false
0,700,150,3,4,false,-700,10000,0.270,47.3,false,-150,false
0,1050,300,2,5,false,-1050,10000,0.449,-82.8,false,300,false
0,1050,400,1,5,false,-1050,10000,0.662,-239.0,false,100,false
0,1050,400,1,5,false,-1050,10000,0.662,-243.7,false,-400,false
0,1250,200,4,6,false,-1250,10000,0.152,115.9,false,200,false
0,1250,300,3,6,false,-1250,10000,0.270,7.5,false,100,false
0,1250,450,1,6,false,-1250,10000,0.662,-273.3,false,150,false
0,1250,450,1,6,false,-1250,10000,0.662,-274.4,false,-450,false
0,2300,50,5,7,false,-2300,10000,0.079,222.3,false,50,false
0,2300,650,2,7,false,-2300,10000,0.449,-250.5,false,600,false
0,2300,800,6,7,false,-2300,10000,0.030,330.3,false,150,false
0,2300,1450,2,7,true,-2300,10000,0.449,-562.7,true,1450,false
0,2550,150,4,8,true,-2550,10000,0.152,117.8,false,150,false
300,2550,300,2,8,true,-2250,9700,0.449,-88.3,true,300,false
300,2700,100,4,9,true,-2400,9700,0.152,128.2,false,100,false
650,2700,350,1,9,true,-2050,9350,0.662,-210.8,true,350,false
1450,3000,800,2,10,true,-1550,8550,0.449,-303.9,true,800,false
1600,3250,150,4,11,true,-1650,8400,0.152,116.4,true,150,false
1600,4300,100,5,12,true,-2700,8400,0.079,216.3,false,100,false
1600,4300,100,5,12,true,-2700,8400,0.079,213.8,false,-100,false
1600,5300,150,4,13,true,-3700,8400,0.152,121.9,false,150,false
1850,5300,250,3,13,true,-3450,8150,0.270,18.9,true,250,false
2900,6050,1050,2,14,true,-3150,7100,0.449,-419.8,true,1050,false
3300,7650,400,2,15,true,-4350,6700,0.449,-125.3,true,400,false
3300,7850,100,5,16,true,-4550,6700,0.079,214.4,false,100,false
4400,7850,1100,2,16,true,-3450,5600,0.449,-434.6,true,1100,false
4650,8600,250,2,17,true,-3950,5350,0.449,-63.2,true,250,false
5000,9150,350,2,18,true,-4150,5000,0.449,-105.7,true,350,false
5600,9350,600,2,19,true,-3750,4400,0.449,-215.7,true,600,false
6100,9400,500,3,20,true,-3300,3900,0.270,-50.6,true,500,false
6100,9500,100,4,21,true,-3400,3900,0.152,130.0,false,100,false
6300,9500,200,2,21,true,-3200,3700,0.449,-35.6,true,200,false
7800,9500,1500,6,22,true,-1700,2200,0.030,308.2,true,1500,false
8400,9700,600,2,23,true,-1300,1600,0.449,-216.5,true,600,false
8600,9700,200,3,24,true,-1100,1400,0.270,34.4,true,200,false
9000,9900,400,2,25,true,-900,1000,0.449,-123.3,true,400,false
9000,9950,1100,6,26,true,-950,1000,0.030,322.4,true,-1100,false
9150,9950,150,4,27,true,-800,850,0.152,118.1,true,150,false
0,0,50,5,1,false,0,10000,0.079,222.8,false,50,true
0,0,350,1,1,false,0,10000,0.662,-207.3,false,300,true
0,0,400,6,1,false,0,10000,0.030,335.1,false,50,true
0,0,500,4,1,false,0,10000,0.152,74.3,false,100,true
0,0,600,3,1,false,0,10000,0.270,-82.8,false,100,true
0,0,600,3,1,false,0,10000,0.270,-76.3,false,-600,true
0,0,650,2,2,false,0,10000,0.449,-237.9,false,650,true
0,0,850,6,2,false,0,10000,0.030,335.6,false,200,true
0,0,900,5,2,false,0,10000,0.079,151.6,false,50,true
0,0,1000,4,2,true,0,10000,0.152,-12.7,true,1000,true
250,0,250,2,3,true,250,9750,0.449,-61.9,true,250,true
550,0,300,2,4,true,550,9450,0.449,-86.4,true,300,true
1200,300,650,2,5,true,900,8800,0.449,-235.2,true,650,true
1200,1000,100,5,6,true,200,8800,0.079,221.5,false,100,true
1200,1000,150,4,6,true,200,8800,0.152,122.9,false,50,true
1550,1000,350,2,6,true,550,8450,0.449,-108.0,true,350,true
1550,1250,150,4,7,true,300,8450,0.152,124.6,false,150,true
1800,1250,250,3,7,true,550,8200,0.270,21.5,true,250,true
1800,1250,200,4,8,true,550,8200,0.152,113.5,false,200,true
2050,1250,250,3,8,true,800,7950,0.270,15.1,true,250,true
2050,1450,150,4,9,true,600,7950,0.152,120.4,false,150,true
2050,1450,150,4,9,true,600,7950,0.152,122.5,false,-150,true
2050,1650,100,5,10,true,400,7950,0.079,220.3,false,100,true
2350,1650,300,3,10,true,700,7650,0.270,2.6,true,300,true
2550,1900,200,3,11,true,650,7450,0.270,27.0,true,200,true
3050,3400,500,3,12,true,-350,6950,0.270,-53.1,true,500,true
3750,4900,700,1,13,true,-1150,6250,0.662,-433.9,true,700,true
4050,5100,300,2,14,true,-1050,5950,0.449,-81.3,true,300,true
4050,5300,50,5,15,true,-1250,5950,0.079,225.5,false,50,true
4200,5300,150,3,15,true,-1100,5800,0.270,49.2,true,150,true
4200,6100,50,5,16,true,-1900,5800,0.079,221.3,false,50,true
4350,6100,150,3,16,true,-1750,5650,0.270,45.4,true,150,true
5350,6700,1000,3,17,true,-1350,4650,0.270,-183.9,true,1000,true
5350,6900,100,5,18,true,-1550,4650,0.079,218.0,false,100,true
5350,6900,100,5,18,true,-1550,4650,0.079,218.4,false,-100,true
6000,7100,650,2,19,true,-1100,4000,0.449,-242.4,true,650,true
7350,7250,1350,6,20,true,100,2650,0.030,311.8,true,1350,true
7350,7250,100,4,21,true,100,2650,0.152,130.5,false,100,true
7550,7250,200,3,21,true,300,2450,0.270,35.4,true,200,true
7550,7450,50,5,22,true,100,2450,0.079,221.7,false,50,true
7550,7450,100,4,22,true,100,2450,0.152,129.9,false,50,true
8650,7450,1100,1,22,true,1200,1350,0.662,-710.1,true,1100,true
8650,8150,1500,6,23,true,500,1350,0.030,322.8,true,-1500,true
8950,8600,300,2,24,true,350,1050,0.449,-86.5,true,300,true
9350,9100,400,6,25,true,250,650,0.030,346.0,true,400,true
9950,9100,600,2,26,true,850,50,0.449,-210.1,true,600,true
9950,9200,150,4,27,true,750,50,0.152,119.7,true,-150,true
9950,9500,100,4,28,true,450,50,0.152,125.2,true,-100,true
9950,9750,500,2,29,true,200,50,0.449,-173.4,true,-500,true
10000,9900,50,5,30,true,100,0,0.079,221.6,true,50,true
0,0,400,3,1,false,0,10000,0.270,-20.4,false,400,false
0,0,550,1,1,false,0,10000,0.662,-347.1,false,150,false
0,0,550,1,1,false,0,10000,0.662,-345.1,false,-550,false
0,0,1000,3,2,true,0,10000,0.270,-186.8,true,1000,false
0,250,0,6,3,true,-250,10000,0.030,355.3,false,0,false
0,550,100,5,4,true,-550,10000,0.079,215.6,false,100,false
300,550,300,2,4,true,-250,9700,0.449,-82.1,true,300,false
1000,1200,700,2,5,true,-200,9000,0.449,-258.1,true,700,false
1250,1550,250,2,6,true,-300,8750,0.449,-62.0,true,250,false
1250,1800,50,5,7,true,-550,8750,0.079,222.4,false,50,false
1250,1800,50,5,7,true,-550,8750,0.079,222.2,false,-50,false
1450,2050,200,3,8,true,-600,8550,0.270,29.1,true,200,false
1650,2050,200,3,9,true,-400,8350,0.270,33.2,true,200,false
1900,2350,250,3,10,true,-450,8100,0.270,14.4,true,250,false
3400,2550,1500,6,11,true,850,6600,0.030,314.5,true,1500,false
4900,3050,1500,6,12,true,1850,5100,0.030,315.2,true,1500,false
4900,3750,100,5,13,true,1150,5100,0.079,215.1,false,100,false
5100,3750,200,3,13,true,1350,4900,0.270,35.4,true,200,false
5300,4050,200,3,14,true,1250,4700,0.270,31.2,true,200,false
6100,4200,800,1,15,true,1900,3900,0.662,-504.2,true,800,false
6700,4350,600,2,16,true,2350,3300,0.449,-213.3,true,600,false
6700,5350,100,5,17,true,1350,3300,0.079,223.7,false,100,false
6900,5350,200,4,17,true,1550,3100,0.152,110.7,true,200,false
7100,5350,200,4,18,true,1750,2900,0.152,113.0,true,200,false
7250,6000,150,4,19,true,1250,2750,0.152,118.8,true,150,false
7250,7350,100,4,20,true,-100,2750,0.152,130.9,false,100,false
7250,7350,100,4,20,true,-100,2750,0.152,124.0,false,-100,false
7250,7550,100,4,21,true,-300,2750,0.152,122.2,false,100,false
7450,7550,200,3,21,true,-100,2550,0.270,30.7,true,200,false
8150,8650,700,2,22,true,-500,1850,0.449,-268.7,true,700,false
8600,8650,450,1,23,true,-50,1400,0.662,-273.4,true,450,false
9100,8950,500,2,24,true,150,900,0.449,-167.9,true,500,false
9100,9350,0,6,25,true,-250,900,0.030,361.0,false,0,false
9200,9950,100,5,26,true,-750,800,0.079,216.2,true,100,false
9500,9950,300,2,27,true,-450,500,0.449,-80.8,true,300,false
9750,9950,250,3,28,true,-200,250,0.270,17.1,true,250,false
9900,9950,150,4,29,true,-50,100,0.152,122.9,true,150,false
0,0,50,5,1,false,0,10000,0.079,220.0,false,50,true
0,0,150,3,1,false,0,10000,0.270,45.1,false,100,true
0,0,200,2,1,false,0,10000,0.449,-35.6,false,50,true
0,0,200,2,1,false,0,10000,0.449,-38.4,false,-200,true
0,0,100,5,2,false,0,10000,0.079,221.8,false,100,true
0,0,150,4,2,false,0,10000,0.152,121.3,false,50,true
0,0,400,6,2,false,0,10000,0.030,342.8,false,250,true
0,0,600,3,2,false,0,10000,0.270,-84.1,false,200,true
0,0,600,3,2,false,0,10000,0.270,-81.1,false,-600,true
0,0,500,3,3,false,0,10000,0.270,-49.3,false,500,true
0,0,600,2,3,false,0,10000,0.449,-211.8,false,100,true
0,0,700,1,3,false,0,10000,0.662,-444.7,false,100,true
0,0,700,1,3,false,0,10000,0.662,-432.1,false,-700,true
0,0,450,2,4,false,0,10000,0.449,-159.0,false,450,true
0,0,550,1,4,false,0,10000,0.662,-343.6,false,100,true
0,0,650,6,4,false,0,10000,0.030,342.0,false,100,true
0,0,1050,2,4,true,0,10000,0.449,-424.7,true,1050,true
0,0,100,4,5,true,0,10000,0.152,131.4,false,100,true
200,0,200,3,5,true,200,9800,0.270,35.6,true,200,true
200,0,150,4,6,true,200,9800,0.152,115.1,false,150,true
200,0,150,4,6,true,200,9800,0.152,119.3,false,-150,true
800,0,600,2,7,true,800,9200,0.449,-217.9,true,600,true
800,0,100,5,8,true,800,9200,0.079,215.3,false,100,true
800,0,200,4,8,true,800,9200,0.152,110.6,false,100,true
1200,0,400,2,8,true,1200,8800,0.449,-126.7,true,400,true
1200,0,50,5,9,true,1200,8800,0.079,221.3,false,50,true
1200,0,100,4,9,true,1200,8800,0.152,120.5,false,50,true
1450,0,250,2,9,true,1450,8550,0.449,-58.5,true,250,true
1650,200,200,3,10,true,1450,8350,0.270,28.1,true,200,true
2350,750,700,1,11,true,1600,7650,0.662,-438.5,true,700,true
2550,1000,200,3,12,true,1550,7450,0.270,30.1,true,200,true
2550,1500,0,6,13,true,1050,7450,0.030,366.6,false,0,true
2550,1900,150,4,14,true,650,7450,0.152,117.3,false,150,true
2950,1900,400,1,14,true,1050,7050,0.662,-244.4,true,400,true
2950,2100,150,4,15,true,850,7050,0.152,119.8,false,150,true
3250,2100,300,2,15,true,1150,6750,0.449,-79.4,true,300,true
3450,2250,200,3,16,true,1200,6550,0.270,32.5,true,200,true
3750,2450,300,2,17,true,1300,6250,0.449,-77.2,true,300,true
3750,3150,150,4,18,true,600,6250,0.152,118.5,false,150,true
3950,3150,200,3,18,true,800,6050,0.270,30.3,true,200,true
4300,3950,350,2,19,true,350,5700,0.449,-111.3,true,350,true
5200,4200,900,1,20,true,1000,4800,0.662,-569.0,true,900,true
5200,4400,50,5,21,true,800,4800,0.079,220.8,false,50,true
5750,4400,550,2,21,true,1350,4250,0.449,-197.6,true,550,true
5750,4550,100,5,22,true,1200,4250,0.079,216.2,false,100,true
5750,4550,150,4,22,true,1200,4250,0.152,119.5,false,50,true
6000,4550,250,3,22,true,1450,4000,0.270,15.7,true,250,true
6600,4750,600,2,23,true,1850,3400,0.449,-220.5,true,600,true
6800,4950,200,3,24,true,1850,3200,0.270,30.5,true,200,true
6800,5150,100,4,25,true,1650,3200,0.152,128.2,false,100,true
7100,5150,300,1,25,true,1950,2900,0.662,-171.4,true,300,true
7100,5150,50,5,26,true,1950,2900,0.079,229.4,false,50,true
7250,5150,150,3,26,true,2100,2750,0.270,45.6,true,150,true
7250,5350,150,4,27,true,1900,2750,0.152,121.4,false,150,true
7450,5350,200,3,27,true,2100,2550,0.270,29.6,true,200,true
7750,5550,300,2,28,true,2200,2250,0.449,-89.0,true,300,true
7750,5750,150,4,29,true,2000,2250,0.152,121.9,false,150,true
7950,5750,200,3,29,true,2200,2050,0.270,26.9,true,200,true
7950,6250,150,4,30,true,1700,2050,0.152,118.6,false,150,true
8200,6250,250,3,30,true,1950,1800,0.270,22.0,true,250,true
8200,6600,100,5,31,true,1600,1800,0.079,222.1,false,100,true
8450,6600,250,3,31,true,1850,1550,0.270,15.7,true,250,true
9250,6800,800,2,32,true,2450,750,0.449,-305.0,true,800,true
9500,7000,250,3,33,true,2500,500,0.270,15.1,true,250,true
9750,7500,250,2,34,true,2250,250,0.449,-57.7,true,250,true
10000,7800,250,3,35,true,2200,0,0.270,17.8,true,250,true
0,0,600,3,1,false,0,10000,0.270,-89.8,false,600,false
0,0,700,2,1,false,0,10000,0.449,-259.7,false,100,false
0,0,700,2,1,false,0,10000,0.449,-272.6,false,-700,false
0,0,150,4,2,false,0,10000,0.152,123.1,false,150,false
0,0,350,2,2,false,0,10000,0.449,-108.5,false,200,false
0,0,350,2,2,false,0,10000,0.449,-103.0,false,-350,false
0,0,150,4,3,false,0,10000,0.152,122.5,false,150,false
0,0,200,3,3,false,0,10000,0.270,27.7,false,50,false
0,0,300,2,3,false,0,10000,0.449,-81.3,false,100,false
0,0,300,2,3,false,0,10000,0.449,-88.7,false,-300,false
0,0,250,3,4,false,0,10000,0.270,15.9,false,250,false
0,0,250,3,4,false,0,10000,0.270,14.7,false,-250,false
0,200,150,4,5,false,-200,10000,0.152,125.4,false,150,false
0,200,500,6,5,false,-200,10000,0.030,351.1,false,350,false
0,200,700,4,5,false,-200,10000,0.152,30.2,false,200,false
0,200,850,2,5,false,-200,10000,0.449,-325.1,false,150,false
0,200,850,2,5,false,-200,10000,0.449,-330.0,false,-850,false
0,200,100,4,6,false,-200,10000,0.152,126.8,false,100,false
0,200,350,1,6,false,-200,10000,0.662,-203.8,false,250,false
0,200,400,6,6,false,-200,10000,0.030,353.0,false,50,false
0,200,600,3,6,false,-200,10000,0.270,-73.0,false,200,false
0,200,650,2,6,false,-200,10000,0.449,-241.0,false,50,false
0,200,750,1,6,false,-200,10000,0.662,-466.6,false,100,false
0,200,750,1,6,false,-200,10000,0.662,-468.1,false,-750,false
0,800,300,2,7,false,-800,10000,0.449,-84.4,false,300,false
0,800,300,2,7,false,-800,10000,0.449,-85.2,false,-300,false
0,1200,100,4,8,false,-1200,10000,0.152,124.2,false,100,false
0,1200,450,6,8,false,-1200,10000,0.030,336.4,false,350,false
0,1200,950,3,8,false,-1200,10000,0.270,-173.8,false,500,false
0,1200,1050,2,8,true,-1200,10000,0.449,-413.9,true,1050,false
200,1450,200,3,9,true,-1250,9800,0.270,32.7,true,200,false
750,1650,550,6,10,true,-900,9250,0.030,347.2,true,550,false
1000,2350,250,3,11,true,-1350,9000,0.270,19.0,true,250,false
1500,2550,500,2,12,true,-1050,8500,0.449,-166.9,true,500,false
1900,2550,400,2,13,true,-650,8100,0.449,-132.5,true,400,false
1900,2950,100,4,14,true,-1050,8100,0.152,130.1,false,100,false
2100,2950,200,3,14,true,-850,7900,0.270,29.9,true,200,false
2100,3250,100,4,15,true,-1150,7900,0.152,127.2,false,100,false
2250,3250,150,3,15,true,-1000,7750,0.270,48.0,true,150,false
2450,3450,200,3,16,true,-1000,7550,0.270,30.6,true,200,false
3150,3750,700,1,17,true,-600,6850,0.662,-444.0,true,700,false
3150,3950,100,5,18,true,-800,6850,0.079,218.4,false,100,false
3950,3950,800,1,18,true,0,6050,0.662,-507.6,true,800,false
4200,4300,250,3,19,true,-100,5800,0.270,19.2,true,250,false
4400,5200,200,3,20,true,-800,5600,0.270,29.6,true,200,false
4550,5750,150,4,21,true,-1200,5450,0.152,120.9,true,150,false
4750,6000,200,4,22,true,-1250,5250,0.152,112.7,true,200,false
4750,6600,50,5,23,true,-1850,5250,0.079,227.7,false,50,false
4950,6600,200,3,23,true,-1650,5050,0.270,29.5,true,200,false
4950,6800,100,5,24,true,-1850,5050,0.079,220.9,false,100,false
5150,6800,200,4,24,true,-1650,4850,0.152,106.1,true,200,false
5150,7100,0,6,25,true,-1950,4850,0.030,362.0,false,0,false
5350,7250,200,4,26,true,-1900,4650,0.152,107.8,true,200,false
5550,7450,200,4,27,true,-1900,4450,0.152,116.3,true,200,false
5750,7750,200,3,28,true,-2000,4250,0.270,33.7,true,200,false
5750,7950,400,6,29,true,-2200,4250,0.030,342.4,false,400,false
6250,7950,500,4,29,true,-1700,3750,0.152,68.0,true,500,false
6600,8200,350,2,30,true,-1600,3400,0.449,-110.7,true,350,false
6800,8450,200,3,31,true,-1650,3200,0.270,34.8,true,200,false
6800,9250,50,5,32,true,-2450,3200,0.079,226.3,false,50,false
7000,9250,200,3,32,true,-2250,3000,0.270,30.2,true,200,false
7500,9500,500,3,33,true,-2000,2500,0.270,-58.8,true,500,false
7800,9750,300,3,34,true,-1950,2200,0.270,0.2,true,300,false
0,0,150,4,1,false,0,10000,0.152,118.1,false,150,false
0,0,250,3,1,false,0,10000,0.270,16.2,false,100,false
0,0,350,2,1,false,0,10000,0.449,-110.2,false,100,false
0,0,350,2,1,false,0,10000,0.449,-105.5,false,-350,false
0,0,200,3,2,false,0,10000,0.270,34.5,false,200,false
0,0,200,3,2,false,0,10000,0.270,32.6,false,-200,false
0,1500,150,4,3,false,-1500,10000,0.152,122.8,false,150,false
0,1500,200,3,3,false,-1500,10000,0.270,30.4,false,50,false
0,1500,250,2,3,false,-1500,10000,0.449,-62.4,false,50,false
0,1500,250,2,3,false,-1500,10000,0.449,-63.7,false,-250,false
0,2400,0,6,4,false,-2400,10000,0.030,362.9,false,0,false
0,3100,150,4,5,false,-3100,10000,0.152,119.2,false,150,false
0,3100,350,1,5,false,-3100,10000,0.662,-205.3,false,200,false
0,3100,400,6,5,false,-3100,10000,0.030,345.1,false,50,false
0,3100,600,4,5,false,-3100,10000,0.152,51.9,false,200,false
0,3100,600,4,5,false,-3100,10000,0.152,48.8,false,-600,false
0,3750,0,6,6,false,-3750,10000,0.030,355.2,false,0,false
0,4200,100,5,7,false,-4200,10000,0.079,209.7,false,100,false
0,4200,1150,1,7,true,-4200,10000,0.662,-758.8,true,1150,false
0,4400,100,4,8,true,-4400,10000,0.152,126.1,false,100,false
550,4400,550,6,8,true,-3850,9450,0.030,338.2,true,550,false
800,5150,250,3,9,true,-4350,9200,0.270,19.1,true,250,false
1100,5600,300,2,10,true,-4500,8900,0.449,-78.7,true,300,false
1500,5750,400,2,11,true,-4250,8500,0.449,-132.5,true,400,false
1500,6200,50,5,12,true,-4700,8500,0.079,220.4,false,50,false
1700,6200,200,3,12,true,-4500,8300,0.270,29.6,true,200,false
1700,6600,50,5,13,true,-4900,8300,0.079,223.1,false,50,false
1700,6600,50,5,13,true,-4900,8300,0.079,229.1,false,-50,false
2150,7600,450,2,14,true,-5450,7850,0.449,-147.1,true,450,false
2550,7950,400,3,15,true,-5400,7450,0.270,-29.9,true,400,false
2800,8300,250,3,16,true,-5500,7200,0.270,17.2,true,250,false
3000,8700,200,3,17,true,-5700,7000,0.270,31.0,true,200,false
3000,9200,100,4,18,true,-6200,7000,0.152,130.0,false,100,false
3250,9200,250,2,18,true,-5950,6750,0.449,-60.0,true,250,false
4650,9800,1400,6,19,true,-5150,5350,0.030,320.2,true,1400,false
4900,9950,250,2,20,true,-5050,5100,0.449,-58.9,true,250,false
0,0,1500,6,1,true,0,10000,0.030,308.9,true,1500,true
1500,0,1500,6,2,true,1500,8500,0.030,310.1,true,1500,true
2400,0,900,1,3,true,2400,7600,0.662,-566.4,true,900,true
3100,0,700,2,4,true,3100,6900,0.449,-258.6,true,700,true
3100,0,50,5,5,true,3100,6900,0.079,223.9,false,50,true
3750,0,650,1,5,true,3750,6250,0.662,-409.1,true,650,true
4200,0,450,2,6,true,4200,5800,0.449,-145.7,true,450,true
4400,0,200,4,7,true,4400,5600,0.152,111.6,true,200,true
5150,550,750,6,8,true,4600,4850,0.030,340.5,true,750,true
5150,800,50,5,9,true,4350,4850,0.079,220.2,false,50,true
5600,800,450,2,9,true,4800,4400,0.449,-156.1,true,450,true
5750,1100,150,4,10,true,4650,4250,0.152,119.5,true,150,true
6200,1500,450,1,11,true,4700,3800,0.662,-269.0,true,450,true
6600,1700,400,2,12,true,4900,3400,0.449,-122.3,true,400,true
7600,1700,1000,3,13,true,5900,2400,0.270,-189.0,true,1000,true
7600,2150,50,5,14,true,5450,2400,0.079,222.1,false,50,true
7600,2150,150,4,14,true,5450,2400,0.152,118.6,false,100,true
7950,2150,350,2,14,true,5800,2050,0.449,-104.8,true,350,true
8300,2550,350,2,15,true,5750,1700,0.449,-102.1,true,350,true
8700,2800,400,2,16,true,5900,1300,0.449,-123.8,true,400,true
9200,3000,500,3,17,true,6200,800,0.270,-57.4,true,500,true
9800,3250,600,2,18,true,6550,200,0.449,-221.2,true,600,true
9950,4650,150,4,19,true,5300,50,0.152,116.2,true,150,true
10000,4900,50,5,20,true,5100,0,0.079,213.8,true,50,true
0,0,200,3,1,false,0,10000,0.270,30.7,false,200,true
0,0,200,3,1,false,0,10000,0.270,29.9,false,-200,true
0,0,1100,1,2,true,0,10000,0.662,-705.2,true,1100,true
300,0,300,1,3,true,300,9700,0.662,-175.1,true,300,true
300,0,100,5,4,true,300,9700,0.079,217.3,false,100,true
600,0,300,3,4,true,600,9400,0.270,1.1,true,300,true
1050,0,450,2,5,true,1050,8950,0.449,-152.4,true,450,true
2250,0,1200,2,6,true,2250,7750,0.449,-487.7,true,1200,true
2450,0,200,3,7,true,2450,7550,0.270,34.1,true,200,true
2750,0,300,3,8,true,2750,7250,0.270,1.5,true,300,true
3650,0,900,6,9,true,3650,6350,0.030,327.0,true,900,true
3950,0,300,3,10,true,3950,6050,0.270,1.0,true,300,true
4150,0,200,3,11,true,4150,5850,0.270,32.8,true,200,true
4850,350,700,1,12,true,4500,5150,0.662,-429.9,true,700,true
4850,550,100,5,13,true,4300,5150,0.079,223.3,false,100,true
4850,550,100,5,13,true,4300,5150,0.079,219.3,false,-100,true
5300,1050,450,1,14,true,4250,4700,0.662,-280.3,true,450,true
5300,1300,50,5,15,true,4000,4700,0.079,220.5,false,50,true
5800,1300,500,1,15,true,4500,4200,0.662,-307.4,true,500,true
6400,2200,600,3,16,true,4200,3600,0.270,-79.8,true,600,true
7000,3000,600,2,17,true,4000,3000,0.449,-216.0,true,600,true
7600,3200,600,2,18,true,4400,2400,0.449,-218.4,true,600,true
7950,3450,350,1,19,true,4500,2050,0.662,-211.8,true,350,true
8150,4700,200,3,20,true,3450,1850,0.270,30.3,true,200,true
8950,4850,800,6,21,true,4100,1050,0.030,341.4,true,800,true
9100,5850,150,4,22,true,3250,900,0.152,127.9,true,150,true
9250,6450,150,4,23,true,2800,750,0.152,119.2,true,150,true
9450,6600,200,3,24,true,2850,550,0.270,29.4,true,200,true
9500,6800,50,5,25,true,2700,500,0.079,213.6,true,50,true
9900,7400,400,2,26,true,2500,100,0.449,-131.2,true,400,true
9900,8150,150,4,27,true,1750,100,0.152,118.0,true,-150,true
9900,8550,0,6,28,true,1350,100,0.030,356.0,false,0,true
9900,9050,1050,2,29,true,850,100,0.449,-416.0,true,-1050,true
10000,9400,100,4,30,true,600,0,0.152,127.6,true,100,true
0,0,250,3,1,false,0,10000,0.270,16.5,false,250,false
0,0,300,2,1,false,0,10000,0.449,-81.5,false,50,false
0,0,300,2,1,false,0,10000,0.449,-81.2,false,-300,false
0,0,200,4,2,false,0,10000,0.152,107.0,false,200,false
0,0,200,4,2,false,0,10000,0.152,107.7,false,-200,false
0,300,500,3,3,false,-300,10000,0.270,-47.3,false,500,false
0,300,600,2,3,false,-300,10000,0.449,-211.3,false,100,false
0,300,650,1,3,false,-300,10000,0.662,-409.1,false,50,false
0,300,650,1,3,false,-300,10000,0.662,-409.3,false,-650,false
0,600,0,6,4,false,-600,10000,0.030,352.2,false,0,false
0,1050,650,2,5,false,-1050,10000,0.449,-243.2,false,650,false
0,1050,750,1,5,false,-1050,10000,0.662,-467.8,false,100,false
0,1050,750,1,5,false,-1050,10000,0.662,-464.0,false,-750,false
0,2250,250,3,6,false,-2250,10000,0.270,13.9,false,250,false
0,2250,250,3,6,false,-2250,10000,0.270,21.1,false,-250,false
0,2450,600,2,7,false,-2450,10000,0.449,-216.0,false,600,false
0,2450,650,1,7,false,-2450,10000,0.662,-404.8,false,50,false
0,2450,650,1,7,false,-2450,10000,0.662,-403.0,false,-650,false
0,2750,50,5,8,false,-2750,10000,0.079,220.2,false,50,false
0,2750,150,4,8,false,-2750,10000,0.152,118.7,false,100,false
0,2750,450,6,8,false,-2750,10000,0.030,351.2,false,300,false
0,2750,500,5,8,false,-2750,10000,0.079,191.8,false,50,false
0,2750,850,1,8,false,-2750,10000,0.662,-545.2,false,350,false
0,2750,850,1,8,false,-2750,10000,0.662,-547.0,false,-850,false
0,3650,100,5,9,false,-3650,10000,0.079,217.3,false,100,false
0,3650,250,3,9,false,-3650,10000,0.270,15.2,false,150,false
0,3650,250,3,9,false,-3650,10000,0.270,18.7,false,-250,false
0,3950,600,2,10,false,-3950,10000,0.449,-224.0,false,600,false
0,3950,800,6,10,false,-3950,10000,0.030,330.7,false,200,false
0,3950,1100,2,10,true,-3950,10000,0.449,-430.9,true,1100,false
350,4150,350,2,11,true,-3800,9650,0.449,-102.4,true,350,false
550,4850,200,3,12,true,-4300,9450,0.270,32.6,true,200,false
1050,4850,500,1,13,true,-3800,8950,0.662,-299.5,true,500,false
1300,5300,250,3,14,true,-4000,8700,0.270,19.5,true,250,false
1300,5800,50,5,15,true,-4500,8700,0.079,218.7,false,50,false
1300,5800,400,6,15,true,-4500,8700,0.030,345.0,false,350,false
2200,5800,900,3,15,true,-3600,7800,0.270,-170.0,true,900,false
3000,6400,800,2,16,true,-3400,7000,0.449,-312.1,true,800,false
3200,7000,200,3,17,true,-3800,6800,0.270,32.0,true,200,false
3200,7600,150,4,18,true,-4400,6800,0.152,113.2,false,150,false
3450,7600,250,2,18,true,-4150,6550,0.449,-62.8,true,250,false
4700,7950,1250,1,19,true,-3250,5300,0.662,-808.5,true,1250,false
4700,8150,50,5,20,true,-3450,5300,0.079,222.8,false,50,false
4700,8150,100,4,20,true,-3450,5300,0.152,134.9,false,50,false
4850,8150,150,3,20,true,-3300,5150,0.270,46.4,true,150,false
5850,8950,1000,3,21,true,-3100,4150,0.270,-183.3,true,1000,false
6450,9100,600,2,22,true,-2650,3550,0.449,-204.8,true,600,false
6450,9250,50,5,23,true,-2800,3550,0.079,217.2,false,50,false
6600,9250,150,3,23,true,-2650,3400,0.270,47.9,true,150,false
6800,9450,200,4,24,true,-2650,3200,0.152,114.6,true,200,false
7400,9500,600,2,25,true,-2100,2600,0.449,-208.2,true,600,false
8150,9900,750,1,26,true,-1750,1850,0.662,-461.1,true,750,false
8550,9900,400,1,27,true,-1350,1450,0.662,-243.5,true,400,false
9050,9900,500,3,28,true,-850,950,0.270,-48.5,true,500,false
9400,9900,350,1,29,true,-500,600,0.662,-212.0,true,350,false
0,0,350,1,1,false,0,10000,0.662,-211.4,false,350,false
0,0,450,6,1,false,0,10000,0.030,348.8,false,100,false
0,0,850,2,1,false,0,10000,0.449,-323.7,false,400,false
0,0,900,1,1,false,0,10000,0.662,-579.3,false,50,false
0,0,1000,6,1,true,0,10000,0.030,331.4,true,1000,false
0,0,100,5,2,true,0,10000,0.079,216.9,false,100,false
300,0,300,2,2,true,300,9700,0.449,-84.3,true,300,false
750,700,450,2,3,true,50,9250,0.449,-146.1,true,450,false
750,1050,200,4,4,true,-300,9250,0.152,112.3,false,200,false
1000,1050,250,3,4,true,-50,9000,0.270,16.8,true,250,false
1500,1250,500,1,5,true,250,8500,0.662,-313.0,true,500,false
1500,2350,150,4,6,true,-850,8500,0.152,117.5,false,150,false
1750,2350,250,3,6,true,-600,8250,0.270,19.0,true,250,false
1950,2600,200,3,7,true,-650,8050,0.270,28.1,true,200,false
1950,2850,100,4,8,true,-900,8050,0.152,124.3,false,100,false
1950,2850,100,4,8,true,-900,8050,0.152,128.5,false,-100,false
1950,3900,150,4,9,true,-1950,8050,0.152,120.0,false,150,false
2250,3900,300,2,9,true,-1650,7750,0.449,-80.7,true,300,false
2750,4050,500,1,10,true,-1300,7250,0.662,-313.1,true,500,false
3300,4250,550,1,11,true,-950,6700,0.662,-342.1,true,550,false
3300,4250,50,5,12,true,-950,6700,0.079,219.7,false,50,false
3300,4250,150,4,12,true,-950,6700,0.152,116.7,false,100,false
3500,4250,200,3,12,true,-750,6500,0.270,36.2,true,200,false
3500,4950,150,4,13,true,-1450,6500,0.152,119.9,false,150,false
3750,4950,250,3,13,true,-1200,6250,0.270,16.5,true,250,false
3950,5850,200,3,14,true,-1900,6050,0.270,33.0,true,200,false
5000,6550,1050,2,15,true,-1550,5000,0.449,-424.1,true,1050,false
5450,8150,450,1,16,true,-2700,4550,0.662,-267.2,true,450,false
6100,8400,650,2,17,true,-2300,3900,0.449,-240.2,true,650,false
6100,8700,150,4,18,true,-2600,3900,0.152,119.3,false,150,false
6350,8700,250,2,18,true,-2350,3650,0.449,-64.3,true,250,false
7050,8950,700,2,19,true,-1900,2950,0.449,-265.9,true,700,false
7050,9700,200,4,20,true,-2650,2950,0.152,110.7,false,200,false
7050,9700,200,4,20,true,-2650,2950,0.152,108.5,false,-200,false
7050,9900,150,4,21,true,-2850,2950,0.152,122.8,false,150,false
7400,9900,350,1,21,true,-2500,2600,0.662,-206.8,true,350,false
7600,9900,200,3,22,true,-2300,2400,0.270,31.0,true,200,false
7800,9900,200,3,23,true,-2100,2200,0.270,33.0,true,200,false
8850,9900,1050,2,24,true,-1050,1150,0.449,-411.5,true,1050,false
9000,9900,150,4,25,true,-900,1000,0.152,118.3,true,150,false
0,0,150,4,1,false,0,10000,0.152,117.9,false,150,true
0,0,450,6,1,false,0,10000,0.030,330.6,false,300,true
0,0,1200,1,1,true,0,10000,0.662,-776.5,true,1200,true
700,300,700,2,2,true,400,9300,0.449,-257.5,true,700,true
700,750,100,4,3,true,-50,9300,0.152,124.6,false,100,true
1050,750,350,1,3,true,300,8950,0.662,-208.0,true,350,true
1250,1000,200,4,4,true,250,8750,0.152,108.5,true,200,true
2350,1500,1100,6,5,true,850,7650,0.030,328.7,true,1100,true
2600,1750,250,3,6,true,850,7400,0.270,22.6,true,250,true
2850,1950,250,3,7,true,900,7150,0.270,18.9,true,250,true
3900,1950,1050,2,8,true,1950,6100,0.449,-422.4,true,1050,true
3900,2250,100,4,9,true,1650,6100,0.152,128.5,false,100,true
4050,2250,150,3,9,true,1800,5950,0.270,46.9,true,150,true
4050,2750,100,4,10,true,1300,5950,0.152,129.0,false,100,true
4250,2750,200,3,10,true,1500,5750,0.270,32.5,true,200,true
4250,3300,0,6,11,true,950,5750,0.030,374.4,false,0,true
4950,3500,700,2,12,true,1450,5050,0.449,-259.5,true,700,true
5850,3750,900,1,13,true,2100,4150,0.662,-582.1,true,900,true
6550,3950,700,2,14,true,2600,3450,0.449,-265.5,true,700,true
8150,5000,1600,6,15,true,3150,1850,0.030,317.4,true,1600,true
8150,5450,150,4,16,true,2700,1850,0.152,118.7,false,150,true
8400,5450,250,3,16,true,2950,1600,0.270,15.8,true,250,true
8700,6100,300,2,17,true,2600,1300,0.449,-85.3,true,300,true
8950,6350,250,3,18,true,2600,1050,0.270,17.3,true,250,true
9700,7050,750,1,19,true,2650,300,0.662,-477.9,true,750,true
9900,7050,200,3,20,true,2850,100,0.270,34.3,true,200,true
9900,7400,600,2,21,true,2500,100,0.449,-211.4,true,-600,true
9900,7600,200,3,22,true,2300,100,0.270,32.2,true,-200,true
9900,7800,1050,2,23,true,2100,100,0.449,-415.4,true,-1050,true
9900,8850,200,3,24,true,1050,100,0.270,28.5,true,-200,true
10000,9000,100,4,25,true,1000,0,0.152,127.3,true,100,true
0,0,400,2,1,false,0,10000,0.449,-122.2,false,400,true
0,0,400,2,1,false,0,10000,0.449,-128.6,false,-400,true
0,0,300,2,2,false,0,10000,0.449,-79.8,false,300,true
0,0,400,1,2,false,0,10000,0.662,-244.1,false,100,true
0,0,450,6,2,false,0,10000,0.030,353.6,false,50,true
0,0,700,3,2,false,0,10000,0.270,-109.1,false,250,true
0,0,850,1,2,false,0,10000,0.662,-548.9,false,150,true
0,0,850,1,2,false,0,10000,0.662,-537.8,false,-850,true
0,0,1500,6,3,true,0,10000,0.030,309.5,true,1500,true
200,0,200,3,4,true,200,9800,0.270,27.3,true,200,true
750,0,550,1,5,true,750,9250,0.662,-341.5,true,550,true
750,0,100,4,6,true,750,9250,0.152,126.6,false,100,true
900,0,150,3,6,true,900,9100,0.270,41.6,true,150,true
900,0,100,5,7,true,900,9100,0.079,216.4,false,100,true
1200,0,300,3,7,true,1200,8800,0.270,2.1,true,300,true
2200,0,1000,3,8,true,2200,7800,0.270,-197.1,true,1000,true
2200,0,50,5,9,true,2200,7800,0.079,227.9,false,50,true
2200,0,150,4,9,true,2200,7800,0.152,122.5,false,100,true
2550,0,350,2,9,true,2550,7450,0.449,-109.8,true,350,true
2750,250,200,3,10,true,2500,7250,0.270,30.4,true,200,true
2950,450,200,3,11,true,2500,7050,0.270,30.2,true,200,true
3450,700,500,2,12,true,2750,6550,0.449,-170.2,true,500,true
4450,1000,1000,3,13,true,3450,5550,0.270,-177.1,true,1000,true
4450,1150,150,4,14,true,3300,5550,0.152,115.7,false,150,true
4650,1150,200,3,14,true,3500,5350,0.270,33.5,true,200,true
4650,1450,100,5,15,true,3200,5350,0.079,212.1,false,100,true
4650,1450,200,4,15,true,3200,5350,0.152,113.1,false,100,true
4650,1450,200,4,15,true,3200,5350,0.152,111.0,false,-200,true
4650,1700,100,4,16,true,2950,5350,0.152,125.4,false,100,true
4650,1700,100,4,16,true,2950,5350,0.152,128.2,false,-100,true
5050,1950,400,3,17,true,3100,4950,0.270,-21.0,true,400,true
5300,2350,250,3,18,true,2950,4700,0.270,12.6,true,250,true
5300,2950,150,4,19,true,2350,4700,0.152,119.5,false,150,true
6250,2950,950,6,19,true,3300,3750,0.030,339.0,true,950,true
6250,3150,50,5,20,true,3100,3750,0.079,219.7,false,50,true
6250,3150,100,4,20,true,3100,3750,0.152,127.1,false,50,true
6450,3150,200,3,20,true,3300,3550,0.270,32.6,true,200,true
6700,3400,250,3,21,true,3300,3300,0.270,21.3,true,250,true
6900,4100,200,3,22,true,2800,3100,0.270,32.4,true,200,true
6900,4400,100,5,23,true,2500,3100,0.079,215.0,false,100,true
7150,4400,250,3,23,true,2750,2850,0.270,14.9,true,250,true
7150,4600,0,6,24,true,2550,2850,0.030,354.6,false,0,true
7650,6100,500,1,25,true,1550,2350,0.662,-306.8,true,500,true
7850,6600,200,3,26,true,1250,2150,0.270,31.1,true,200,true
9850,6950,2000,2,27,true,2900,150,0.449,-853.3,true,2000,true
9850,7150,1250,1,28,true,2700,150,0.662,-801.8,true,-1250,true
10000,7500,150,4,29,true,2500,0,0.152,118.2,true,150,true
0,0,200,4,1,false,0,10000,0.152,106.0,false,200,false
0,0,300,3,1,false,0,10000,0.270,0.1,false,100,false
0,0,350,2,1,false,0,10000,0.449,-104.4,false,50,false
0,0,400,1,1,false,0,10000,0.662,-237.4,false,50,false
0,0,450,6,1,false,0,10000,0.030,342.8,false,50,false
0,0,650,3,1,false,0,10000,0.270,-92.5,false,200,false
0,0,650,3,1,false,0,10000,0.270,-95.1,false,-650,false
0,0,50,5,2,false,0,10000,0.079,229.2,false,50,false
0,0,50,5,2,false,0,10000,0.079,215.0,false,-50,false
0,0,100,5,3,false,0,10000,0.079,212.9,false,100,false
0,0,100,5,3,false,0,10000,0.079,220.3,false,-100,false
0,200,50,5,4,false,-200,10000,0.079,218.9,false,50,false
0,200,200,3,4,false,-200,10000,0.270,28.1,false,150,false
0,200,300,2,4,false,-200,10000,0.449,-83.1,false,100,false
0,200,350,1,4,false,-200,10000,0.662,-208.0,false,50,false
0,200,350,1,4,false,-200,10000,0.662,-208.6,false,-350,false
0,750,450,2,5,false,-750,10000,0.449,-151.1,false,450,false
0,750,450,2,5,false,-750,10000,0.449,-155.1,false,-450,false
0,900,100,4,6,false,-900,10000,0.152,126.1,false,100,false
0,900,200,3,6,false,-900,10000,0.270,31.7,false,100,false
0,900,250,2,6,false,-900,10000,0.449,-59.5,false,50,false
0,900,300,1,6,false,-900,10000,0.662,-174.1,false,50,false
0,900,300,1,6,false,-900,10000,0.662,-180.7,false,-300,false
0,1200,200,4,7,false,-1200,10000,0.152,108.5,false,200,false
0,1200,300,2,7,false,-1200,10000,0.449,-84.1,false,100,false
0,1200,300,2,7,false,-1200,10000,0.449,-87.3,false,-300,false
0,2200,1000,3,8,true,-2200,10000,0.270,-188.9,true,1000,false
250,2550,250,3,9,true,-2300,9750,0.270,17.1,true,250,false
450,2750,200,3,10,true,-2300,9550,0.270,33.6,true,200,false
450,2950,100,5,11,true,-2500,9550,0.079,217.9,false,100,false
700,2950,250,3,11,true,-2250,9300,0.270,17.9,true,250,false
1000,3450,300,2,12,true,-2450,9000,0.449,-80.4,true,300,false
1000,4450,100,5,13,true,-3450,9000,0.079,213.7,false,100,false
1150,4450,150,4,13,true,-3300,8850,0.152,117.3,true,150,false
1450,4650,300,2,14,true,-3200,8550,0.449,-81.2,true,300,false
1700,4650,250,3,15,true,-2950,8300,0.270,18.3,true,250,false
1700,4650,150,4,16,true,-2950,8300,0.152,116.1,false,150,false
1950,4650,250,3,16,true,-2700,8050,0.270,17.6,true,250,false
2350,5050,400,2,17,true,-2700,7650,0.449,-123.4,true,400,false
2950,5300,600,1,18,true,-2350,7050,0.662,-377.0,true,600,false
3150,6250,200,3,19,true,-3100,6850,0.270,34.6,true,200,false
3400,6450,250,3,20,true,-3050,6600,0.270,13.6,true,250,false
4100,6700,700,1,21,true,-2600,5900,0.662,-451.8,true,700,false
4400,6900,300,2,22,true,-2500,5600,0.449,-81.3,true,300,false
4400,7150,150,4,23,true,-2750,5600,0.152,119.7,false,150,false
4600,7150,200,3,23,true,-2550,5400,0.270,32.8,true,200,false
6100,7150,1500,6,24,true,-1050,3900,0.030,325.6,true,1500,false
6600,7650,500,3,25,true,-1050,3400,0.270,-58.3,true,500,false
6600,7850,150,4,26,true,-1250,3400,0.152,116.3,false,150,false
6950,7850,350,1,26,true,-900,3050,0.662,-208.5,true,350,false
7150,9850,200,3,27,true,-2700,2850,0.270,34.3,true,200,false
7150,9850,100,5,28,true,-2700,2850,0.079,216.7,false,100,false
7500,9850,350,2,28,true,-2350,2500,0.449,-108.7,true,350,false
0,0,650,2,1,false,0,10000,0.449,-240.6,false,650,true
0,0,700,1,1,false,0,10000,0.662,-446.2,false,50,true
0,0,700,1,1,false,0,10000,0.662,-440.6,false,-700,true
0,0,300,2,2,false,0,10000,0.449,-84.7,false,300,true
0,0,400,1,2,false,0,10000,0.662,-242.7,false,100,true
0,0,400,1,2,false,0,10000,0.662,-235.6,false,-400,true
0,0,200,4,3,false,0,10000,0.152,112.2,false,200,true
0,0,300,2,3,false,0,10000,0.449,-89.2,false,100,true
0,0,400,1,3,false,0,10000,0.662,-241.2,false,100,true
0,0,450,6,3,false,0,10000,0.030,347.7,false,50,true
0,0,850,1,3,false,0,10000,0.662,-547.9,false,400,true
0,0,950,6,3,false,0,10000,0.030,324.4,false,100,true
0,0,1200,3,3,true,0,10000,0.270,-244.6,true,1200,true
0,1000,50,5,4,true,-1000,10000,0.079,215.1,false,50,true
150,1000,150,3,4,true,-850,9850,0.270,40.9,true,150,true
550,1000,400,2,5,true,-450,9450,0.449,-124.8,true,400,true
550,1550,200,4,6,true,-1000,9450,0.152,105.0,false,200,true
800,1550,250,3,6,true,-750,9200,0.270,19.0,true,250,true
1300,1750,500,2,7,true,-450,8700,0.449,-178.3,true,500,true
1800,2000,500,3,8,true,-200,8200,0.270,-54.7,true,500,true
2400,3250,600,2,9,true,-850,7600,0.449,-218.1,true,600,true
2900,3950,500,3,10,true,-1050,7100,0.270,-56.4,true,500,true
3400,4350,500,1,11,true,-950,6600,0.662,-304.5,true,500,true
3400,4550,50,5,12,true,-1150,6600,0.079,225.0,false,50,true
3650,4550,250,2,12,true,-900,6350,0.449,-61.3,true,250,true
3850,4850,200,3,13,true,-1000,6150,0.270,32.0,true,200,true
3850,5850,50,5,14,true,-2000,6150,0.079,218.7,false,50,true
4050,5850,200,3,14,true,-1800,5950,0.270,29.8,true,200,true
4050,6050,50,5,15,true,-2000,5950,0.079,222.5,false,50,true
4300,6050,250,3,15,true,-1750,5700,0.270,20.9,true,250,true
5800,6250,1500,6,16,true,-450,4200,0.030,305.2,true,1500,true
6300,6500,500,3,17,true,-200,3700,0.270,-59.3,true,500,true
7500,6900,1200,2,18,true,600,2500,0.449,-493.7,true,1200,true
8100,7050,600,2,19,true,1050,1900,0.449,-224.1,true,600,true
8400,7300,300,2,20,true,1100,1600,0.449,-82.3,true,300,true
8850,7850,450,2,21,true,1000,1150,0.449,-141.6,true,450,true
9100,8050,250,3,22,true,1050,900,0.270,21.8,true,250,true
9500,8400,400,3,23,true,1100,500,0.270,-25.0,true,400,true
10000,9450,500,1,24,true,550,0,0.662,-308.1,true,500,true
0,0,550,1,1,false,0,10000,0.662,-347.3,false,550,false
0,0,550,1,1,false,0,10000,0.662,-340.1,false,-550,false
0,0,700,1,2,false,0,10000,0.662,-445.0,false,700,false
0,0,750,6,2,false,0,10000,0.030,331.9,false,50,false
0,0,1200,2,2,true,0,10000,0.449,-484.8,true,1200,false
1000,0,1000,3,3,true,1000,9000,0.270,-190.2,true,1000,false
1000,150,0,6,4,true,850,9000,0.030,354.8,false,0,false
1550,550,550,1,5,true,1000,8450,0.662,-342.4,true,550,false
1750,800,200,3,6,true,950,8250,0.270,33.1,true,200,false
2000,1300,250,3,7,true,700,8000,0.270,18.7,true,250,false
3250,1800,1250,1,8,true,1450,6750,0.662,-821.4,true,1250,false
3250,2400,100,5,9,true,850,6750,0.079,213.7,false,100,false
3950,2400,700,2,9,true,1550,6050,0.449,-261.0,true,700,false
4350,2900,400,2,10,true,1450,5650,0.449,-130.3,true,400,false
4550,3400,200,4,11,true,1150,5450,0.152,109.8,true,200,false
4550,3650,150,4,12,true,900,5450,0.152,120.7,false,150,false
4850,3650,300,2,12,true,1200,5150,0.449,-86.5,true,300,false
5850,3850,1000,3,13,true,2000,4150,0.270,-188.1,true,1000,false
6050,4050,200,3,14,true,2000,3950,0.270,31.4,true,200,false
6050,4300,150,4,15,true,1750,3950,0.152,121.5,false,150,false
6250,4300,200,3,15,true,1950,3750,0.270,29.8,true,200,false
6500,5800,250,3,16,true,700,3500,0.270,17.3,true,250,false
6900,6300,400,1,17,true,600,3100,0.662,-244.1,true,400,false
7050,7500,150,4,18,true,-450,2950,0.152,115.9,true,150,false
7300,8100,250,3,19,true,-800,2700,0.270,16.5,true,250,false
7850,8400,550,1,20,true,-550,2150,0.662,-337.3,true,550,false
8050,8850,200,3,21,true,-800,1950,0.270,30.6,true,200,false
8400,9100,350,1,22,true,-700,1600,0.662,-209.0,true,350,false
9450,9500,1050,2,23,true,-50,550,0.449,-421.4,true,1050,false
0,0,200,3,1,false,0,10000,0.270,30.4,false,200,false
0,0,250,2,1,false,0,10000,0.449,-61.1,false,50,false
0,0,250,2,1,false,0,10000,0.449,-60.9,false,-250,false
0,0,150,4,2,false,0,10000,0.152,123.6,false,150,false
0,0,550,6,2,false,0,10000,0.030,336.6,false,400,false
0,0,850,2,2,false,0,10000,0.449,-328.9,false,300,false
0,0,950,1,2,false,0,10000,0.662,-611.4,false,100,false
0,0,950,1,2,false,0,10000,0.662,-609.5,false,-950,false
0,0,250,3,3,false,0,10000,0.270,17.4,false,250,false
0,0,500,6,3,false,0,10000,0.030,345.4,false,250,false
0,0,650,4,3,false,0,10000,0.152,42.8,false,150,false
0,0,800,2,3,false,0,10000,0.449,-312.1,false,150,false
0,0,800,2,3,false,0,10000,0.449,-303.8,false,-800,false
0,650,200,3,4,false,-650,10000,0.270,32.9,false,200,false
0,650,200,3,4,false,-650,10000,0.270,33.2,false,-200,false
0,800,1050,2,5,true,-800,10000,0.449,-424.4,true,1050,false
0,950,200,4,6,true,-950,10000,0.152,110.7,false,200,false
0,950,200,4,6,true,-950,10000,0.152,115.3,false,-200,false
400,2100,400,3,7,true,-1700,9600,0.270,-26.1,true,400,false
650,2500,250,3,8,true,-1850,9350,0.270,13.1,true,250,false
650,2700,200,4,9,true,-2050,9350,0.152,109.7,false,200,false
1050,2700,400,2,9,true,-1650,8950,0.449,-126.8,true,400,false
1050,2850,50,5,10,true,-1800,8950,0.079,217.0,false,50,false
1050,2850,150,4,10,true,-1800,8950,0.152,122.2,false,100,false
1400,2850,350,2,10,true,-1450,8600,0.449,-108.2,true,350,false
1600,3900,200,3,11,true,-2300,8400,0.270,30.3,true,200,false
2150,4200,550,1,12,true,-2050,7850,0.662,-343.4,true,550,false
2750,4350,600,2,13,true,-1600,7250,0.449,-228.7,true,600,false
2750,5150,100,4,14,true,-2400,7250,0.152,126.4,false,100,false
2950,5150,200,3,14,true,-2200,7050,0.270,28.4,true,200,false
2950,5350,100,4,15,true,-2400,7050,0.152,123.4,false,100,false
3150,5350,200,3,15,true,-2200,6850,0.270,29.7,true,200,false
3350,6250,200,3,16,true,-2900,6650,0.270,30.9,true,200,false
3350,7300,50,5,17,true,-3950,6650,0.079,227.1,false,50,false
3550,7300,200,3,17,true,-3750,6450,0.270,27.2,true,200,false
3750,7500,200,3,18,true,-3750,6250,0.270,29.7,true,200,false
3750,7500,100,4,19,true,-3750,6250,0.152,131.0,false,100,false
3950,7500,200,3,19,true,-3550,6050,0.270,33.4,true,200,false
3950,7900,100,5,20,true,-3950,6050,0.079,216.2,false,100,false
4200,7900,250,3,20,true,-3700,5800,0.270,16.7,true,250,false
5200,8050,1000,3,21,true,-2850,4800,0.270,-188.3,true,1000,false
5500,8900,300,2,22,true,-3400,4500,0.449,-80.7,true,300,false
5700,9150,200,3,23,true,-3450,4300,0.270,31.1,true,200,false
6700,9150,1000,3,24,true,-2450,3300,0.270,-185.0,true,1000,false
6900,9350,200,3,25,true,-2450,3100,0.270,31.7,true,200,false
7100,9500,200,3,26,true,-2400,2900,0.270,33.6,true,200,false
8100,9750,1000,3,27,true,-1650,1900,0.270,-187.9,true,1000,false
0,0,0,6,1,false,0,10000,0.030,361.5,false,0,true
0,0,150,4,2,false,0,10000,0.152,120.7,false,150,true
0,0,650,1,2,false,0,10000,0.662,-414.2,false,500,true
0,0,700,6,2,false,0,10000,0.030,335.0,false,50,true
0,0,800,5,2,false,0,10000,0.079,158.9,false,100,true
0,0,950,3,2,false,0,10000,0.270,-186.4,false,150,true
0,0,1050,1,2,true,0,10000,0.662,-678.3,true,1050,true
650,0,650,2,3,true,650,9350,0.449,-244.8,true,650,true
800,0,150,4,4,true,800,9200,0.152,120.8,true,150,true
800,0,100,4,5,true,800,9200,0.152,126.5,false,100,true
950,0,150,3,5,true,950,9050,0.270,47.1,true,150,true
950,0,100,5,6,true,950,9050,0.079,218.6,false,100,true
2100,0,1150,1,6,true,2100,7900,0.662,-740.4,true,1150,true
2500,400,400,1,7,true,2100,7500,0.662,-237.8,true,400,true
2500,650,50,5,8,true,1850,7500,0.079,227.4,false,50,true
2700,650,200,3,8,true,2050,7300,0.270,31.1,true,200,true
2850,1050,150,4,9,true,1800,7150,0.152,124.4,true,150,true
3900,1400,1050,2,10,true,2500,6100,0.449,-422.8,true,1050,true
4200,1600,300,3,11,true,2600,5800,0.270,2.4,true,300,true
4200,2150,100,4,12,true,2050,5800,0.152,130.6,false,100,true
4350,2150,150,3,12,true,2200,5650,0.270,46.0,true,150,true
5150,2750,800,1,13,true,2400,4850,0.662,-512.6,true,800,true
5350,2950,200,4,14,true,2400,4650,0.152,107.6,true,200,true
6250,3150,900,1,15,true,3100,3750,0.662,-577.4,true,900,true
7300,3350,1050,2,16,true,3950,2700,0.449,-422.4,true,1050,true
7500,3550,200,3,17,true,3950,2500,0.270,31.0,true,200,true
7500,3750,100,4,18,true,3750,2500,0.152,126.0,false,100,true
7500,3750,100,4,18,true,3750,2500,0.152,131.1,false,-100,true
7500,3950,150,4,19,true,3550,2500,0.152,120.1,false,150,true
7900,3950,400,1,19,true,3950,2100,0.662,-244.5,true,400,true
8050,4200,150,4,20,true,3850,1950,0.152,118.7,true,150,true
8900,5200,850,6,21,true,3700,1100,0.030,326.9,true,850,true
9150,5500,250,3,22,true,3650,850,0.270,15.2,true,250,true
9150,5700,1000,3,23,true,3450,850,0.270,-193.2,true,-1000,true
9350,6700,200,3,24,true,2650,650,0.270,35.9,true,200,true
9500,6900,150,4,25,true,2600,500,0.152,121.9,true,150,true
9750,7100,250,3,26,true,2650,250,0.270,13.7,true,250,true
10000,8100,250,3,27,true,1900,0,0.270,15.7,true,250,true
0,0,450,2,1,false,0,10000,0.449,-158.4,false,450,true
0,0,450,2,1,false,0,10000,0.449,-150.7,false,-450,true
0,0,100,4,2,false,0,10000,0.152,128.4,false,100,true
0,0,200,3,2,false,0,10000,0.270,35.1,false,100,true
0,0,250,2,2,false,0,10000,0.449,-59.0,false,50,true
0,0,300,1,2,false,0,10000,0.662,-175.6,false,50,true
0,0,400,6,2,false,0,10000,0.030,341.7,false,100,true
0,0,600,3,2,false,0,10000,0.270,-81.3,false,200,true
0,0,650,2,2,false,0,10000,0.449,-237.7,false,50,true
0,0,750,1,2,false,0,10000,0.662,-477.8,false,100,true
0,0,750,1,2,false,0,10000,0.662,-474.4,false,-750,true
0,0,1050,2,3,true,0,10000,0.449,-412.3,true,1050,true
0,0,200,4,4,true,0,10000,0.152,112.2,false,200,true
250,0,250,3,4,true,250,9750,0.270,15.7,true,250,true
550,0,300,2,5,true,550,9450,0.449,-83.6,true,300,true
800,0,250,2,6,true,800,9200,0.449,-62.8,true,250,true
800,0,0,6,7,true,800,9200,0.030,362.9,false,0,true
1900,0,1100,1,8,true,1900,8100,0.662,-713.0,true,1100,true
1900,200,0,6,9,true,1700,8100,0.030,364.9,false,0,true
2100,400,200,3,10,true,1700,7900,0.270,33.2,true,200,true
2100,400,150,4,11,true,1700,7900,0.152,124.3,false,150,true
2300,400,200,3,11,true,1900,7700,0.270,30.4,true,200,true
2900,1000,600,2,12,true,1900,7100,0.449,-220.9,true,600,true
3200,1350,300,2,13,true,1850,6800,0.449,-82.5,true,300,true
3200,1500,150,4,14,true,1700,6800,0.152,119.8,false,150,true
3450,1500,250,3,14,true,1950,6550,0.270,13.9,true,250,true
3450,1700,200,4,15,true,1750,6550,0.152,116.4,false,200,true
3700,1700,250,3,15,true,2000,6300,0.270,18.6,true,250,true
3900,1850,200,3,16,true,2050,6100,0.270,31.8,true,200,true
3900,2000,100,5,17,true,1900,6100,0.079,219.8,false,100,true
3900,2000,200,4,17,true,1900,6100,0.152,110.8,false,100,true
4350,2000,450,1,17,true,2350,5650,0.662,-271.4,true,450,true
4350,2200,50,5,18,true,2150,5650,0.079,219.4,false,50,true
5400,2200,1050,2,18,true,3200,4600,0.449,-418.2,true,1050,true
6050,2700,650,2,19,true,3350,3950,0.449,-234.1,true,650,true
6050,2900,50,5,20,true,3150,3950,0.079,220.3,false,50,true
6250,2900,200,3,20,true,3350,3750,0.270,33.2,true,200,true
7100,3300,850,1,21,true,3800,2900,0.662,-539.8,true,850,true
7100,3850,100,5,22,true,3250,2900,0.079,221.4,false,100,true
7100,3850,200,4,22,true,3250,2900,0.152,108.8,false,100,true
7450,3850,350,2,22,true,3600,2550,0.449,-105.6,true,350,true
7450,4100,50,5,23,true,3350,2550,0.079,217.8,false,50,true
7450,4100,150,4,23,true,3350,2550,0.152,122.6,false,100,true
7700,4100,250,3,23,true,3600,2300,0.270,16.7,true,250,true
9700,4600,2000,1,24,true,5100,300,0.662,-1302.0,true,2000,true
10000,5300,300,2,25,true,4700,0,0.449,-85.9,true,300,true
0,0,400,6,1,false,0,10000,0.030,354.3,false,400,false
0,0,600,4,1,false,0,10000,0.152,51.2,false,200,false
0,0,650,3,1,false,0,10000,0.270,-94.0,false,50,false
0,0,650,3,1,false,0,10000,0.270,-91.7,false,-650,false
0,0,100,4,2,false,0,10000,0.152,131.1,false,100,false
0,0,150,3,2,false,0,10000,0.270,45.4,false,50,false
0,0,150,3,2,false,0,10000,0.270,45.2,false,-150,false
0,0,150,4,3,false,0,10000,0.152,119.9,false,150,false
0,0,450,1,3,false,0,10000,0.662,-272.7,false,300,false
0,0,450,1,3,false,0,10000,0.662,-278.3,false,-450,false
0,250,100,5,4,false,-250,10000,0.079,223.1,false,100,false
0,250,400,1,4,false,-250,10000,0.662,-241.4,false,300,false
0,250,400,1,4,false,-250,10000,0.662,-239.8,false,-400,false
0,550,200,3,5,false,-550,10000,0.270,29.7,false,200,false
0,550,300,2,5,false,-550,10000,0.449,-84.3,false,100,false
0,550,350,1,5,false,-550,10000,0.662,-209.8,false,50,false
0,550,350,1,5,false,-550,10000,0.662,-205.0,false,-350,false
0,800,1300,1,6,true,-800,10000,0.662,-843.3,true,1300,false
0,800,0,6,7,true,-800,10000,0.030,361.0,false,0,false
200,1900,200,4,8,true,-1700,9800,0.152,114.1,true,200,false
400,1900,200,4,9,true,-1500,9600,0.152,111.3,true,200,false
400,2100,0,6,10,true,-1700,9600,0.030,358.9,false,0,false
1000,2300,600,2,11,true,-1300,9000,0.449,-222.6,true,600,false
1000,2900,100,5,12,true,-1900,9000,0.079,216.2,false,100,false
1350,2900,350,2,12,true,-1550,8650,0.449,-105.4,true,350,false
1500,3200,150,4,13,true,-1700,8500,0.152,121.4,true,150,false
1700,3450,200,3,14,true,-1750,8300,0.270,27.1,true,200,false
1700,3700,100,4,15,true,-2000,8300,0.152,124.0,false,100,false
1850,3700,150,3,15,true,-1850,8150,0.270,43.0,true,150,false
1850,3900,100,5,16,true,-2050,8150,0.079,221.4,false,100,false
2000,3900,150,4,16,true,-1900,8000,0.152,118.6,true,150,false
2000,4350,50,5,17,true,-2350,8000,0.079,220.1,false,50,false
2000,4350,150,4,17,true,-2350,8000,0.152,115.8,false,100,false
2200,4350,200,3,17,true,-2150,7800,0.270,29.6,true,200,false
2700,5400,500,1,18,true,-2700,7300,0.662,-307.2,true,500,false
2900,6050,200,4,19,true,-3150,7100,0.152,111.4,true,200,false
3300,6250,400,2,20,true,-2950,6700,0.449,-128.9,true,400,false
3850,7100,550,6,21,true,-3250,6150,0.030,343.5,true,550,false
4100,7450,250,3,22,true,-3350,5900,0.270,13.4,true,250,false
4100,7700,100,5,23,true,-3600,5900,0.079,223.2,false,100,false
4600,7700,500,1,23,true,-3100,5400,0.662,-312.7,true,500,false
4600,9700,400,6,24,true,-5100,5400,0.030,341.2,false,400,false
5300,9700,700,3,24,true,-4400,4700,0.270,-109.0,true,700,false
0,0,250,3,1,false,0,10000,0.270,20.6,false,250,false
0,0,300,2,1,false,0,10000,0.449,-80.8,false,50,false
0,0,300,2,1,false,0,10000,0.449,-84.6,false,-300,false
0,0,1050,2,2,true,0,10000,0.449,-407.6,true,1050,false
0,250,100,5,3,true,-250,10000,0.079,213.9,false,100,false
300,250,300,3,3,true,50,9700,0.270,4.0,true,300,false
500,750,200,3,4,true,-250,9500,0.270,28.4,true,200,false
500,1000,50,5,5,true,-500,9500,0.079,225.3,false,50,false
500,1000,150,4,5,true,-500,9500,0.152,122.8,false,100,false
750,1000,250,2,5,true,-250,9250,0.449,-61.9,true,250,false
1350,1250,600,2,6,true,100,8650,0.449,-215.4,true,600,false
2350,1500,1000,3,7,true,850,7650,0.270,-185.4,true,1000,false
2550,2500,200,3,8,true,50,7450,0.270,34.0,true,200,false
2550,3050,150,4,9,true,-500,7450,0.152,118.5,false,150,false
2850,3050,300,2,9,true,-200,7150,0.449,-86.1,true,300,false
3900,3650,1050,2,10,true,250,6100,0.449,-416.9,true,1050,false
3900,4850,100,5,11,true,-950,6100,0.079,214.0,false,100,false
4250,4850,350,2,11,true,-600,5750,0.449,-106.7,true,350,false
4550,5400,300,2,12,true,-850,5450,0.449,-85.3,true,300,false
5000,6200,450,1,13,true,-1200,5000,0.662,-273.0,true,450,false
5000,6600,100,5,14,true,-1600,5000,0.079,213.6,false,100,false
5300,6600,300,2,14,true,-1300,4700,0.449,-85.0,true,300,false
5900,7100,600,2,15,true,-1200,4100,0.449,-218.9,true,600,false
6100,9250,200,3,16,true,-3150,3900,0.270,28.3,true,200,false
8100,9450,2000,2,17,true,-1350,1900,0.449,-847.4,true,2000,false
8100,9550,100,4,18,true,-1450,1900,0.152,129.5,false,100,false
8400,9550,300,1,18,true,-1150,1600,0.662,-173.3,true,300,false
8400,9750,150,4,19,true,-1350,1600,0.152,118.0,false,150,false
9150,9750,750,1,19,true,-600,850,0.662,-464.3,true,750,false
9350,9750,200,3,20,true,-400,650,0.270,33.7,true,200,false
9750,9800,400,1,21,true,-50,250,0.662,-242.8,true,400,false
0,0,1500,6,1,true,0,10000,0.030,321.1,true,1500,true
250,0,250,3,2,true,250,9750,0.270,18.2,true,250,true
750,300,500,2,3,true,450,9250,0.449,-171.7,true,500,true
1000,500,250,3,4,true,500,9000,0.270,20.3,true,250,true
1250,750,250,3,5,true,500,8750,0.270,16.3,true,250,true
1250,1350,100,5,6,true,-100,8750,0.079,220.7,false,100,true
1500,1350,250,3,6,true,150,8500,0.270,14.5,true,250,true
2500,2350,1000,3,7,true,150,7500,0.270,-178.8,true,1000,true
2500,2550,50,5,8,true,-50,7500,0.079,218.4,false,50,true
3050,2550,550,1,8,true,500,6950,0.662,-348.1,true,550,true
3650,2850,600,3,9,true,800,6350,0.270,-79.4,true,600,true
4850,3900,1200,2,10,true,950,5150,0.449,-482.2,true,1200,true
5400,4250,550,6,11,true,1150,4600,0.030,355.2,true,550,true
5400,4550,100,5,12,true,850,4600,0.079,222.2,false,100,true
6200,4550,800,1,12,true,1650,3800,0.662,-501.7,true,800,true
6600,5000,400,1,13,true,1600,3400,0.662,-238.2,true,400,true
7100,5300,500,2,14,true,1800,2900,0.449,-171.9,true,500,true
7100,5900,100,5,15,true,1200,2900,0.079,221.0,false,100,true
9250,5900,2150,6,15,true,3350,750,0.030,308.0,true,2150,true
9450,6100,200,3,16,true,3350,550,0.270,33.8,true,200,true
9550,8100,100,4,17,true,1450,450,0.152,127.0,true,100,true
9750,8400,200,3,18,true,1350,250,0.270,27.4,true,200,true
9750,9150,600,2,19,true,600,250,0.449,-212.9,true,-600,true
9800,9350,50,5,20,true,450,200,0.079,220.9,true,50,true
10000,9750,200,4,21,true,250,0,0.152,110.2,true,200,true
0,0,200,3,1,false,0,10000,0.270,28.9,false,200,false
0,0,200,3,1,false,0,10000,0.270,35.5,false,-200,false
0,0,50,5,2,false,0,10000,0.079,217.1,false,50,false
0,0,200,3,2,false,0,10000,0.270,34.1,false,150,false
0,0,250,2,2,false,0,10000,0.449,-58.0,false,50,false
0,0,350,1,2,false,0,10000,0.662,-203.4,false,100,false
0,0,400,6,2,false,0,10000,0.030,343.3,false,50,false
0,0,500,5,2,false,0,10000,0.079,185.9,false,100,false
0,0,600,4,2,false,0,10000,0.152,42.4,false,100,false
0,0,650,3,2,false,0,10000,0.270,-99.5,false,50,false
0,0,700,2,2,false,0,10000,0.449,-264.6,false,50,false
0,0,800,1,2,false,0,10000,0.662,-520.4,false,100,false
0,0,800,1,2,false,0,10000,0.662,-508.6,false,-800,false
0,0,350,2,3,false,0,10000,0.449,-101.4,false,350,false
0,0,500,6,3,false,0,10000,0.030,340.1,false,150,false
0,0,650,4,3,false,0,10000,0.152,44.3,false,150,false
0,0,750,3,3,false,0,10000,0.270,-121.7,false,100,false
0,0,750,3,3,false,0,10000,0.270,-116.1,false,-750,false
0,0,1050,2,4,true,0,10000,0.449,-421.2,true,1050,false
250,0,250,3,5,true,250,9750,0.270,16.3,true,250,false
850,0,600,2,6,true,850,9150,0.449,-216.6,true,600,false
1150,0,300,2,7,true,1150,8850,0.449,-81.0,true,300,false
1650,0,500,3,8,true,1650,8350,0.270,-49.1,true,500,false
2200,0,550,6,9,true,2200,7800,0.030,341.6,true,550,false
2450,0,250,3,10,true,2450,7550,0.270,24.0,true,250,false
3050,0,600,1,11,true,3050,6950,0.662,-376.8,true,600,false
3300,0,250,3,12,true,3300,6700,0.270,13.0,true,250,false
4800,0,1500,6,13,true,4800,5200,0.030,306.0,true,1500,false
4800,0,0,6,14,true,4800,5200,0.030,363.4,false,0,false
5500,0,700,1,15,true,5500,4500,0.662,-435.9,true,700,false
5950,0,450,2,16,true,5950,4050,0.449,-141.7,true,450,false
5950,1100,50,5,17,true,4850,4050,0.079,232.4,false,50,false
6200,1100,250,3,17,true,5100,3800,0.270,16.1,true,250,false
6500,1300,300,2,18,true,5200,3500,0.449,-89.5,true,300,false
6800,1800,300,1,19,true,5000,3200,0.662,-176.4,true,300,false
7100,2450,300,1,20,true,4650,2900,0.662,-172.2,true,300,false
7100,2450,0,6,21,true,4650,2900,0.030,357.0,false,0,false
7800,2650,700,2,22,true,5150,2200,0.449,-261.1,true,700,false
7800,3250,150,4,23,true,4550,2200,0.152,116.3,false,150,false
8050,3250,250,3,23,true,4800,1950,0.270,11.9,true,250,false
8650,3850,600,2,24,true,4800,1350,0.449,-214.7,true,600,false
8850,4100,200,3,25,true,4750,1150,0.270,28.8,true,200,false
9000,4600,150,4,26,true,4400,1000,0.152,115.9,true,150,false
9250,4750,250,3,27,true,4500,750,0.270,11.6,true,250,false
9250,4950,1500,6,28,true,4300,750,0.030,305.9,true,-1500,false
9450,5300,200,3,29,true,4150,550,0.270,33.5,true,200,false
9700,5300,250,2,30,true,4400,300,0.449,-60.5,true,250,false
9750,7300,50,5,31,true,2450,250,0.079,218.2,true,50,false
9750,7500,650,1,32,true,2250,250,0.662,-417.0,true,-650,false
9800,7850,50,5,33,true,1950,200,0.079,221.5,true,50,false
9900,8350,100,5,34,true,1550,100,0.079,221.4,true,100,false
9900,8550,150,4,35,true,1350,100,0.152,120.1,true,-150,false
9900,9050,200,3,36,true,850,100,0.270,28.5,true,-200,false
9900,9050,200,4,37,true,850,100,0.152,110.5,true,-200,false
9900,9150,150,4,38,true,750,100,0.152,118.0,true,-150,false
9900,9250,400,1,39,true,650,100,0.662,-242.5,true,-400,false
9900,9600,1050,2,40,true,300,100,0.449,-404.5,true,-1050,false
9900,9900,250,3,41,true,0,100,0.270,19.7,true,-250,false
0,0,200,4,1,false,0,10000,0.152,107.2,false,200,true
0,0,200,4,1,false,0,10000,0.152,111.9,false,-200,true
0,0,200,4,2,false,0,10000,0.152,112.5,false,200,true
0,0,250,3,2,false,0,10000,0.270,12.3,false,50,true
0,0,300,2,2,false,0,10000,0.449,-80.8,false,50,true
0,0,350,1,2,false,0,10000,0.662,-207.2,false,50,true
0,0,350,1,2,false,0,10000,0.662,-207.3,false,-350,true
0,0,100,5,3,false,0,10000,0.079,216.1,false,100,true
0,0,250,3,3,false,0,10000,0.270,17.6,false,150,true
0,0,300,2,3,false,0,10000,0.449,-88.2,false,50,true
0,0,350,1,3,false,0,10000,0.662,-207.8,false,50,true
0,0,350,1,3,false,0,10000,0.662,-209.3,false,-350,true
0,0,200,4,4,false,0,10000,0.152,116.8,false,200,true
0,0,200,4,4,false,0,10000,0.152,116.2,false,-200,true
0,250,150,4,5,false,-250,10000,0.152,120.6,false,150,true
0,250,300,2,5,false,-250,10000,0.449,-82.5,false,150,true
0,250,300,2,5,false,-250,10000,0.449,-87.7,false,-300,true
0,850,400,1,6,false,-850,10000,0.662,-242.7,false,400,true
0,850,400,1,6,false,-850,10000,0.662,-238.8,false,-400,true
0,1150,100,4,7,false,-1150,10000,0.152,130.4,false,100,true
0,1150,200,3,7,false,-1150,10000,0.270,27.0,false,100,true
0,1150,400,1,7,false,-1150,10000,0.662,-240.3,false,200,true
0,1150,400,1,7,false,-1150,10000,0.662,-240.8,false,-400,true
0,1650,0,6,8,false,-1650,10000,0.030,362.8,false,0,true
0,2200,150,4,9,false,-2200,10000,0.152,120.8,false,150,true
0,2200,250,2,9,false,-2200,10000,0.449,-60.5,false,100,true
0,2200,250,2,9,false,-2200,10000,0.449,-57.0,false,-250,true
0,2450,100,5,10,false,-2450,10000,0.079,217.4,false,100,true
0,2450,300,3,10,false,-2450,10000,0.270,2.9,false,200,true
0,2450,400,2,10,false,-2450,10000,0.449,-130.5,false,100,true
0,2450,400,2,10,false,-2450,10000,0.449,-136.1,false,-400,true
0,3050,200,3,11,false,-3050,10000,0.270,32.9,false,200,true
0,3050,300,2,11,false,-3050,10000,0.449,-83.9,false,100,true
0,3050,300,2,11,false,-3050,10000,0.449,-84.4,false,-300,true
0,3300,500,3,12,false,-3300,10000,0.270,-58.7,false,500,true
0,3300,600,1,12,false,-3300,10000,0.662,-377.0,false,100,true
0,3300,650,6,12,false,-3300,10000,0.030,331.8,false,50,true
0,3300,950,2,12,false,-3300,10000,0.449,-364.5,false,300,true
0,3300,950,2,12,false,-3300,10000,0.449,-387.8,false,-950,true
0,4800,250,3,13,false,-4800,10000,0.270,18.0,false,250,true
0,4800,350,1,13,false,-4800,10000,0.662,-204.2,false,100,true
0,4800,350,1,13,false,-4800,10000,0.662,-207.7,false,-350,true
0,4800,600,3,14,false,-4800,10000,0.270,-86.3,false,600,true
0,4800,650,2,14,false,-4800,10000,0.449,-240.1,false,50,true
0,4800,700,1,14,false,-4800,10000,0.662,-447.2,false,50,true
0,4800,700,1,14,false,-4800,10000,0.662,-445.9,false,-700,true
0,5500,500,2,15,false,-5500,10000,0.449,-170.9,false,500,true
0,5500,600,1,15,false,-5500,10000,0.662,-371.1,false,100,true
0,5500,700,6,15,false,-5500,10000,0.030,336.2,false,100,true
0,5500,800,4,15,false,-5500,10000,0.152,21.7,false,100,true
0,5500,1000,2,15,true,-5500,10000,0.449,-397.3,true,1000,true
1100,5950,1100,1,16,true,-4850,8900,0.662,-712.2,true,1100,true
1300,6200,200,3,17,true,-4900,8700,0.270,33.3,true,200,true
1800,6500,500,1,18,true,-4700,8200,0.662,-311.7,true,500,true
2450,6800,650,2,19,true,-4350,7550,0.449,-234.4,true,650,true
2450,7100,0,6,20,true,-4650,7550,0.030,351.9,false,0,true
2450,7100,50,5,21,true,-4650,7550,0.079,221.7,false,50,true
2650,7100,200,3,21,true,-4450,7350,0.270,28.7,true,200,true
3250,7800,600,3,22,true,-4550,6750,0.270,-84.2,true,600,true
3850,8050,600,2,23,true,-4200,6150,0.449,-217.2,true,600,true
3850,8650,100,4,24,true,-4800,6150,0.152,127.4,false,100,true
4100,8650,250,2,24,true,-4550,5900,0.449,-65.1,true,250,true
4600,8850,500,3,25,true,-4250,5400,0.270,-51.3,true,500,true
4750,9000,150,4,26,true,-4250,5250,0.152,121.3,true,150,true
4950,9250,200,3,27,true,-4300,5050,0.270,27.7,true,200,true
4950,9250,100,5,28,true,-4300,5050,0.079,219.7,false,100,true
5300,9250,350,2,28,true,-3950,4700,0.449,-103.6,true,350,true
5300,9450,150,4,29,true,-4150,4700,0.152,121.5,false,150,true
5300,9450,150,4,29,true,-4150,4700,0.152,120.9,false,-150,true
7300,9700,2000,2,30,true,-2400,2700,0.449,-828.1,true,2000,true
7500,9750,200,3,31,true,-2250,2500,0.270,29.9,true,200,true
7850,9750,350,2,32,true,-1900,2150,0.449,-103.5,true,350,true
8350,9800,500,3,33,true,-1450,1650,0.270,-54.9,true,500,true
8550,9900,200,4,34,true,-1350,1450,0.152,107.5,true,200,true
9050,9900,500,6,35,true,-850,950,0.030,339.9,true,500,true
9050,9900,1000,3,36,true,-850,950,0.270,-179.9,true,-1000,true
9150,9900,100,4,37,true,-750,850,0.152,130.4,true,100,true
9250,9900,100,4,38,true,-650,750,0.152,130.2,true,100,true
9600,9900,350,1,39,true,-300,400,0.662,-206.9,true,350,true
9900,9900,300,2,40,true,0,100,0.449,-78.9,true,300,true
10000,9900,100,4,41,true,100,0,0.152,125.4,true,100,true
0,0,200,3,1,false,0,10000,0.270,29.1,false,200,true
0,0,200,3,1,false,0,10000,0.270,30.9,false,-200,true
0,0,200,4,2,false,0,10000,0.152,115.4,false,200,true
0,0,300,3,2,false,0,10000,0.270,-2.1,false,100,true
0,0,300,3,2,false,0,10000,0.270,5.9,false,-300,true
0,500,1100,1,3,true,-500,10000,0.662,-712.9,true,1100,true
0,1000,150,4,4,true,-1000,10000,0.152,119.7,false,150,true
0,1000,150,4,4,true,-1000,10000,0.152,122.6,false,-150,true
0,1200,50,5,5,true,-1200,10000,0.079,222.6,false,50,true
250,1200,250,3,5,true,-950,9750,0.270,16.9,true,250,true
1000,2200,750,1,6,true,-1200,9000,0.662,-470.6,true,750,true
1200,2400,200,3,7,true,-1200,8800,0.270,25.2,true,200,true
1850,2550,650,2,8,true,-700,8150,0.449,-240.9,true,650,true
1850,2750,100,5,9,true,-900,8150,0.079,215.7,false,100,true
2150,2750,300,3,9,true,-600,7850,0.270,0.3,true,300,true
2450,2950,300,3,10,true,-500,7550,0.270,2.8,true,300,true
2450,3950,150,4,11,true,-1500,7550,0.152,119.0,false,150,true
2800,3950,350,2,11,true,-1150,7200,0.449,-108.6,true,350,true
2800,4100,50,5,12,true,-1300,7200,0.079,229.9,false,50,true
2800,4100,100,4,12,true,-1300,7200,0.152,129.4,false,50,true
3050,4100,250,2,12,true,-1050,6950,0.449,-65.0,true,250,true
4050,4600,1000,3,13,true,-550,5950,0.270,-186.8,true,1000,true
4050,5100,50,5,14,true,-1050,5950,0.079,228.8,false,50,true
4200,5100,150,3,14,true,-900,5800,0.270,45.6,true,150,true
5200,5800,1000,3,15,true,-600,4800,0.270,-196.0,true,1000,true
6700,6000,1500,6,16,true,700,3300,0.030,311.9,true,1500,true
7300,6150,600,2,17,true,1150,2700,0.449,-216.1,true,600,true
7800,6350,500,3,18,true,1450,2200,0.270,-47.3,true,500,true
8800,7200,1000,3,19,true,1600,1200,0.270,-194.4,true,1000,true
9200,7450,400,6,20,true,1750,800,0.030,338.5,true,400,true
9600,7700,400,1,21,true,1900,400,0.662,-243.9,true,400,true
9850,9200,250,3,22,true,650,150,0.270,17.4,true,250,true
9950,9300,100,5,23,true,650,50,0.079,211.8,true,100,true
9950,9400,600,2,24,true,550,50,0.449,-217.3,true,-600,true
9950,9400,300,2,25,true,550,50,0.449,-82.3,true,-300,true
9950,9400,100,5,26,true,550,50,0.079,218.6,true,-100,true
9950,9900,250,3,27,true,50,50,0.270,20.6,true,-250,true
10000,9900,50,5,28,true,100,0,0.079,225.9,true,50,true
0,0,2000,2,1,true,0,10000,0.449,-817.8,true,2000,false
0,0,50,5,2,true,0,10000,0.079,224.3,false,50,false
500,0,500,6,2,true,500,9500,0.030,344.8,true,500,false
1000,0,500,3,3,true,1000,9000,0.270,-57.9,true,500,false
1000,0,100,5,4,true,1000,9000,0.079,217.6,false,100,false
1200,0,200,3,4,true,1200,8800,0.270,29.1,true,200,false
2200,250,1000,3,5,true,1950,7800,0.270,-187.2,true,1000,false
2200,1000,50,5,6,true,1200,7800,0.079,223.6,false,50,false
2400,1000,200,3,6,true,1400,7600,0.270,29.0,true,200,false
2400,1200,50,5,7,true,1200,7600,0.079,220.4,false,50,false
2550,1200,150,3,7,true,1350,7450,0.270,43.1,true,150,false
2750,1850,200,4,8,true,900,7250,0.152,110.8,true,200,false
2950,2150,200,3,9,true,800,7050,0.270,33.3,true,200,false
3950,2450,1000,3,10,true,1500,6050,0.270,-194.7,true,1000,false
4100,2800,150,4,11,true,1300,5900,0.152,121.5,true,150,false
4600,3050,500,3,12,true,1550,5400,0.270,-52.9,true,500,false
5100,4050,500,2,13,true,1050,4900,0.449,-175.0,true,500,false
5800,4200,700,2,14,true,1600,4200,0.449,-259.2,true,700,false
6000,5200,200,3,15,true,800,4000,0.270,29.7,true,200,false
6150,6700,150,4,16,true,-550,3850,0.152,118.3,true,150,false
6350,7300,200,4,17,true,-950,3650,0.152,112.5,true,200,false
7200,7800,850,6,18,true,-600,2800,0.030,317.5,true,850,false
7450,8800,250,3,19,true,-1350,2550,0.270,15.9,true,250,false
7700,9200,250,3,20,true,-1500,2300,0.270,16.5,true,250,false
9200,9600,1500,6,21,true,-400,800,0.030,322.8,true,1500,false
9300,9850,100,4,22,true,-550,700,0.152,126.5,true,100,false
9400,9950,100,4,23,true,-550,600,0.152,130.7,true,100,false
9400,9950,1050,2,24,true,-550,600,0.449,-401.4,true,-1050,false
9400,9950,2000,2,25,true,-550,600,0.449,-809.8,true,-2000,false
9900,9950,500,1,26,true,-50,100,0.662,-305.0,true,500,false
9900,9950,600,1,27,true,-50,100,0.662,-374.8,true,-600,false
0,0,600,2,1,false,0,10000,0.449,-215.8,false,600,false
0,0,650,1,1,false,0,10000,0.662,-411.5,false,50,false
0,0,650,1,1,false,0,10000,0.662,-414.3,false,-650,false
0,0,200,3,2,false,0,10000,0.270,33.6,false,200,false
0,0,300,1,2,false,0,10000,0.662,-174.9,false,100,false
0,0,350,6,2,false,0,10000,0.030,349.0,false,50,false
0,0,500,4,2,false,0,10000,0.152,67.1,false,150,false
0,0,1150,6,2,true,0,10000,0.030,321.0,true,1150,false
0,600,100,4,3,true,-600,10000,0.152,123.9,false,100,false
0,600,100,4,3,true,-600,10000,0.152,128.8,false,-100,false
0,1200,0,6,4,true,-1200,10000,0.030,360.5,false,0,false
1000,1700,1000,2,5,true,-700,9000,0.449,-400.7,true,1000,false
1000,1900,50,5,6,true,-900,9000,0.079,218.1,false,50,false
1000,1900,150,4,6,true,-900,9000,0.152,116.6,false,100,false
1000,1900,150,4,6,true,-900,9000,0.152,124.6,false,-150,false
1200,2400,200,3,7,true,-1200,8800,0.270,30.9,true,200,false
2700,2650,1500,6,8,true,50,7300,0.030,317.1,true,1500,false
2950,3350,250,3,9,true,-400,7050,0.270,13.0,true,250,false
3150,3500,200,3,10,true,-350,6850,0.270,33.1,true,200,false
3150,4250,150,4,11,true,-1100,6850,0.152,116.2,false,150,false
3400,4250,250,3,11,true,-850,6600,0.270,13.3,true,250,false
4500,4550,1100,1,12,true,-50,5500,0.662,-704.5,true,1100,false
5750,4750,1250,1,13,true,1000,4250,0.662,-799.0,true,1250,false
6450,4900,700,1,14,true,1550,3550,0.662,-435.8,true,700,false
6750,5400,300,1,15,true,1350,3250,0.662,-177.0,true,300,false
6750,5600,0,6,16,true,1150,3250,0.030,353.0,false,0,false
6750,6900,200,4,17,true,-150,3250,0.152,113.4,false,200,false
7000,6900,250,3,17,true,100,3000,0.270,17.1,true,250,false
7350,7050,350,2,18,true,300,2650,0.449,-102.4,true,350,false
7600,7500,250,3,19,true,100,2400,0.270,18.8,true,250,false
8100,7850,500,1,20,true,250,1900,0.662,-306.4,true,500,false
8600,8000,500,1,21,true,600,1400,0.662,-304.1,true,500,false
8700,8150,100,4,22,true,550,1300,0.152,131.3,true,100,false
9400,8150,700,1,23,true,1250,600,0.662,-443.8,true,700,false
9550,8750,150,4,24,true,800,450,0.152,118.8,true,150,false
9750,9000,200,4,25,true,750,250,0.152,116.0,true,200,false
9850,9600,100,4,26,true,250,150,0.152,127.9,true,100,false
9850,9750,1050,2,27,true,100,150,0.449,-419.9,true,-1050,false
9850,9750,1000,3,28,true,100,150,0.270,-191.8,true,-1000,false
9850,9900,250,3,29,true,-50,150,0.270,17.4,true,-250,false
9850,9900,1500,6,30,true,-50,150,0.030,308.3,true,-1500,false
9850,9900,1000,2,31,true,-50,150,0.449,-395.8,true,-1000,false
0,0,250,3,1,false,0,10000,0.270,13.9,false,250,true
0,0,650,6,1,false,0,10000,0.030,340.6,false,400,true
0,0,1200,1,1,true,0,10000,0.662,-772.8,true,1200,true
600,0,600,3,2,true,600,9400,0.270,-76.2,true,600,true
1200,0,600,2,3,true,1200,8800,0.449,-212.5,true,600,true
1700,0,500,2,4,true,1700,8300,0.449,-169.9,true,500,true
1700,1000,50,5,5,true,700,8300,0.079,222.5,false,50,true
1700,1000,100,4,5,true,700,8300,0.152,128.6,false,50,true
1900,1000,200,3,5,true,900,8100,0.270,30.3,true,200,true
2400,1000,500,3,6,true,1400,7600,0.270,-52.8,true,500,true
2650,1200,250,2,7,true,1450,7350,0.449,-60.1,true,250,true
3350,2700,700,2,8,true,650,6650,0.449,-265.0,true,700,true
3350,2950,100,5,9,true,400,6650,0.079,221.4,false,100,true
3500,2950,150,4,9,true,550,6500,0.152,121.8,true,150,true
4250,3150,750,1,10,true,1100,5750,0.662,-479.0,true,750,true
4550,3400,300,2,11,true,1150,5450,0.449,-88.6,true,300,true
4550,4500,100,4,12,true,50,5450,0.152,133.8,false,100,true
4750,4500,200,3,12,true,250,5250,0.270,31.1,true,200,true
4750,5750,100,4,13,true,-1000,5250,0.152,128.3,false,100,true
4900,5750,150,3,13,true,-850,5100,0.270,45.3,true,150,true
5400,6450,500,6,14,true,-1050,4600,0.030,335.7,true,500,true
5600,6750,200,3,15,true,-1150,4400,0.270,31.7,true,200,true
6900,6750,1300,1,16,true,150,3100,0.662,-856.8,true,1300,true
7050,7000,150,4,17,true,50,2950,0.152,117.4,true,150,true
7500,7350,450,2,18,true,150,2500,0.449,-148.2,true,450,true
7850,7600,350,2,19,true,250,2150,0.449,-103.6,true,350,true
7850,8100,100,4,20,true,-250,2150,0.152,129.2,false,100,true
8000,8100,150,3,20,true,-100,2000,0.270,43.7,true,150,true
8000,8600,100,5,21,true,-600,2000,0.079,217.3,false,100,true
8150,8600,150,4,21,true,-450,1850,0.152,123.0,true,150,true
8150,8700,150,4,22,true,-550,1850,0.152,121.0,false,150,true
8150,8700,150,4,22,true,-550,1850,0.152,114.5,false,-150,true
8750,9400,600,2,23,true,-650,1250,0.449,-213.3,true,600,true
9000,9550,250,3,24,true,-550,1000,0.270,17.2,true,250,true
9600,9750,600,2,25,true,-150,400,0.449,-215.7,true,600,true
9750,9850,150,4,26,true,-100,250,0.152,117.4,true,150,true
9750,9850,500,3,27,true,-100,250,0.270,-50.1,true,-500,true
9900,9850,150,4,28,true,50,100,0.152,122.4,true,150,true
9900,9850,250,3,29,true,50,100,0.270,17.1,true,-250,true
9900,9850,500,2,30,true,50,100,0.449,-176.1,true,-500,true
10000,9850,100,5,31,true,150,0,0.079,217.1,true,100,true
0,0,300,2,1,false,0,10000,0.449,-82.9,false,300,false
0,0,350,1,1,false,0,10000,0.662,-208.1,false,50,false
0,0,350,1,1,false,0,10000,0.662,-206.5,false,-350,false
0,0,0,6,2,false,0,10000,0.030,360.0,false,0,false
0,400,150,4,3,false,-400,10000,0.152,118.1,false,150,false
0,400,350,2,3,false,-400,10000,0.449,-101.0,false,200,false
0,400,500,6,3,false,-400,10000,0.030,343.4,false,150,false
0,400,800,2,3,false,-400,10000,0.449,-311.0,false,300,false
0,400,800,2,3,false,-400,10000,0.449,-307.5,false,-800,false
0,400,50,5,4,false,-400,10000,0.079,221.9,false,50,false
0,400,50,5,4,false,-400,10000,0.079,225.0,false,-50,false
0,550,100,4,5,false,-550,10000,0.152,126.4,false,100,false
0,550,350,1,5,false,-550,10000,0.662,-210.7,false,250,false
0,550,350,1,5,false,-550,10000,0.662,-208.0,false,-350,false
0,1150,1050,2,6,true,-1150,10000,0.449,-400.5,true,1050,false
0,1750,0,6,7,true,-1750,10000,0.030,352.0,false,0,false
400,1900,400,1,8,true,-1500,9600,0.662,-241.4,true,400,false
400,2500,150,4,9,true,-2100,9600,0.152,120.6,false,150,false
750,2500,350,1,9,true,-1750,9250,0.662,-205.3,true,350,false
1250,2800,500,3,10,true,-1550,8750,0.270,-48.0,true,500,false
1650,2800,400,1,11,true,-1150,8350,0.662,-238.9,true,400,false
1650,3000,0,6,12,true,-1350,8350,0.030,365.2,false,0,false
1650,3000,150,4,13,true,-1350,8350,0.152,117.4,false,150,false
2000,3000,350,2,13,true,-1000,8000,0.449,-103.9,true,350,false
3000,4300,1000,3,14,true,-1300,7000,0.270,-189.3,true,1000,false
3000,4550,0,6,15,true,-1550,7000,0.030,358.4,false,0,false
3000,4750,100,5,16,true,-1750,7000,0.079,219.1,false,100,false
3000,4750,100,5,16,true,-1750,7000,0.079,215.7,false,-100,false
3000,5100,100,5,17,true,-2100,7000,0.079,219.7,false,100,false
3000,5100,100,5,17,true,-2100,7000,0.079,216.4,false,-100,false
4000,5450,1000,3,18,true,-1450,6000,0.270,-186.1,true,1000,false
4200,6550,200,3,19,true,-2350,5800,0.270,30.2,true,200,false
4200,6850,150,4,20,true,-2650,5800,0.152,120.3,false,150,false
4450,6850,250,3,20,true,-2400,5550,0.270,17.9,true,250,false
4450,7350,100,4,21,true,-2900,5550,0.152,126.1,false,100,false
4600,7350,150,3,21,true,-2750,5400,0.270,45.0,true,150,false
5650,8850,1050,2,22,true,-3200,4350,0.449,-428.4,true,1050,false
6150,9050,500,1,23,true,-2900,3850,0.662,-310.7,true,500,false
8200,9200,2050,1,24,true,-1000,1800,0.662,-1353.4,true,2050,false
8200,9200,150,4,25,true,-1000,1800,0.152,121.3,false,150,false
8450,9200,250,3,25,true,-750,1550,0.270,17.1,true,250,false
9150,9350,700,2,26,true,-200,850,0.449,-263.2,true,700,false
9250,9350,100,4,27,true,-100,750,0.152,129.1,true,100,false
9300,9350,50,5,28,true,-50,700,0.079,217.1,true,50,false
9300,9800,0,6,29,true,-500,700,0.030,371.0,false,0,false
9650,9800,350,1,30,true,-150,350,0.662,-204.6,true,350,false
9800,9800,150,4,31,true,0,200,0.152,120.6,true,150,false
9850,9800,50,5,32,true,50,150,0.079,220.5,true,50,false
0,0,50,5,1,false,0,10000,0.079,219.9,false,50,true
0,0,150,3,1,false,0,10000,0.270,43.2,false,100,true
0,0,1150,6,1,true,0,10000,0.030,332.7,true,1150,true
0,0,150,4,2,true,0,10000,0.152,118.5,false,150,true
400,0,400,1,2,true,400,9600,0.662,-236.8,true,400,true
400,0,150,4,3,true,400,9600,0.152,123.3,false,150,true
400,0,150,4,3,true,400,9600,0.152,115.8,false,-150,true
550,0,150,4,4,true,550,9450,0.152,122.7,true,150,true
1150,0,600,3,5,true,1150,8850,0.270,-85.0,true,600,true
1750,0,600,2,6,true,1750,8250,0.449,-217.0,true,600,true
1900,0,150,4,7,true,1900,8100,0.152,123.8,true,150,true
2500,400,600,1,8,true,2100,7500,0.662,-380.2,true,600,true
2800,750,300,2,9,true,2050,7200,0.449,-82.5,true,300,true
2800,1250,0,6,10,true,1550,7200,0.030,353.3,false,0,true
3000,1650,200,3,11,true,1350,7000,0.270,29.1,true,200,true
3000,1650,0,6,12,true,1350,7000,0.030,359.3,false,0,true
4300,2000,1300,6,13,true,2300,5700,0.030,320.7,true,1300,true
4550,3000,250,2,14,true,1550,5450,0.449,-63.8,true,250,true
4750,3000,200,3,15,true,1750,5250,0.270,30.9,true,200,true
4750,3000,100,5,16,true,1750,5250,0.079,223.6,false,100,true
5100,3000,350,2,16,true,2100,4900,0.449,-107.4,true,350,true
5100,3000,50,5,17,true,2100,4900,0.079,223.7,false,50,true
5100,3000,150,4,17,true,2100,4900,0.152,120.8,false,100,true
5450,3000,350,1,17,true,2450,4550,0.662,-209.8,true,350,true
5450,4000,100,5,18,true,1450,4550,0.079,221.7,false,100,true
6550,4000,1100,2,18,true,2550,3450,0.449,-442.5,true,1100,true
6550,4200,100,5,19,true,2350,3450,0.079,211.2,false,100,true
6850,4200,300,3,19,true,2650,3150,0.270,0.6,true,300,true
7350,4450,500,3,20,true,2900,2650,0.270,-45.0,true,500,true
8850,4600,1500,6,21,true,4250,1150,0.030,315.0,true,1500,true
9050,5650,200,4,22,true,3400,950,0.152,114.9,true,200,true
9200,6150,150,4,23,true,3050,800,0.152,123.5,true,150,true
9200,8200,1100,1,24,true,1000,800,0.662,-712.6,true,-1100,true
9350,8450,150,4,25,true,900,650,0.152,118.8,true,150,true
9350,9150,2000,2,26,true,200,650,0.449,-878.1,true,-2000,true
9350,9250,900,6,27,true,100,650,0.030,336.8,true,-900,true
9800,9300,450,1,28,true,500,200,0.662,-273.4,true,450,true
9800,9300,800,2,29,true,500,200,0.449,-303.7,true,-800,true
9800,9650,500,2,30,true,150,200,0.449,-173.1,true,-500,true
9800,9800,250,3,31,true,0,200,0.270,18.4,true,-250,true
10000,9850,200,4,32,true,150,0,0.152,109.0,true,200,true
0,0,150,4,1,false,0,10000,0.152,119.7,false,150,true
0,0,250,3,1,false,0,10000,0.270,19.0,false,100,true
0,0,250,3,1,false,0,10000,0.270,18.1,false,-250,true
0,0,450,2,2,false,0,10000,0.449,-147.8,false,450,true
0,0,600,6,2,false,0,10000,0.030,344.9,false,150,true
0,0,850,3,2,false,0,10000,0.270,-152.0,false,250,true
0,0,900,2,2,false,0,10000,0.449,-345.7,false,50,true
0,0,1050,6,2,true,0,10000,0.030,325.2,true,1050,true
350,0,350,1,3,true,350,9650,0.662,-210.1,true,350,true
550,0,200,3,4,true,550,9450,0.270,28.0,true,200,true
550,0,150,4,5,true,550,9450,0.152,117.9,false,150,true
750,0,200,3,5,true,750,9250,0.270,33.7,true,200,true
750,0,150,4,6,true,750,9250,0.152,124.9,false,150,true
1000,0,250,2,6,true,1000,9000,0.449,-61.1,true,250,true
1250,0,250,3,7,true,1250,8750,0.270,19.1,true,250,true
1250,0,200,4,8,true,1250,8750,0.152,106.9,false,200,true
1550,0,300,3,8,true,1550,8450,0.270,2.5,true,300,true
1750,0,200,3,9,true,1750,8250,0.270,35.1,true,200,true
2450,0,700,6,10,true,2450,7550,0.030,344.1,true,700,true
2650,0,200,3,11,true,2650,7350,0.270,33.4,true,200,true
3000,0,350,1,12,true,3000,7000,0.662,-207.4,true,350,true
3000,500,150,4,13,true,2500,7000,0.152,121.6,false,150,true
3200,500,200,3,13,true,2700,6800,0.270,33.0,true,200,true
3200,800,150,4,14,true,2400,6800,0.152,115.1,false,150,true
3450,800,250,3,14,true,2650,6550,0.270,19.1,true,250,true
3450,1000,0,6,15,true,2450,6550,0.030,359.1,false,0,true
3450,1200,150,4,16,true,2250,6550,0.152,119.4,false,150,true
3700,1200,250,3,16,true,2500,6300,0.270,17.8,true,250,true
4000,2450,300,2,17,true,1550,6000,0.449,-82.8,true,300,true
5100,3250,1100,1,18,true,1850,4900,0.662,-699.0,true,1100,true
5100,3750,0,6,19,true,1350,4900,0.030,358.3,false,0,true
5100,3900,100,5,20,true,1200,4900,0.079,218.7,false,100,true
5700,3900,600,1,20,true,1800,4300,0.662,-381.4,true,600,true
5700,4150,200,4,21,true,1550,4300,0.152,107.2,false,200,true
6100,4150,400,1,21,true,1950,3900,0.662,-241.9,true,400,true
6100,4750,0,6,22,true,1350,3900,0.030,357.6,false,0,true
6100,5100,100,5,23,true,1000,3900,0.079,220.8,false,100,true
6100,5100,100,5,23,true,1000,3900,0.079,216.1,false,-100,true
6300,5300,200,3,24,true,1000,3700,0.270,34.3,true,200,true
6500,5800,200,3,25,true,700,3500,0.270,29.6,true,200,true
6800,6000,300,2,26,true,800,3200,0.449,-83.6,true,300,true
7450,7000,650,2,27,true,450,2550,0.449,-235.9,true,650,true
7450,7200,100,4,28,true,250,2550,0.152,126.7,false,100,true
7600,7200,150,3,28,true,400,2400,0.270,47.1,true,150,true
8050,7800,450,6,29,true,250,1950,0.030,353.0,true,450,true
9050,8150,1000,2,30,true,900,950,0.449,-393.0,true,1000,true
9100,8550,50,5,31,true,550,900,0.079,222.2,true,50,true
9200,8750,100,5,32,true,450,800,0.079,221.5,true,100,true
9300,8850,100,4,33,true,450,700,0.152,126.0,true,100,true
9900,9650,600,2,34,true,250,100,0.449,-214.6,true,600,true
9900,9650,150,4,35,true,250,100,0.152,121.3,true,-150,true
9900,9650,1000,2,36,true,250,100,0.449,-397.4,true,-1000,true
9950,9650,50,5,37,true,300,50,0.079,219.4,true,50,true
9950,9650,250,3,38,true,300,50,0.270,20.0,true,-250,true
9950,9650,1100,1,39,true,300,50,0.662,-704.6,true,-1100,true
9950,9900,600,2,40,true,50,50,0.449,-215.9,true,-600,true
9950,9900,150,4,41,true,50,50,0.152,120.7,true,-150,true
9950,9950,1100,1,42,true,0,50,0.662,-707.1,true,-1100,true
10000,9950,50,5,43,true,50,0,0.079,214.5,true,50,true
0,0,300,3,1,false,0,10000,0.270,6.3,false,300,false
0,0,300,3,1,false,0,10000,0.270,2.0,false,-300,false
0,0,0,6,2,false,0,10000,0.030,369.9,false,0,false
0,350,400,3,3,false,-350,10000,0.270,-29.0,false,400,false
0,350,450,2,3,false,-350,10000,0.449,-156.5,false,50,false
0,350,450,2,3,false,-350,10000,0.449,-146.2,false,-450,false
0,550,250,2,4,false,-550,10000,0.449,-61.0,false,250,false
0,550,350,1,4,false,-550,10000,0.662,-208.6,false,100,false
0,550,350,1,4,false,-550,10000,0.662,-211.9,false,-350,false
0,750,50,5,5,false,-750,10000,0.079,217.0,false,50,false
0,750,450,2,5,false,-750,10000,0.449,-152.5,false,400,false
0,750,500,1,5,false,-750,10000,0.662,-306.8,false,50,false
0,750,500,1,5,false,-750,10000,0.662,-308.6,false,-500,false
0,1000,150,4,6,false,-1000,10000,0.152,123.5,false,150,false
0,1000,400,1,6,false,-1000,10000,0.662,-240.8,false,250,false
0,1000,400,1,6,false,-1000,10000,0.662,-243.9,false,-400,false
0,1250,50,5,7,false,-1250,10000,0.079,222.3,false,50,false
0,1250,200,3,7,false,-1250,10000,0.270,28.4,false,150,false
0,1250,300,2,7,false,-1250,10000,0.449,-83.5,false,100,false
0,1250,350,1,7,false,-1250,10000,0.662,-212.7,false,50,false
0,1250,350,1,7,false,-1250,10000,0.662,-208.3,false,-350,false
0,1550,800,6,8,false,-1550,10000,0.030,341.5,false,800,false
0,1550,800,6,8,false,-1550,10000,0.030,332.0,false,-800,false
0,1750,0,6,9,false,-1750,10000,0.030,356.5,false,0,false
0,2450,1000,2,10,true,-2450,10000,0.449,-408.7,true,1000,false
0,2650,150,4,11,true,-2650,10000,0.152,123.3,false,150,false
0,2650,150,4,11,true,-2650,10000,0.152,120.9,false,-150,false
500,3000,500,3,12,true,-2500,9500,0.270,-64.7,true,500,false
800,3200,300,2,13,true,-2400,9200,0.449,-77.3,true,300,false
1000,3450,200,3,14,true,-2450,9000,0.270,30.3,true,200,false
1000,3450,100,4,15,true,-2450,9000,0.152,127.2,false,100,false
1200,3450,200,2,15,true,-2250,8800,0.449,-36.6,true,200,false
2450,3700,1250,1,16,true,-1250,7550,0.662,-804.1,true,1250,false
3250,4000,800,1,17,true,-750,6750,0.662,-518.8,true,800,false
3750,5100,500,3,18,true,-1350,6250,0.270,-50.8,true,500,false
3900,5100,150,4,19,true,-1200,6100,0.152,123.5,true,150,false
4150,5700,250,3,20,true,-1550,5850,0.270,21.8,true,250,false
4750,6100,600,2,21,true,-1350,5250,0.449,-217.4,true,600,false
5100,6100,350,2,22,true,-1000,4900,0.449,-103.8,true,350,false
5300,6100,200,4,23,true,-800,4700,0.152,110.7,true,200,false
5800,6300,500,3,24,true,-500,4200,0.270,-49.1,true,500,false
6000,6500,200,4,25,true,-500,4000,0.152,110.8,true,200,false
7000,6800,1000,3,26,true,200,3000,0.270,-194.3,true,1000,false
7200,7450,200,4,27,true,-250,2800,0.152,113.1,true,200,false
7800,7600,600,2,28,true,200,2200,0.449,-217.3,true,600,false
7800,8050,150,4,29,true,-250,2200,0.152,119.6,false,150,false
8150,8050,350,1,29,true,100,1850,0.662,-209.4,true,350,false
8550,9050,400,2,30,true,-500,1450,0.449,-128.9,true,400,false
8750,9100,200,4,31,true,-350,1250,0.152,111.2,true,200,false
8850,9200,100,4,32,true,-350,1150,0.152,124.7,true,100,false
9650,9300,800,6,33,true,350,350,0.030,328.1,true,800,false
9650,9900,400,3,34,true,-250,350,0.270,-25.8,true,-400,false
9650,9900,500,3,35,true,-250,350,0.270,-54.2,true,-500,false
9650,9900,600,2,36,true,-250,350,0.449,-214.8,true,-600,false
9650,9950,650,2,37,true,-300,350,0.449,-244.4,true,-650,false
9650,9950,1500,6,38,true,-300,350,0.030,315.1,true,-1500,false
9900,9950,250,3,39,true,-50,100,0.270,16.3,true,250,false
9900,9950,150,4,40,true,-50,100,0.152,120.0,true,-150,false
9950,9950,50,5,41,true,0,50,0.079,220.5,true,50,false
9950,9950,500,3,42,true,0,50,0.270,-56.2,true,-500,false
0,0,200,3,1,false,0,10000,0.270,26.8,false,200,true
0,0,200,3,1,false,0,10000,0.270,31.3,false,-200,true
0,0,100,4,2,false,0,10000,0.152,128.2,false,100,true
0,0,200,3,2,false,0,10000,0.270,31.6,false,100,true
0,0,300,2,2,false,0,10000,0.449,-78.4,false,100,true
0,0,400,1,2,false,0,10000,0.662,-244.7,false,100,true
0,0,500,6,2,false,0,10000,0.030,337.6,false,100,true
0,0,650,4,2,false,0,10000,0.152,42.1,false,150,true
0,0,750,3,2,false,0,10000,0.270,-124.6,false,100,true
0,0,850,2,2,false,0,10000,0.449,-326.8,false,100,true
0,0,900,1,2,false,0,10000,0.662,-566.3,false,50,true
0,0,900,1,2,false,0,10000,0.662,-568.7,false,-900,true
0,300,0,6,3,false,-300,10000,0.030,353.2,false,0,true
0,600,100,4,4,false,-600,10000,0.152,130.6,false,100,true
0,600,250,2,4,false,-600,10000,0.449,-62.0,false,150,true
0,600,250,2,4,false,-600,10000,0.449,-56.4,false,-250,true
0,1100,2000,2,5,true,-1100,10000,0.449,-833.0,true,2000,true
0,1400,150,4,6,true,-1400,10000,0.152,119.1,false,150,true
350,1400,350,1,6,true,-1050,9650,0.662,-204.4,true,350,true
350,1700,50,5,7,true,-1350,9650,0.079,216.3,false,50,true
350,1700,100,4,7,true,-1350,9650,0.152,126.7,false,50,true
350,1700,100,4,7,true,-1350,9650,0.152,132.5,false,-100,true
850,2000,500,1,8,true,-1150,9150,0.662,-313.9,true,500,true
1050,2400,200,3,9,true,-1350,8950,0.270,25.9,true,200,true
1450,2600,400,2,10,true,-1150,8550,0.449,-125.1,true,400,true
2650,3200,1200,2,11,true,-550,7350,0.449,-486.9,true,1200,true
2650,3500,200,4,12,true,-850,7350,0.152,111.6,false,200,true
3450,3500,800,1,12,true,-50,6550,0.662,-503.0,true,800,true
3450,3700,100,4,13,true,-250,6550,0.152,125.9,false,100,true
4600,3700,1150,6,13,true,900,5400,0.030,330.8,true,1150,true
4600,4050,100,4,14,true,550,5400,0.152,128.8,false,100,true
4600,4050,100,4,14,true,550,5400,0.152,127.5,false,-100,true
4600,4500,200,4,15,true,100,5400,0.152,114.6,false,200,true
4900,4500,300,2,15,true,400,5100,0.449,-81.9,true,300,true
5150,5100,250,3,16,true,50,4850,0.270,17.0,true,250,true
5400,5300,250,3,17,true,100,4600,0.270,17.1,true,250,true
5650,6050,250,3,18,true,-400,4350,0.270,19.3,true,250,true
5950,6050,300,2,19,true,-100,4050,0.449,-83.1,true,300,true
6850,6200,900,1,20,true,650,3150,0.662,-569.1,true,900,true
6850,6200,200,4,21,true,650,3150,0.152,112.7,false,200,true
7200,6200,350,2,21,true,1000,2800,0.449,-104.6,true,350,true
7400,7200,200,3,22,true,200,2600,0.270,29.2,true,200,true
7700,7500,300,2,23,true,200,2300,0.449,-78.4,true,300,true
8000,7500,300,2,24,true,500,2000,0.449,-84.1,true,300,true
8000,7700,200,4,25,true,300,2000,0.152,107.5,false,200,true
8350,7700,350,2,25,true,650,1650,0.449,-110.0,true,350,true
8850,7900,500,2,26,true,950,1150,0.449,-173.7,true,500,true
8900,8400,50,5,27,true,500,1100,0.079,220.4,true,50,true
9000,8550,100,4,28,true,450,1000,0.152,127.4,true,100,true
9200,8750,200,3,29,true,450,800,0.270,30.7,true,200,true
9450,8950,250,3,30,true,500,550,0.270,18.7,true,250,true
9700,9600,250,3,31,true,100,300,0.270,16.7,true,250,true
9700,9800,600,2,32,true,-100,300,0.449,-224.7,true,-600,true
9700,9900,400,3,33,true,-200,300,0.270,-14.4,true,-400,true
9700,9900,800,1,34,true,-200,300,0.662,-510.2,true,-800,true
9700,9900,500,2,35,true,-200,300,0.449,-169.6,true,-500,true
9950,9900,250,3,36,true,50,50,0.270,17.5,true,250,true
9950,9900,250,3,37,true,50,50,0.270,18.6,true,-250,true
10000,9900,50,5,38,true,100,0,0.079,216.3,true,50,true
0,0,1500,6,1,true,0,10000,0.030,302.5,true,1500,false
0,0,150,4,2,true,0,10000,0.152,116.4,false,150,false
300,0,300,2,2,true,300,9700,0.449,-86.4,true,300,false
600,0,300,2,3,true,600,9400,0.449,-77.8,true,300,false
1100,0,500,3,4,true,1100,8900,0.270,-57.9,true,500,false
1100,0,100,4,5,true,1100,8900,0.152,127.7,false,100,false
1400,0,300,2,5,true,1400,8600,0.449,-84.4,true,300,false
1700,350,300,2,6,true,1350,8300,0.449,-83.0,true,300,false
1700,350,100,4,7,true,1350,8300,0.152,129.2,false,100,false
2000,350,300,1,7,true,1650,8000,0.662,-174.9,true,300,false
2000,850,100,5,8,true,1150,8000,0.079,220.1,false,100,false
2400,850,400,1,8,true,1550,7600,0.662,-238.0,true,400,false
2600,1050,200,3,9,true,1550,7400,0.270,32.8,true,200,false
3200,1450,600,2,10,true,1750,6800,0.449,-222.2,true,600,false
3200,2650,150,4,11,true,550,6800,0.152,120.0,false,150,false
3500,2650,300,2,11,true,850,6500,0.449,-76.3,true,300,false
3500,3450,100,5,12,true,50,6500,0.079,219.9,false,100,false
3700,3450,200,3,12,true,250,6300,0.270,32.2,true,200,false
4050,4600,350,1,13,true,-550,5950,0.662,-205.2,true,350,false
4500,4600,450,2,14,true,-100,5500,0.449,-150.2,true,450,false
5100,4900,600,2,15,true,200,4900,0.449,-222.8,true,600,false
5100,5150,100,5,16,true,-50,4900,0.079,224.3,false,100,false
5300,5150,200,4,16,true,150,4700,0.152,117.1,true,200,false
6050,5400,750,1,17,true,650,3950,0.662,-481.9,true,750,false
6050,5650,0,6,18,true,400,3950,0.030,363.1,false,0,false
6200,5950,150,4,19,true,250,3800,0.152,123.6,true,150,false
6200,6850,100,4,20,true,-650,3800,0.152,128.5,false,100,false
6200,6850,100,4,20,true,-650,3800,0.152,128.0,false,-100,false
7200,7200,1000,2,21,true,0,2800,0.449,-384.6,true,1000,false
7200,7400,50,5,22,true,-200,2800,0.079,225.0,false,50,false
7500,7400,300,2,22,true,100,2500,0.449,-85.9,true,300,false
7500,7700,100,5,23,true,-200,2500,0.079,221.5,false,100,false
7500,7700,100,5,23,true,-200,2500,0.079,217.2,false,-100,false
7700,8000,200,3,24,true,-300,2300,0.270,31.8,true,200,false
7900,8350,200,4,25,true,-450,2100,0.152,111.2,true,200,false
8400,8850,500,3,26,true,-450,1600,0.270,-55.4,true,500,false
8550,8900,150,4,27,true,-350,1450,0.152,119.4,true,150,false
8750,9000,200,3,28,true,-250,1250,0.270,30.2,true,200,false
8950,9200,200,4,29,true,-250,1050,0.152,113.6,true,200,false
9600,9450,650,1,30,true,150,400,0.662,-397.2,true,650,false
9800,9700,200,3,31,true,100,200,0.270,32.1,true,200,false
9900,9700,100,4,32,true,200,100,0.152,129.1,true,100,false
9900,9700,250,3,33,true,200,100,0.270,15.1,true,-250,false
9900,9700,200,4,34,true,200,100,0.152,110.8,true,-200,false
9900,9700,1050,2,35,true,200,100,0.449,-400.2,true,-1050,false
9900,9950,150,4,36,true,-50,100,0.152,120.0,true,-150,false
9900,9950,2450,6,37,true,-50,100,0.030,283.7,true,-2450,false
0,0,200,3,1,false,0,10000,0.270,32.8,false,200,true
0,0,300,2,1,false,0,10000,0.449,-81.6,false,100,true
0,0,400,1,1,false,0,10000,0.662,-244.6,false,100,true
0,0,400,1,1,false,0,10000,0.662,-238.4,false,-400,true
0,0,250,3,2,false,0,10000,0.270,19.3,false,250,true
0,0,350,2,2,false,0,10000,0.449,-109.2,false,100,true
0,0,350,2,2,false,0,10000,0.449,-104.5,false,-350,true
0,0,100,5,3,false,0,10000,0.079,213.3,false,100,true
0,0,300,3,3,false,0,10000,0.270,5.8,false,200,true
0,0,400,1,3,false,0,10000,0.662,-242.5,false,100,true
0,0,450,6,3,false,0,10000,0.030,347.4,false,50,true
0,0,1000,6,3,true,0,10000,0.030,328.9,true,1000,true
200,0,200,3,4,true,200,9800,0.270,31.5,true,200,true
800,0,600,2,5,true,800,9200,0.449,-214.0,true,600,true
1000,0,200,3,6,true,1000,9000,0.270,30.6,true,200,true
1350,200,350,2,7,true,1150,8650,0.449,-103.8,true,350,true
2050,500,700,6,8,true,1550,7950,0.030,338.4,true,700,true
2650,700,600,3,9,true,1950,7350,0.270,-79.4,true,600,true
3150,2700,500,1,10,true,450,6850,0.662,-311.8,true,500,true
3150,3500,100,5,11,true,-350,6850,0.079,218.9,false,100,true
3150,3500,200,4,11,true,-350,6850,0.152,116.0,false,100,true
3500,3500,350,2,11,true,0,6500,0.449,-103.4,true,350,true
4500,3700,1000,3,12,true,800,5500,0.270,-194.9,true,1000,true
5550,3850,1050,2,13,true,1700,4450,0.449,-425.0,true,1050,true
5550,4150,150,4,14,true,1400,4450,0.152,118.7,false,150,true
5850,4150,300,2,14,true,1700,4150,0.449,-83.2,true,300,true
5850,4350,100,4,15,true,1500,4150,0.152,125.6,false,100,true
6050,4350,200,3,15,true,1700,3950,0.270,33.3,true,200,true
6250,4550,200,3,16,true,1700,3750,0.270,29.0,true,200,true
6700,4800,450,1,17,true,1900,3300,0.662,-278.3,true,450,true
6700,5000,150,4,18,true,1700,3300,0.152,118.8,false,150,true
6950,5000,250,3,18,true,1950,3050,0.270,19.4,true,250,true
7200,5150,250,3,19,true,2050,2800,0.270,13.0,true,250,true
7200,5750,100,4,20,true,1450,2800,0.152,127.7,false,100,true
7200,5750,100,4,20,true,1450,2800,0.152,131.6,false,-100,true
7500,6000,300,2,21,true,1500,2500,0.449,-84.9,true,300,true
8100,6150,600,3,22,true,1950,1900,0.270,-83.0,true,600,true
8300,6450,200,3,23,true,1850,1700,0.270,33.8,true,200,true
8550,6650,250,3,24,true,1900,1450,0.270,20.3,true,250,true
8650,6850,100,5,25,true,1800,1350,0.079,214.9,true,100,true
8750,7950,100,5,26,true,800,1250,0.079,225.5,true,100,true
8950,9100,200,4,27,true,-150,1050,0.152,113.6,true,200,true
9200,9600,250,3,28,true,-400,800,0.270,19.4,true,250,true
9400,9600,200,3,29,true,-200,600,0.270,30.5,true,200,true
10000,9800,600,2,30,true,200,0,0.449,-216.5,true,600,true
0,0,500,1,1,false,0,10000,0.662,-305.9,false,500,false
0,0,550,6,1,false,0,10000,0.030,342.2,false,50,false
0,0,700,4,1,false,0,10000,0.152,36.5,false,150,false
0,0,700,4,1,false,0,10000,0.152,30.1,false,-700,false
0,0,650,2,2,false,0,10000,0.449,-233.5,false,650,false
0,0,700,1,2,false,0,10000,0.662,-441.1,false,50,false
0,0,700,1,2,false,0,10000,0.662,-437.7,false,-700,false
0,0,600,2,3,false,0,10000,0.449,-219.3,false,600,false
0,0,600,2,3,false,0,10000,0.449,-218.8,false,-600,false
0,200,200,3,4,false,-200,10000,0.270,36.4,false,200,false
0,200,250,2,4,false,-200,10000,0.449,-58.3,false,50,false
0,200,300,1,4,false,-200,10000,0.662,-174.2,false,50,false
0,200,350,6,4,false,-200,10000,0.030,349.2,false,50,false
0,200,550,3,4,false,-200,10000,0.270,-63.7,false,200,false
0,200,650,1,4,false,-200,10000,0.662,-405.8,false,100,false
0,200,650,1,4,false,-200,10000,0.662,-410.2,false,-650,false
0,800,1050,2,5,true,-800,10000,0.449,-427.0,true,1050,false
200,1000,200,4,6,true,-800,9800,0.152,109.4,true,200,false
200,1350,150,4,7,true,-1150,9800,0.152,117.8,false,150,false
500,1350,300,2,7,true,-850,9500,0.449,-88.3,true,300,false
700,2050,200,3,8,true,-1350,9300,0.270,32.9,true,200,false
2700,2650,2000,1,9,true,50,7300,0.662,-1323.9,true,2000,false
3500,3150,800,6,10,true,350,6500,0.030,335.7,true,800,false
3700,3500,200,3,11,true,200,6300,0.270,30.9,true,200,false
3700,4500,50,5,12,true,-800,6300,0.079,221.5,false,50,false
3850,4500,150,4,12,true,-650,6150,0.152,117.7,true,150,false
4150,5550,300,2,13,true,-1400,5850,0.449,-83.5,true,300,false
4350,5850,200,4,14,true,-1500,5650,0.152,113.8,true,200,false
4350,6050,100,5,15,true,-1700,5650,0.079,218.3,false,100,false
4350,6050,150,4,15,true,-1700,5650,0.152,118.7,false,50,false
4550,6050,200,3,15,true,-1500,5450,0.270,27.2,true,200,false
4800,6250,250,3,16,true,-1450,5200,0.270,21.8,true,250,false
4800,6700,50,5,17,true,-1900,5200,0.079,214.3,false,50,false
5000,6700,200,3,17,true,-1700,5000,0.270,28.5,true,200,false
5150,6950,150,4,18,true,-1800,4850,0.152,119.3,true,150,false
5750,7200,600,2,19,true,-1450,4250,0.449,-214.7,true,600,false
6000,7200,250,3,20,true,-1200,4000,0.270,24.6,true,250,false
6150,7500,150,4,21,true,-1350,3850,0.152,119.1,true,150,false
6450,8100,300,1,22,true,-1650,3550,0.662,-172.9,true,300,false
6650,8300,200,3,23,true,-1650,3350,0.270,30.6,true,200,false
6850,8550,200,3,24,true,-1700,3150,0.270,31.2,true,200,false
7950,8650,1100,1,25,true,-700,2050,0.662,-713.3,true,1100,false
7950,8750,50,5,26,true,-800,2050,0.079,223.5,false,50,false
9100,8750,1150,6,26,true,350,900,0.030,331.1,true,1150,false
9600,8950,500,3,27,true,650,400,0.270,-55.5,true,500,false
9600,9200,500,6,28,true,400,400,0.030,338.5,true,-500,false
9800,9400,200,3,29,true,400,200,0.270,33.2,true,200,false
0,0,250,3,1,false,0,10000,0.270,20.1,false,250,false
0,0,300,2,1,false,0,10000,0.449,-83.6,false,50,false
0,0,350,1,1,false,0,10000,0.662,-210.8,false,50,false
0,0,350,1,1,false,0,10000,0.662,-207.2,false,-350,false
0,0,1050,2,2,true,0,10000,0.449,-410.4,true,1050,false
1100,0,1100,1,3,true,1100,8900,0.662,-703.0,true,1100,false
2100,0,1000,2,4,true,2100,7900,0.449,-401.1,true,1000,false
2100,150,50,5,5,true,1950,7900,0.079,222.3,false,50,false
3200,150,1100,1,5,true,3050,6800,0.662,-706.6,true,1100,false
3200,300,50,5,6,true,2900,6800,0.079,222.6,false,50,false
4300,300,1100,1,6,true,4000,5700,0.662,-707.4,true,1100,false
4300,750,100,4,7,true,3550,5700,0.152,125.2,false,100,false
4550,750,250,2,7,true,3800,5450,0.449,-61.0,true,250,false
5250,900,700,2,8,true,4350,4750,0.449,-261.8,true,700,false
6050,1050,800,1,9,true,5000,3950,0.662,-513.1,true,800,false
6050,2250,0,6,10,true,3800,3950,0.030,356.2,false,0,false
6300,3450,250,2,11,true,2850,3700,0.449,-63.8,true,250,false
6550,5550,250,3,12,true,1000,3450,0.270,13.1,true,250,false
6750,6600,200,3,13,true,150,3250,0.270,28.7,true,200,false
6750,6750,100,4,14,true,0,3250,0.152,129.3,false,100,false
6950,6750,200,2,14,true,200,3050,0.449,-36.0,true,200,false
6950,7000,200,4,15,true,-50,3050,0.152,109.4,false,200,false
6950,7000,200,4,15,true,-50,3050,0.152,113.2,false,-200,false
7550,7600,600,6,16,true,-50,2450,0.030,340.0,true,600,false
7550,8350,100,4,17,true,-800,2450,0.152,128.7,false,100,false
7850,8350,300,2,17,true,-500,2150,0.449,-89.4,true,300,false
8300,8350,450,2,18,true,-50,1700,0.449,-149.8,true,450,false
8300,9450,150,4,19,true,-1150,1700,0.152,119.0,false,150,false
8550,9450,250,3,19,true,-900,1450,0.270,16.7,true,250,false
8800,9550,250,3,20,true,-750,1200,0.270,20.0,true,250,false
9150,9800,350,1,21,true,-650,850,0.662,-207.1,true,350,false
9600,9950,450,1,22,true,-350,400,0.662,-269.9,true,450,false
9650,9950,50,5,23,true,-300,350,0.079,223.0,true,50,false
9650,9950,500,2,24,true,-300,350,0.449,-175.3,true,-500,false
9650,9950,0,6,25,true,-300,350,0.030,352.7,false,0,false
9900,9950,250,3,26,true,-50,100,0.270,18.7,true,250,false
9900,9950,200,3,27,true,-50,100,0.270,32.2,true,-200,false
9900,9950,400,3,28,true,-50,100,0.270,-27.4,true,-400,false
9900,9950,150,4,29,true,-50,100,0.152,120.6,true,-150,false
9900,9950,200,3,30,true,-50,100,0.270,29.6,true,-200,false
9900,9950,200,4,31,true,-50,100,0.152,112.9,true,-200,false
9900,9950,250,3,32,true,-50,100,0.270,18.8,true,-250,false
9900,9950,250,3,33,true,-50,100,0.270,18.7,true,-250,false
9900,9950,200,3,34,true,-50,100,0.270,31.3,true,-200,false
0,0,300,2,1,false,0,10000,0.449,-83.3,false,300,true
0,0,300,2,1,false,0,10000,0.449,-90.6,false,-300,true
0,0,100,4,2,false,0,10000,0.152,128.3,false,100,true
0,0,300,2,2,false,0,10000,0.449,-84.0,false,200,true
0,0,400,1,2,false,0,10000,0.662,-244.4,false,100,true
0,0,450,6,2,false,0,10000,0.030,346.2,false,50,true
0,0,500,5,2,false,0,10000,0.079,179.8,false,50,true
0,0,500,5,2,false,0,10000,0.079,188.3,false,-500,true
0,1100,250,3,3,false,-1100,10000,0.270,18.7,false,250,true
0,1100,450,6,3,false,-1100,10000,0.030,350.4,false,200,true
0,1100,950,3,3,false,-1100,10000,0.270,-173.3,false,500,true
0,1100,1050,2,3,true,-1100,10000,0.449,-408.8,true,1050,true
150,2100,150,4,4,true,-1950,9850,0.152,120.8,true,150,true
300,3200,150,4,5,true,-2900,9700,0.152,117.0,true,150,true
750,4300,450,1,6,true,-3550,9250,0.662,-276.3,true,450,true
900,4550,150,4,7,true,-3650,9100,0.152,119.6,true,150,true
1050,5250,150,4,8,true,-4200,8950,0.152,119.0,true,150,true
2250,6050,1200,6,9,true,-3800,7750,0.030,312.8,true,1200,true
3450,6050,1200,2,10,true,-2600,6550,0.449,-490.8,true,1200,true
5550,6300,2100,6,11,true,-750,4450,0.030,293.8,true,2100,true
6600,6550,1050,2,12,true,50,3400,0.449,-408.4,true,1050,true
6600,6750,100,4,13,true,-150,3400,0.152,128.4,false,100,true
6750,6750,150,3,13,true,0,3250,0.270,38.7,true,150,true
6750,6950,100,4,14,true,-200,3250,0.152,129.3,false,100,true
7000,6950,250,2,14,true,50,3000,0.449,-56.0,true,250,true
7000,6950,100,4,15,true,50,3000,0.152,126.3,false,100,true
7600,6950,600,1,15,true,650,2400,0.662,-374.9,true,600,true
8350,7550,750,1,16,true,800,1650,0.662,-474.5,true,750,true
8350,7850,0,6,17,true,500,1650,0.030,365.4,false,0,true
9450,8300,1100,1,18,true,1150,550,0.662,-710.4,true,1100,true
9550,8550,100,5,19,true,1000,450,0.079,219.0,true,100,true
9800,8800,250,3,20,true,1000,200,0.270,22.1,true,250,true
9950,9150,150,4,21,true,800,50,0.152,125.2,true,150,true
9950,9600,350,2,22,true,350,50,0.449,-105.1,true,-350,true
9950,9650,500,1,23,true,300,50,0.662,-308.0,true,-500,true
9950,9650,250,2,24,true,300,50,0.449,-63.9,true,-250,true
9950,9650,100,4,25,true,300,50,0.152,126.8,true,-100,true
9950,9900,100,4,26,true,50,50,0.152,125.3,true,-100,true
9950,9900,1000,3,27,true,50,50,0.270,-198.2,true,-1000,true
9950,9900,200,3,28,true,50,50,0.270,33.7,true,-200,true
9950,9900,100,4,29,true,50,50,0.152,127.9,true,-100,true
9950,9900,100,5,30,true,50,50,0.079,212.1,true,-100,true
9950,9900,200,4,31,true,50,50,0.152,110.2,true,-200,true
9950,9900,100,5,32,true,50,50,0.079,218.6,true,-100,true
9950,9900,500,1,33,true,50,50,0.662,-311.8,true,-500,true
10000,9900,50,5,34,true,100,0,0.079,220.1,true,50,true
0,0,1500,6,1,true,0,10000,0.030,308.6,true,1500,true
250,0,250,3,2,true,250,9750,0.270,17.5,true,250,true
700,0,450,2,3,true,700,9300,0.449,-156.1,true,450,true
700,0,200,4,4,true,700,9300,0.152,117.3,false,200,true
1100,0,400,2,4,true,1100,8900,0.449,-131.6,true,400,true
1350,0,250,3,5,true,1350,8650,0.270,17.5,true,250,true
1550,0,200,3,6,true,1550,8450,0.270,31.6,true,200,true
1800,0,250,3,7,true,1800,8200,0.270,15.2,true,250,true
2250,200,450,1,8,true,2050,7750,0.662,-270.7,true,450,true
2550,350,300,2,9,true,2200,7450,0.449,-84.3,true,300,true
3600,550,1050,2,10,true,3050,6400,0.449,-398.8,true,1050,true
4200,750,600,3,11,true,3450,5800,0.270,-85.5,true,600,true
4200,950,100,5,12,true,3250,5800,0.079,215.2,false,100,true
4900,950,700,2,12,true,3950,5100,0.449,-261.4,true,700,true
5200,1150,300,3,13,true,4050,4800,0.270,4.8,true,300,true
5200,1400,150,4,14,true,3800,4800,0.152,119.1,false,150,true
5200,1400,150,4,14,true,3800,4800,0.152,119.5,false,-150,true
5200,1750,0,6,15,true,3450,4800,0.030,360.4,false,0,true
5200,2000,50,5,16,true,3200,4800,0.079,221.3,false,50,true
6250,2000,1050,2,16,true,4250,3750,0.449,-416.9,true,1050,true
6500,2200,250,3,17,true,4300,3500,0.270,21.3,true,250,true
6500,2350,150,4,18,true,4150,3500,0.152,118.3,false,150,true
6500,2350,150,4,18,true,4150,3500,0.152,120.0,false,-150,true
6700,2600,200,3,19,true,4100,3300,0.270,32.7,true,200,true
7200,2750,500,2,20,true,4450,2800,0.449,-170.3,true,500,true
7200,3350,100,4,21,true,3850,2800,0.152,125.3,false,100,true
7450,3350,250,2,21,true,4100,2550,0.449,-61.7,true,250,true
7450,3550,200,4,22,true,3900,2550,0.152,112.6,false,200,true
7450,3550,200,4,22,true,3900,2550,0.152,112.3,false,-200,true
7450,3750,150,4,23,true,3700,2550,0.152,122.9,false,150,true
7450,3750,150,4,23,true,3700,2550,0.152,123.3,false,-150,true
7450,4150,50,5,24,true,3300,2550,0.079,225.8,false,50,true
7450,4150,50,5,24,true,3300,2550,0.079,216.1,false,-50,true
7650,4350,200,3,25,true,3300,2350,0.270,30.2,true,200,true
7650,4600,0,6,26,true,3050,2350,0.030,360.6,false,0,true
7650,4800,150,4,27,true,2850,2350,0.152,121.4,false,150,true
7850,4800,200,3,27,true,3050,2150,0.270,31.1,true,200,true
7850,4950,100,4,28,true,2900,2150,0.152,126.7,false,100,true
8100,4950,250,2,28,true,3150,1900,0.449,-59.8,true,250,true
8450,5250,350,2,29,true,3200,1550,0.449,-104.7,true,350,true
9250,5450,800,6,30,true,3800,750,0.030,331.8,true,800,true
9450,5650,200,3,31,true,3800,550,0.270,29.8,true,200,true
9600,6150,150,4,32,true,3450,400,0.152,119.8,true,150,true
9600,6900,1000,3,33,true,2700,400,0.270,-173.0,true,-1000,true
9800,7400,200,4,34,true,2400,200,0.152,112.4,true,200,true
9950,7600,150,4,35,true,2350,50,0.152,120.7,true,150,true
9950,8000,150,4,36,true,1950,50,0.152,122.2,true,-150,true
10000,8350,50,5,37,true,1650,0,0.079,219.8,true,50,true
0,0,500,3,1,false,0,10000,0.270,-50.2,false,500,false
0,0,500,3,1,false,0,10000,0.270,-54.6,false,-500,false
0,250,450,2,2,false,-250,10000,0.449,-143.8,false,450,false
0,250,500,1,2,false,-250,10000,0.662,-305.7,false,50,false
0,250,500,1,2,false,-250,10000,0.662,-313.6,false,-500,false
0,700,450,2,3,false,-700,10000,0.449,-148.2,false,450,false
0,700,450,2,3,false,-700,10000,0.449,-149.6,false,-450,false
0,1100,150,4,4,false,-1100,10000,0.152,122.2,false,150,false
0,1100,150,4,4,false,-1100,10000,0.152,120.7,false,-150,false
0,1350,100,5,5,false,-1350,10000,0.079,218.0,false,100,false
0,1350,200,3,5,false,-1350,10000,0.270,28.3,false,100,false
0,1350,250,2,5,false,-1350,10000,0.449,-63.5,false,50,false
0,1350,250,2,5,false,-1350,10000,0.449,-60.5,false,-250,false
0,1550,1500,6,6,true,-1550,10000,0.030,309.2,true,1500,false
200,1800,200,3,7,true,-1600,9800,0.270,29.2,true,200,false
200,2250,50,5,8,true,-2050,9800,0.079,225.8,false,50,false
350,2250,150,3,8,true,-1900,9650,0.270,45.9,true,150,false
350,2550,150,4,9,true,-2200,9650,0.152,121.0,false,150,false
550,2550,200,3,9,true,-2000,9450,0.270,30.2,true,200,false
550,3600,150,4,10,true,-3050,9450,0.152,123.3,false,150,false
750,3600,200,3,10,true,-2850,9250,0.270,30.2,true,200,false
950,4200,200,3,11,true,-3250,9050,0.270,29.4,true,200,false
1150,4900,200,3,12,true,-3750,8850,0.270,34.4,true,200,false
1400,5200,250,3,13,true,-3800,8600,0.270,14.6,true,250,false
1400,5200,100,5,14,true,-3800,8600,0.079,218.5,false,100,false
1750,5200,350,2,14,true,-3450,8250,0.449,-113.7,true,350,false
2000,5200,250,3,15,true,-3200,8000,0.270,19.0,true,250,false
2200,6250,200,4,16,true,-4050,7800,0.152,111.8,true,200,false
2350,6500,150,4,17,true,-4150,7650,0.152,120.2,true,150,false
2600,6500,250,2,18,true,-3900,7400,0.449,-56.6,true,250,false
2600,6700,100,4,19,true,-4100,7400,0.152,130.4,false,100,false
2750,6700,150,3,19,true,-3950,7250,0.270,43.8,true,150,false
3350,7200,600,2,20,true,-3850,6650,0.449,-214.6,true,600,false
3550,7450,200,3,21,true,-3900,6450,0.270,30.5,true,200,false
3550,7450,50,5,22,true,-3900,6450,0.079,227.7,false,50,false
3750,7450,200,3,22,true,-3700,6250,0.270,26.8,true,200,false
4150,7450,400,2,23,true,-3300,5850,0.449,-128.2,true,400,false
4350,7450,200,3,24,true,-3100,5650,0.270,35.1,true,200,false
4600,7650,250,3,25,true,-3050,5400,0.270,12.7,true,250,false
4800,7650,200,4,26,true,-2850,5200,0.152,109.2,true,200,false
4800,7850,100,4,27,true,-3050,5200,0.152,122.7,false,100,false
4950,7850,150,3,27,true,-2900,5050,0.270,46.4,true,150,false
5250,8100,300,2,28,true,-2850,4750,0.449,-82.3,true,300,false
5250,8450,50,5,29,true,-3200,4750,0.079,220.8,false,50,false
5450,8450,200,3,29,true,-3000,4550,0.270,33.9,true,200,false
5650,9250,200,3,30,true,-3600,4350,0.270,26.5,true,200,false
6150,9450,500,3,31,true,-3300,3850,0.270,-55.1,true,500,false
6900,9600,750,1,32,true,-2700,3100,0.662,-478.8,true,750,false
6900,9600,100,5,33,true,-2700,3100,0.079,223.1,false,100,false
7400,9600,500,2,33,true,-2200,2600,0.449,-172.5,true,500,false
7400,9800,100,5,34,true,-2400,2600,0.079,221.1,false,100,false
7600,9800,200,3,34,true,-2200,2400,0.270,28.6,true,200,false
8000,9950,400,3,35,true,-1950,2000,0.270,-22.7,true,400,false
8000,9950,100,4,36,true,-1950,2000,0.152,127.4,false,100,false
8350,9950,350,1,36,true,-1600,1650,0.662,-210.1,true,350,false
0,0,300,2,1,false,0,10000,0.449,-83.8,false,300,false
0,0,400,1,1,false,0,10000,0.662,-240.6,false,100,false
0,0,400,1,1,false,0,10000,0.662,-239.4,false,-400,false
0,0,150,4,2,false,0,10000,0.152,119.8,false,150,false
0,0,650,1,2,false,0,10000,0.662,-414.0,false,500,false
0,0,650,1,2,false,0,10000,0.662,-406.3,false,-650,false
0,0,100,5,3,false,0,10000,0.079,216.8,false,100,false
0,0,150,4,3,false,0,10000,0.152,122.9,false,50,false
0,0,250,3,3,false,0,10000,0.270,20.4,false,100,false
0,0,300,2,3,false,0,10000,0.449,-84.6,false,50,false
0,0,300,2,3,false,0,10000,0.449,-83.3,false,-300,false
0,0,100,5,4,false,0,10000,0.079,221.8,false,100,false
0,0,150,4,4,false,0,10000,0.152,120.1,false,50,false
0,0,250,3,4,false,0,10000,0.270,21.7,false,100,false
0,0,350,2,4,false,0,10000,0.449,-102.0,false,100,false
0,0,350,2,4,false,0,10000,0.449,-102.6,false,-350,false
0,0,250,2,5,false,0,10000,0.449,-59.5,false,250,false
0,0,300,1,5,false,0,10000,0.662,-174.6,false,50,false
0,0,300,1,5,false,0,10000,0.662,-175.2,false,-300,false
0,0,100,4,6,false,0,10000,0.152,125.2,false,100,false
0,0,300,1,6,false,0,10000,0.662,-171.4,false,200,false
0,0,400,6,6,false,0,10000,0.030,346.3,false,100,false
0,0,700,2,6,false,0,10000,0.449,-256.6,false,300,false
0,0,700,2,6,false,0,10000,0.449,-261.2,false,-700,false
0,0,200,3,7,false,0,10000,0.270,35.9,false,200,false
0,0,200,3,7,false,0,10000,0.270,29.6,false,-200,false
0,0,200,4,8,false,0,10000,0.152,109.8,false,200,false
0,0,250,3,8,false,0,10000,0.270,18.2,false,50,false
0,0,450,1,8,false,0,10000,0.662,-272.2,false,200,false
0,0,500,6,8,false,0,10000,0.030,334.9,false,50,false
0,0,800,2,8,false,0,10000,0.449,-296.7,false,300,false
0,0,1000,6,8,true,0,10000,0.030,330.5,true,1000,false
200,0,200,3,9,true,200,9800,0.270,36.3,true,200,false
2200,0,2000,2,10,true,2200,7800,0.449,-830.0,true,2000,false
2200,850,150,4,11,true,1350,7800,0.152,118.3,false,150,false
2400,850,200,3,11,true,1550,7600,0.270,29.0,true,200,false
2400,1150,100,5,12,true,1250,7600,0.079,219.4,false,100,false
2400,1150,150,4,12,true,1250,7600,0.152,122.0,false,50,false
2650,1150,250,3,12,true,1500,7350,0.270,14.7,true,250,false
3050,1150,400,2,13,true,1900,6950,0.449,-131.3,true,400,false
4150,1400,1100,1,14,true,2750,5850,0.662,-713.2,true,1100,false
4350,1850,200,3,15,true,2500,5650,0.270,29.5,true,200,false
4750,2250,400,2,16,true,2500,5250,0.449,-121.5,true,400,false
5000,2750,250,3,17,true,2250,5000,0.270,13.3,true,250,false
5250,3350,250,3,18,true,1900,4750,0.270,20.6,true,250,false
5950,3850,700,2,19,true,2100,4050,0.449,-262.2,true,700,false
6200,4050,250,3,20,true,2150,3800,0.270,14.9,true,250,false
7000,4250,800,1,21,true,2750,3000,0.662,-514.1,true,800,false
7000,4550,150,4,22,true,2450,3000,0.152,117.7,false,150,false
7250,4550,250,3,22,true,2700,2750,0.270,17.8,true,250,false
7450,4800,200,3,23,true,2650,2550,0.270,30.4,true,200,false
8050,5050,600,3,24,true,3000,1950,0.270,-80.5,true,600,false
8050,5450,200,4,25,true,2600,1950,0.152,108.2,false,200,false
8050,5450,200,4,25,true,2600,1950,0.152,109.0,false,-200,false
8250,6450,200,3,26,true,1800,1750,0.270,26.7,true,200,false
8850,7000,600,2,27,true,1850,1150,0.449,-223.9,true,600,false
9050,7500,200,4,28,true,1550,950,0.152,109.1,true,200,false
9200,7500,150,4,29,true,1700,800,0.152,122.9,true,150,false
9400,8200,200,3,30,true,1200,600,0.270,28.0,true,200,false
9650,9400,250,3,31,true,250,350,0.270,15.1,true,250,false
9900,9500,250,3,32,true,400,100,0.270,14.8,true,250,false
9900,9500,0,6,33,true,400,100,0.030,355.8,false,0,false
9900,9600,500,3,34,true,300,100,0.270,-52.8,true,-500,false
9900,9700,400,1,35,true,200,100,0.662,-240.3,true,-400,false
9900,9800,550,1,36,true,100,100,0.662,-338.9,true,-550,false
9900,9800,200,4,37,true,100,100,0.152,116.0,true,-200,false
9950,9850,50,5,38,true,100,50,0.079,220.3,true,50,false
9950,9850,100,4,39,true,100,50,0.152,129.2,true,-100,false
0,0,0,6,1,false,0,10000,0.030,354.0,false,0,true
0,0,250,3,2,false,0,10000,0.270,13.6,false,250,true
0,0,250,3,2,false,0,10000,0.270,20.0,false,-250,true
0,0,200,3,3,false,0,10000,0.270,32.4,false,200,true
0,0,200,3,3,false,0,10000,0.270,31.9,false,-200,true
0,0,200,3,4,false,0,10000,0.270,32.8,false,200,true
0,0,250,2,4,false,0,10000,0.449,-58.7,false,50,true
0,0,250,2,4,false,0,10000,0.449,-64.6,false,-250,true
0,0,300,2,5,false,0,10000,0.449,-85.8,false,300,true
0,0,400,1,5,false,0,10000,0.662,-238.6,false,100,true
0,0,400,1,5,false,0,10000,0.662,-239.0,false,-400,true
0,0,450,1,6,false,0,10000,0.662,-278.0,false,450,true
0,0,500,6,6,false,0,10000,0.030,338.8,false,50,true
0,0,750,3,6,false,0,10000,0.270,-116.8,false,250,true
0,0,900,1,6,false,0,10000,0.662,-572.6,false,150,true
0,0,900,1,6,false,0,10000,0.662,-584.4,false,-900,true
0,0,150,4,7,false,0,10000,0.152,118.2,false,150,true
0,0,200,3,7,false,0,10000,0.270,33.4,false,50,true
0,0,350,1,7,false,0,10000,0.662,-207.6,false,150,true
0,0,400,6,7,false,0,10000,0.030,344.2,false,50,true
0,0,550,4,7,false,0,10000,0.152,60.4,false,150,true
0,0,950,1,7,false,0,10000,0.662,-595.2,false,400,true
0,0,950,1,7,false,0,10000,0.662,-612.6,false,-950,true
0,0,100,4,8,false,0,10000,0.152,125.7,false,100,true
0,0,300,2,8,false,0,10000,0.449,-84.1,false,200,true
0,0,350,1,8,false,0,10000,0.662,-208.6,false,50,true
0,0,350,1,8,false,0,10000,0.662,-212.6,false,-350,true
0,200,1200,2,9,true,-200,10000,0.449,-487.9,true,1200,true
850,2200,850,1,10,true,-1350,9150,0.662,-542.0,true,850,true
850,2400,50,5,11,true,-1550,9150,0.079,225.0,false,50,true
1150,2400,300,2,11,true,-1250,8850,0.449,-85.1,true,300,true
1150,2650,0,6,12,true,-1500,8850,0.030,358.8,false,0,true
1400,3050,250,3,13,true,-1650,8600,0.270,18.4,true,250,true
1400,4150,150,4,14,true,-2750,8600,0.152,117.8,false,150,true
1850,4150,450,1,14,true,-2300,8150,0.662,-275.6,true,450,true
2250,4350,400,2,15,true,-2100,7750,0.449,-126.2,true,400,true
2750,4750,500,1,16,true,-2000,7250,0.662,-316.0,true,500,true
2750,5000,100,5,17,true,-2250,7250,0.079,215.3,false,100,true
3350,5000,600,2,17,true,-1650,6650,0.449,-220.9,true,600,true
3850,5250,500,2,18,true,-1400,6150,0.449,-174.3,true,500,true
4050,5950,200,4,19,true,-1900,5950,0.152,113.4,true,200,true
4250,6200,200,3,20,true,-1950,5750,0.270,35.1,true,200,true
4250,7000,150,4,21,true,-2750,5750,0.152,117.5,false,150,true
4550,7000,300,2,21,true,-2450,5450,0.449,-84.5,true,300,true
4800,7250,250,3,22,true,-2450,5200,0.270,16.0,true,250,true
5050,7450,250,3,23,true,-2400,4950,0.270,14.5,true,250,true
5450,8050,400,2,24,true,-2600,4550,0.449,-132.4,true,400,true
6450,8050,1000,3,25,true,-1600,3550,0.270,-194.7,true,1000,true
6450,8250,50,5,26,true,-1800,3550,0.079,220.6,false,50,true
7000,8250,550,2,26,true,-1250,3000,0.449,-195.3,true,550,true
7500,8850,500,3,27,true,-1350,2500,0.270,-56.9,true,500,true
7500,9050,100,4,28,true,-1550,2500,0.152,130.1,false,100,true
7500,9050,100,4,28,true,-1550,2500,0.152,131.5,false,-100,true
8200,9200,700,1,29,true,-1000,1800,0.662,-438.3,true,700,true
9400,9400,1200,2,30,true,0,600,0.449,-483.9,true,1200,true
9500,9650,100,4,31,true,-150,500,0.152,126.7,true,100,true
9500,9900,700,1,32,true,-400,500,0.662,-439.3,true,-700,true
9600,9900,100,5,33,true,-300,400,0.079,221.7,true,100,true
9700,9900,100,5,34,true,-200,300,0.079,217.0,true,100,true
9800,9900,100,5,35,true,-100,200,0.079,211.6,true,100,true
9800,9900,350,2,36,true,-100,200,0.449,-108.3,true,-350,true
9850,9900,50,5,37,true,-50,150,0.079,224.6,true,50,true
9850,9950,200,4,38,true,-100,150,0.152,106.9,true,-200,true
10000,9950,150,4,39,true,50,0,0.152,120.8,true,150,true
0,0,150,4,1,false,0,10000,0.152,119.8,false,150,true
0,0,200,3,1,false,0,10000,0.270,31.6,false,50,true
0,0,300,2,1,false,0,10000,0.449,-84.4,false,100,true
0,0,300,2,1,false,0,10000,0.449,-87.3,false,-300,true
0,0,800,1,2,false,0,10000,0.662,-505.2,false,800,true
0,0,800,1,2,false,0,10000,0.662,-497.2,false,-800,true
0,0,1200,2,3,true,0,10000,0.449,-469.0,true,1200,true
800,0,800,1,4,true,800,9200,0.662,-508.3,true,800,true
800,0,100,4,5,true,800,9200,0.152,125.9,false,100,true
800,0,100,4,5,true,800,9200,0.152,129.2,false,-100,true
800,200,200,4,6,true,600,9200,0.152,116.9,false,200,true
1100,200,300,3,6,true,900,8900,0.270,4.7,true,300,true
1100,550,50,5,7,true,550,8900,0.079,214.9,false,50,true
1100,550,100,4,7,true,550,8900,0.152,125.4,false,50,true
1350,550,250,2,7,true,800,8650,0.449,-60.3,true,250,true
1350,750,100,5,8,true,600,8650,0.079,219.5,false,100,true
1350,750,100,5,8,true,600,8650,0.079,223.5,false,-100,true
1350,1000,150,4,9,true,350,8650,0.152,116.8,false,150,true
1550,1000,200,3,9,true,550,8450,0.270,32.4,true,200,true
1750,1300,200,3,10,true,450,8250,0.270,33.0,true,200,true
2000,1600,250,3,11,true,400,8000,0.270,17.4,true,250,true
2600,2900,600,2,12,true,-300,7400,0.449,-210.2,true,600,true
3000,3350,400,6,13,true,-350,7000,0.030,346.6,true,400,true
3000,3350,100,5,14,true,-350,7000,0.079,221.5,false,100,true
4150,3350,1150,1,14,true,800,5850,0.662,-748.0,true,1150,true
5400,4350,1250,1,15,true,1050,4600,0.662,-812.4,true,1250,true
5400,4750,100,4,16,true,650,4600,0.152,124.9,false,100,true
5700,4750,300,1,16,true,950,4300,0.662,-173.2,true,300,true
6750,4950,1050,2,17,true,1800,3250,0.449,-416.4,true,1050,true
6750,5150,50,5,18,true,1600,3250,0.079,225.4,false,50,true
7000,5150,250,3,18,true,1850,3000,0.270,14.3,true,250,true
7200,6150,200,3,19,true,1050,2800,0.270,29.2,true,200,true
9250,6500,2050,1,20,true,2750,750,0.662,-1314.5,true,2050,true
9400,6800,150,4,21,true,2600,600,0.152,114.8,true,150,true
10000,7300,600,2,22,true,2700,0,0.449,-214.8,true,600,true
0,0,150,4,1,false,0,10000,0.152,119.8,false,150,false
0,0,350,2,1,false,0,10000,0.449,-107.8,false,200,false
0,0,350,2,1,false,0,10000,0.449,-107.6,false,-350,false
0,0,500,3,2,false,0,10000,0.270,-48.3,false,500,false
0,0,550,2,2,false,0,10000,0.449,-190.9,false,50,false
0,0,550,2,2,false,0,10000,0.449,-195.1,false,-550,false
0,0,200,4,3,false,0,10000,0.152,108.1,false,200,false
0,0,300,3,3,false,0,10000,0.270,3.8,false,100,false
0,0,400,1,3,false,0,10000,0.662,-241.5,false,100,false
0,0,400,1,3,false,0,10000,0.662,-243.1,false,-400,false
0,800,1000,3,4,true,-800,10000,0.270,-192.1,true,1000,false
200,800,200,3,5,true,-600,9800,0.270,25.7,true,200,false
200,1100,100,5,6,true,-900,9800,0.079,215.9,false,100,false
550,1100,350,2,6,true,-550,9450,0.449,-105.2,true,350,false
750,1350,200,4,7,true,-600,9250,0.152,113.2,true,200,false
1000,1350,250,3,8,true,-350,9000,0.270,17.3,true,250,false
1300,1550,300,1,9,true,-250,8700,0.662,-178.6,true,300,false
1300,1750,150,4,10,true,-450,8700,0.152,122.0,false,150,false
1600,1750,300,2,10,true,-150,8400,0.449,-80.7,true,300,false
2900,2000,1300,1,11,true,900,7100,0.662,-855.3,true,1300,false
3350,2600,450,2,12,true,750,6650,0.449,-149.3,true,450,false
3350,3000,0,6,13,true,350,6650,0.030,355.9,false,0,false
4350,4150,1000,3,14,true,200,5650,0.270,-194.5,true,1000,false
4750,5400,400,1,15,true,-650,5250,0.662,-243.9,true,400,false
4950,5700,200,3,16,true,-750,5050,0.270,30.2,true,200,false
5150,6750,200,4,17,true,-1600,4850,0.152,113.4,true,200,false
6150,7000,1000,3,18,true,-850,3850,0.270,-185.5,true,1000,false
6500,7200,350,2,19,true,-700,3500,0.449,-109.0,true,350,false
6800,9250,300,2,20,true,-2450,3200,0.449,-81.1,true,300,false
7300,9400,500,3,21,true,-2100,2700,0.270,-60.1,true,500,false
0,0,500,3,1,false,0,10000,0.270,-48.3,false,500,true
0,0,500,3,1,false,0,10000,0.270,-55.9,false,-500,true
0,0,200,4,2,false,0,10000,0.152,110.8,false,200,true
0,0,300,2,2,false,0,10000,0.449,-78.9,false,100,true
0,0,300,2,2,false,0,10000,0.449,-86.0,false,-300,true
0,0,350,2,3,false,0,10000,0.449,-105.7,false,350,true
0,0,450,1,3,false,0,10000,0.662,-276.7,false,100,true
0,0,450,1,3,false,0,10000,0.662,-272.1,false,-450,true
0,0,200,4,4,false,0,10000,0.152,113.7,false,200,true
0,0,300,2,4,false,0,10000,0.449,-85.4,false,100,true
0,0,400,1,4,false,0,10000,0.662,-237.2,false,100,true
0,0,500,6,4,false,0,10000,0.030,340.7,false,100,true
0,0,600,5,4,false,0,10000,0.079,190.2,false,100,true
0,0,800,2,4,false,0,10000,0.449,-303.6,false,200,true
0,0,950,6,4,false,0,10000,0.030,322.0,false,150,true
0,0,1100,4,4,true,0,10000,0.152,-26.7,true,1100,true
400,200,400,2,5,true,200,9600,0.449,-132.6,true,400,true
600,850,200,3,6,true,-250,9400,0.270,30.5,true,200,true
600,1100,200,4,7,true,-500,9400,0.152,115.0,false,200,true
950,1100,350,2,7,true,-150,9050,0.449,-106.5,true,350,true
950,1250,150,4,8,true,-300,9050,0.152,115.5,false,150,true
950,1250,150,4,8,true,-300,9050,0.152,121.2,false,-150,true
1150,2750,200,3,9,true,-1600,8850,0.270,27.0,true,200,true
1150,2950,150,4,10,true,-1800,8850,0.152,119.1,false,150,true
1350,2950,200,3,10,true,-1600,8650,0.270,33.3,true,200,true
1550,3150,200,3,11,true,-1600,8450,0.270,32.8,true,200,true
1550,3750,100,5,12,true,-2200,8450,0.079,218.7,false,100,true
1550,3750,150,4,12,true,-2200,8450,0.152,118.1,false,50,true
1800,3750,250,3,12,true,-1950,8200,0.270,11.2,true,250,true
2100,3900,300,3,13,true,-1800,7900,0.270,5.0,true,300,true
2100,4100,100,5,14,true,-2000,7900,0.079,216.5,false,100,true
2400,4100,300,2,14,true,-1700,7600,0.449,-83.9,true,300,true
2400,4350,50,5,15,true,-1950,7600,0.079,225.4,false,50,true
2700,4350,300,1,15,true,-1650,7300,0.662,-172.7,true,300,true
2700,4550,50,5,16,true,-1850,7300,0.079,225.0,false,50,true
2900,4550,200,3,16,true,-1650,7100,0.270,31.3,true,200,true
2900,4700,200,4,17,true,-1800,7100,0.152,118.5,false,200,true
3150,4700,250,3,17,true,-1550,6850,0.270,20.0,true,250,true
3550,4850,400,2,18,true,-1300,6450,0.449,-122.4,true,400,true
3550,5100,100,4,19,true,-1550,6450,0.152,131.4,false,100,true
3700,5100,150,3,19,true,-1400,6300,0.270,44.2,true,150,true
3700,5350,50,5,20,true,-1650,6300,0.079,219.3,false,50,true
3700,5350,150,4,20,true,-1650,6300,0.152,120.5,false,100,true
4050,5350,350,1,20,true,-1300,5950,0.662,-210.1,true,350,true
4050,5600,100,5,21,true,-1550,5950,0.079,219.7,false,100,true
5150,5600,1100,2,21,true,-450,4850,0.449,-422.3,true,1100,true
5400,5800,250,3,22,true,-400,4600,0.270,16.0,true,250,true
5400,6750,200,4,23,true,-1350,4600,0.152,115.7,false,200,true
5750,6750,350,2,23,true,-1000,4250,0.449,-101.9,true,350,true
5950,6900,200,3,24,true,-950,4050,0.270,30.1,true,200,true
5950,7200,200,4,25,true,-1250,4050,0.152,113.4,false,200,true
6350,7200,400,2,25,true,-850,3650,0.449,-122.5,true,400,true
6350,7400,100,4,26,true,-1050,3650,0.152,129.3,false,100,true
6650,7400,300,2,26,true,-750,3350,0.449,-82.1,true,300,true
6650,7600,150,4,27,true,-950,3350,0.152,116.6,false,150,true
6850,7600,200,3,27,true,-750,3150,0.270,34.3,true,200,true
7450,7800,600,3,28,true,-350,2550,0.270,-76.1,true,600,true
7450,8000,50,5,29,true,-550,2550,0.079,215.5,false,50,true
7700,8000,250,3,29,true,-300,2300,0.270,21.1,true,250,true
7700,8650,200,4,30,true,-950,2300,0.152,115.4,false,200,true
7700,8650,200,4,30,true,-950,2300,0.152,116.2,false,-200,true
7700,9350,100,4,31,true,-1650,2300,0.152,129.9,false,100,true
7700,9350,100,4,31,true,-1650,2300,0.152,127.0,false,-100,true
8550,9950,850,6,32,true,-1400,1450,0.030,336.5,true,850,true
8700,9950,150,4,33,true,-1250,1300,0.152,118.1,true,150,true
8700,9950,0,6,34,true,-1250,1300,0.030,356.7,false,0,true
8750,9950,50,5,35,true,-1200,1250,0.079,229.2,true,50,true
8750,9950,0,6,36,true,-1200,1250,0.030,359.3,false,0,true
8800,9950,50,5,37,true,-1150,1200,0.079,218.5,true,50,true
8950,9950,150,4,38,true,-1000,1050,0.152,122.5,true,150,true
9950,9950,1000,3,39,true,0,50,0.270,-195.4,true,1000,true
9950,9950,250,2,40,true,0,50,0.449,-58.5,true,-250,true
9950,9950,650,1,41,true,0,50,0.662,-408.2,true,-650,true
10000,9950,50,5,42,true,50,0,0.079,223.3,true,50,true
0,0,100,5,1,false,0,10000,0.079,216.5,false,100,false
0,0,200,3,1,false,0,10000,0.270,32.5,false,100,false
0,0,200,3,1,false,0,10000,0.270,28.6,false,-200,false
0,0,300,2,2,false,0,10000,0.449,-85.2,false,300,false
0,0,300,2,2,false,0,10000,0.449,-86.9,false,-300,false
0,0,1100,1,3,true,0,10000,0.662,-725.1,true,1100,false
200,0,200,4,4,true,200,9800,0.152,109.6,true,200,false
200,400,50,5,5,true,-200,9800,0.079,216.8,false,50,false
850,400,650,1,5,true,450,9150,0.662,-408.7,true,650,false
1100,600,250,2,6,true,500,8900,0.449,-61.0,true,250,false
1250,950,150,4,7,true,300,8750,0.152,123.7,true,150,false
2750,950,1500,6,8,true,1800,7250,0.030,306.2,true,1500,false
2950,1150,200,3,9,true,1800,7050,0.270,27.4,true,200,false
3150,1350,200,3,10,true,1800,6850,0.270,32.8,true,200,false
3750,1550,600,1,11,true,2200,6250,0.662,-375.8,true,600,false
3900,1800,150,4,12,true,2100,6100,0.152,119.4,true,150,false
4100,2100,200,3,13,true,2000,5900,0.270,30.5,true,200,false
4100,2400,100,5,14,true,1700,5900,0.079,224.6,false,100,false
4350,2400,250,3,14,true,1950,5650,0.270,16.1,true,250,false
4550,2700,200,3,15,true,1850,5450,0.270,29.2,true,200,false
4700,2900,150,4,16,true,1800,5300,0.152,118.9,true,150,false
4850,3150,150,4,17,true,1700,5150,0.152,115.9,true,150,false
5100,3550,250,3,18,true,1550,4900,0.270,15.9,true,250,false
5350,3700,250,2,19,true,1650,4650,0.449,-62.3,true,250,false
5600,4050,250,3,20,true,1550,4400,0.270,21.1,true,250,false
5800,5150,200,3,21,true,650,4200,0.270,31.0,true,200,false
6750,5400,950,6,22,true,1350,3250,0.030,327.2,true,950,false
6750,5750,100,4,23,true,1000,3250,0.152,127.0,false,100,false
6900,5750,150,3,23,true,1150,3100,0.270,43.7,true,150,false
7200,5950,300,2,24,true,1250,2800,0.449,-82.6,true,300,false
7400,6350,200,3,25,true,1050,2600,0.270,29.8,true,200,false
7600,6650,200,3,26,true,950,2400,0.270,30.8,true,200,false
7800,6850,200,4,27,true,950,2200,0.152,107.6,true,200,false
8000,7450,200,4,28,true,550,2000,0.152,105.1,true,200,false
8650,7700,650,2,29,true,950,1350,0.449,-241.4,true,650,false
9350,7700,700,2,30,true,1650,650,0.449,-268.1,true,700,false
9950,7700,600,1,31,true,2250,50,0.662,-365.6,true,600,false
9950,8550,100,4,32,true,1400,50,0.152,126.7,true,-100,false
9950,8700,250,3,33,true,1250,50,0.270,20.8,true,-250,false
9950,8700,800,6,34,true,1250,50,0.030,334.6,true,-800,false
9950,8750,400,2,35,true,1200,50,0.449,-129.0,true,-400,false
9950,8750,150,4,36,true,1200,50,0.152,121.9,true,-150,false
9950,8800,200,3,37,true,1150,50,0.270,29.8,true,-200,false
9950,8950,400,3,38,true,1000,50,0.270,-28.6,true,-400,false
9950,9950,700,1,39,true,0,50,0.662,-440.8,true,-700,false
9950,9950,250,3,40,true,0,50,0.270,20.1,true,-250,false
9950,9950,500,1,41,true,0,50,0.662,-304.3,true,-500,false
0,0,200,3,1,false,0,10000,0.270,33.7,false,200,true
0,0,350,1,1,false,0,10000,0.662,-212.0,false,150,true
0,0,400,6,1,false,0,10000,0.030,349.7,false,50,true
0,0,500,5,1,false,0,10000,0.079,179.5,false,100,true
0,0,850,6,1,false,0,10000,0.030,328.6,false,350,true
0,0,950,5,1,false,0,10000,0.079,152.0,false,100,true
0,0,1200,2,1,true,0,10000,0.449,-484.6,true,1200,true
250,0,250,3,2,true,250,9750,0.270,18.2,true,250,true
250,0,150,4,3,true,250,9750,0.152,120.0,false,150,true
550,0,300,2,3,true,550,9450,0.449,-81.4,true,300,true
800,0,250,3,4,true,800,9200,0.270,17.7,true,250,true
1200,0,400,2,5,true,1200,8800,0.449,-132.9,true,400,true
1900,0,700,2,6,true,1900,8100,0.449,-253.4,true,700,true
2200,0,300,3,7,true,2200,7800,0.270,6.2,true,300,true
2450,0,250,3,8,true,2450,7550,0.270,20.8,true,250,true
2450,0,0,6,9,true,2450,7550,0.030,353.0,false,0,true
2800,0,350,2,10,true,2800,7200,0.449,-108.6,true,350,true
3050,0,250,3,11,true,3050,6950,0.270,19.8,true,250,true
3250,400,200,3,12,true,2850,6750,0.270,26.6,true,200,true
3750,800,500,3,13,true,2950,6250,0.270,-50.6,true,500,true
4100,1350,350,1,14,true,2750,5900,0.662,-204.9,true,350,true
5600,1950,1500,6,15,true,3650,4400,0.030,306.8,true,1500,true
5600,2150,0,6,16,true,3450,4400,0.030,359.8,false,0,true
6200,2450,600,2,17,true,3750,3800,0.449,-219.8,true,600,true
6850,2800,650,2,18,true,4050,3150,0.449,-241.4,true,650,true
8100,3000,1250,6,19,true,5100,1900,0.030,310.4,true,1250,true
8400,4000,300,2,20,true,4400,1600,0.449,-80.5,true,300,true
8400,4200,100,4,21,true,4200,1600,0.152,131.1,false,100,true
8550,4200,150,3,21,true,4350,1450,0.270,46.4,true,150,true
8800,4650,250,3,22,true,4150,1200,0.270,19.6,true,250,true
9150,4900,350,1,23,true,4250,850,0.662,-207.3,true,350,true
9150,6400,1000,3,24,true,2750,850,0.270,-183.2,true,-1000,true
9800,6400,650,2,25,true,3400,200,0.449,-237.4,true,650,true
9800,6800,1050,2,26,true,3000,200,0.449,-401.5,true,-1050,true
9850,6950,50,5,27,true,2900,150,0.079,211.7,true,50,true
10000,7350,150,4,28,true,2650,0,0.152,121.3,true,150,true
0,0,350,1,1,false,0,10000,0.662,-207.3,false,350,false
0,0,350,1,1,false,0,10000,0.662,-210.9,false,-350,false
0,250,300,2,2,false,-250,10000,0.449,-81.4,false,300,false
0,250,300,2,2,false,-250,10000,0.449,-83.1,false,-300,false
0,550,150,4,3,false,-550,10000,0.152,114.6,false,150,false
0,550,300,2,3,false,-550,10000,0.449,-84.8,false,150,false
0,550,300,2,3,false,-550,10000,0.449,-82.6,false,-300,false
0,800,300,2,4,false,-800,10000,0.449,-80.2,false,300,false
0,800,350,1,4,false,-800,10000,0.662,-207.0,false,50,false
0,800,350,1,4,false,-800,10000,0.662,-211.5,false,-350,false
0,1200,250,3,5,false,-1200,10000,0.270,20.7,false,250,false
0,1200,300,2,5,false,-1200,10000,0.449,-85.1,false,50,false
0,1200,300,2,5,false,-1200,10000,0.449,-88.2,false,-300,false
0,1900,300,2,6,false,-1900,10000,0.449,-81.0,false,300,false
0,1900,450,6,6,false,-1900,10000,0.030,348.4,false,150,false
0,1900,650,4,6,false,-1900,10000,0.152,40.0,false,200,false
0,1900,750,3,6,false,-1900,10000,0.270,-123.1,false,100,false
0,1900,850,2,6,false,-1900,10000,0.449,-338.8,false,100,false
0,1900,950,1,6,false,-1900,10000,0.662,-598.8,false,100,false
0,1900,950,1,6,false,-1900,10000,0.662,-597.2,false,-950,false
0,2200,700,1,7,false,-2200,10000,0.662,-446.1,false,700,false
0,2200,700,1,7,false,-2200,10000,0.662,-440.4,false,-700,false
0,2450,500,3,8,false,-2450,10000,0.270,-52.9,false,500,false
0,2450,600,1,8,false,-2450,10000,0.662,-386.2,false,100,false
0,2450,600,1,8,false,-2450,10000,0.662,-369.8,false,-600,false
0,2450,200,3,9,false,-2450,10000,0.270,32.4,false,200,false
0,2450,300,1,9,false,-2450,10000,0.662,-175.9,false,100,false
0,2450,300,1,9,false,-2450,10000,0.662,-170.8,false,-300,false
0,2800,950,6,10,false,-2800,10000,0.030,317.8,false,950,false
0,2800,1150,3,10,true,-2800,10000,0.270,-225.3,true,1150,false
400,3050,400,2,11,true,-2650,9600,0.449,-131.2,true,400,false
800,3250,400,3,12,true,-2450,9200,0.270,-19.4,true,400,false
1350,3750,550,1,13,true,-2400,8650,0.662,-344.2,true,550,false
1950,4100,600,2,14,true,-2150,8050,0.449,-215.4,true,600,false
2150,5600,200,3,15,true,-3450,7850,0.270,33.1,true,200,false
2450,5600,300,2,16,true,-3150,7550,0.449,-86.6,true,300,false
2450,6200,150,4,17,true,-3750,7550,0.152,122.6,false,150,false
2800,6200,350,2,17,true,-3400,7200,0.449,-103.5,true,350,false
2800,6850,150,4,18,true,-4050,7200,0.152,118.9,false,150,false
3000,6850,200,3,18,true,-3850,7000,0.270,34.3,true,200,false
4000,8100,1000,2,19,true,-4100,6000,0.449,-406.1,true,1000,false
4200,8400,200,3,20,true,-4200,5800,0.270,29.6,true,200,false
4650,8550,450,2,21,true,-3900,5350,0.449,-143.4,true,450,false
4900,8800,250,3,22,true,-3900,5100,0.270,17.0,true,250,false
6400,9150,1500,6,23,true,-2750,3600,0.030,319.5,true,1500,false
6400,9150,0,6,24,true,-2750,3600,0.030,360.7,false,0,false
6800,9800,400,2,25,true,-3000,3200,0.449,-129.7,true,400,false
6950,9800,150,4,26,true,-2850,3050,0.152,115.1,true,150,false
7350,9850,400,2,27,true,-2500,2650,0.449,-130.2,true,400,false
0,0,150,4,1,false,0,10000,0.152,116.7,false,150,false
0,0,250,3,1,false,0,10000,0.270,18.7,false,100,false
0,0,300,2,1,false,0,10000,0.449,-81.7,false,50,false
0,0,350,1,1,false,0,10000,0.662,-214.2,false,50,false
0,0,400,6,1,false,0,10000,0.030,346.8,false,50,false
0,0,600,4,1,false,0,10000,0.152,47.8,false,200,false
0,0,700,3,1,false,0,10000,0.270,-99.9,false,100,false
0,0,900,1,1,false,0,10000,0.662,-576.9,false,200,false
0,0,1000,6,1,true,0,10000,0.030,310.0,true,1000,false
300,0,300,2,2,true,300,9700,0.449,-84.6,true,300,false
650,200,350,2,3,true,450,9350,0.449,-108.0,true,350,false
900,650,250,3,4,true,250,9100,0.270,12.4,true,250,false
2400,1400,1500,6,5,true,1000,7600,0.030,310.9,true,1500,false
2400,1900,200,4,6,true,500,7600,0.152,114.4,false,200,false
2400,1900,200,4,6,true,500,7600,0.152,112.5,false,-200,false
2400,3400,100,5,7,true,-1000,7600,0.079,214.8,false,100,false
2400,3400,150,4,7,true,-1000,7600,0.152,119.7,false,50,false
2850,3400,450,6,7,true,-550,7150,0.030,342.6,true,450,false
3100,3650,250,3,8,true,-550,6900,0.270,14.5,true,250,false
3300,4000,200,3,9,true,-700,6700,0.270,34.6,true,200,false
3900,4500,600,2,10,true,-600,6100,0.449,-212.6,true,600,false
3900,4500,50,5,11,true,-600,6100,0.079,223.4,false,50,false
4100,4500,200,3,11,true,-400,5900,0.270,28.0,true,200,false
4100,4700,150,4,12,true,-600,5900,0.152,119.6,false,150,false
4100,4700,150,4,12,true,-600,5900,0.152,119.1,false,-150,false
5100,5750,1000,6,13,true,-650,4900,0.030,315.9,true,1000,false
5100,5950,150,4,14,true,-850,4900,0.152,116.6,false,150,false
5400,5950,300,2,14,true,-550,4600,0.449,-86.8,true,300,false
5400,6150,50,5,15,true,-750,4600,0.079,226.0,false,50,false
5650,6150,250,3,15,true,-500,4350,0.270,19.5,true,250,false
5650,7200,150,4,16,true,-1550,4350,0.152,119.5,false,150,false
5850,7200,200,3,16,true,-1350,4150,0.270,30.2,true,200,false
6100,7500,250,3,17,true,-1400,3900,0.270,21.3,true,250,false
6350,7700,250,3,18,true,-1350,3650,0.270,21.0,true,250,false
6350,7900,100,5,19,true,-1550,3650,0.079,221.0,false,100,false
6800,7900,450,1,19,true,-1100,3200,0.662,-276.1,true,450,false
7100,7900,300,3,20,true,-800,2900,0.270,1.0,true,300,false
7350,8100,250,3,21,true,-750,2650,0.270,18.0,true,250,false
7350,8400,0,6,22,true,-1050,2650,0.030,363.3,false,0,false
8050,9050,700,2,23,true,-1000,1950,0.449,-261.3,true,700,false
8050,9500,100,4,24,true,-1450,1950,0.152,126.7,false,100,false
8300,9500,250,2,24,true,-1200,1700,0.449,-59.8,true,250,false
8300,9500,200,4,25,true,-1200,1700,0.152,109.7,false,200,false
8550,9500,250,3,25,true,-950,1450,0.270,24.3,true,250,false
8600,9650,50,5,26,true,-1050,1400,0.079,218.6,true,50,false
8900,9950,300,2,27,true,-1050,1100,0.449,-82.2,true,300,false
9150,9950,250,2,28,true,-800,850,0.449,-59.8,true,250,false
9350,9950,200,4,29,true,-600,650,0.152,111.5,true,200,false
9600,9950,250,3,30,true,-350,400,0.270,14.2,true,250,false
0,0,300,2,1,false,0,10000,0.449,-81.2,false,300,true
0,0,350,1,1,false,0,10000,0.662,-204.0,false,50,true
0,0,450,6,1,false,0,10000,0.030,339.9,false,100,true
0,0,1050,2,1,true,0,10000,0.449,-406.7,true,1050,true
200,300,200,4,2,true,-100,9800,0.152,108.7,true,200,true
200,650,50,5,3,true,-450,9800,0.079,222.7,false,50,true
650,650,450,1,3,true,0,9350,0.662,-272.4,true,450,true
650,900,50,5,4,true,-250,9350,0.079,221.8,false,50,true
1400,900,750,1,4,true,500,8600,0.662,-470.7,true,750,true
1900,2400,500,3,5,true,-500,8100,0.270,-52.9,true,500,true
3400,2400,1500,6,6,true,1000,6600,0.030,313.5,true,1500,true
3650,2850,250,3,7,true,800,6350,0.270,13.6,true,250,true
4000,3100,350,1,8,true,900,6000,0.662,-210.8,true,350,true
4500,3300,500,3,9,true,1200,5500,0.270,-41.9,true,500,true
4500,3900,100,5,10,true,600,5500,0.079,220.5,false,100,true
4500,3900,100,5,10,true,600,5500,0.079,213.0,false,-100,true
4700,4100,200,3,11,true,600,5300,0.270,34.4,true,200,true
4700,4100,50,5,12,true,600,5300,0.079,222.1,false,50,true
5750,4100,1050,2,12,true,1650,4250,0.449,-405.8,true,1050,true
5950,5100,200,3,13,true,850,4050,0.270,29.0,true,200,true
6150,5400,200,3,14,true,750,3850,0.270,34.5,true,200,true
7200,5650,1050,2,15,true,1550,2800,0.449,-416.2,true,1050,true
7500,5850,300,3,16,true,1650,2500,0.270,0.4,true,300,true
7500,6100,150,4,17,true,1400,2500,0.152,121.2,false,150,true
7700,6100,200,3,17,true,1600,2300,0.270,29.5,true,200,true
7900,6350,200,4,18,true,1550,2100,0.152,112.7,true,200,true
7900,6800,0,6,19,true,1100,2100,0.030,365.1,false,0,true
7900,7100,100,5,20,true,800,2100,0.079,223.0,false,100,true
8100,7100,200,3,20,true,1000,1900,0.270,28.4,true,200,true
8100,7350,50,5,21,true,750,1900,0.079,218.8,false,50,true
8400,7350,300,2,21,true,1050,1600,0.449,-87.5,true,300,true
9050,7350,650,2,22,true,1700,950,0.449,-245.9,true,650,true
9500,8050,450,1,23,true,1450,500,0.662,-275.1,true,450,true
9500,8300,1050,2,24,true,1200,500,0.449,-404.2,true,-1050,true
9650,8550,150,4,25,true,1100,350,0.152,118.5,true,150,true
9950,8600,300,3,26,true,1350,50,0.270,-1.7,true,300,true
9950,8900,100,5,27,true,1050,50,0.079,217.6,true,-100,true
9950,9150,650,1,28,true,800,50,0.662,-402.1,true,-650,true
9950,9350,1050,2,29,true,600,50,0.449,-415.2,true,-1050,true
10000,9600,50,5,30,true,400,0,0.079,218.1,true,50,true
0,0,200,4,1,false,0,10000,0.152,113.2,false,200,false
0,0,450,1,1,false,0,10000,0.662,-275.4,false,250,false
0,0,450,1,1,false,0,10000,0.662,-276.3,false,-450,false
0,0,200,3,2,false,0,10000,0.270,30.1,false,200,false
0,0,250,2,2,false,0,10000,0.449,-66.8,false,50,false
0,0,300,1,2,false,0,10000,0.662,-179.5,false,50,false
0,0,300,1,2,false,0,10000,0.662,-178.3,false,-300,false
0,0,50,5,3,false,0,10000,0.079,233.0,false,50,false
0,0,1050,2,3,true,0,10000,0.449,-428.5,true,1050,false
200,0,200,3,4,true,200,9800,0.270,32.9,true,200,false
450,0,250,2,5,true,450,9550,0.449,-63.1,true,250,false
650,250,200,3,6,true,400,9350,0.270,32.5,true,200,false
650,800,200,4,7,true,-150,9350,0.152,111.4,false,200,false
900,800,250,3,7,true,100,9100,0.270,15.0,true,250,false
1900,1300,1000,3,8,true,600,8100,0.270,-188.7,true,1000,false
1900,1800,150,4,9,true,100,8100,0.152,122.7,false,150,false
2100,1800,200,3,9,true,300,7900,0.270,33.7,true,200,false
2100,1950,200,4,10,true,150,7900,0.152,112.8,false,200,false
2350,1950,250,3,10,true,400,7650,0.270,14.0,true,250,false
2350,2700,150,4,11,true,-350,7650,0.152,121.5,false,150,false
2650,2700,300,2,11,true,-50,7350,0.449,-81.6,true,300,false
2900,3050,250,3,12,true,-150,7100,0.270,12.6,true,250,false
3100,3050,200,3,13,true,50,6900,0.270,32.9,true,200,false
3500,3650,400,1,14,true,-150,6500,0.662,-236.5,true,400,false
3500,4700,100,5,15,true,-1200,6500,0.079,213.2,false,100,false
3500,4700,100,5,15,true,-1200,6500,0.079,216.7,false,-100,false
4200,5750,700,2,16,true,-1550,5800,0.449,-268.1,true,700,false
4400,6050,200,3,17,true,-1650,5600,0.270,32.6,true,200,false
4400,6250,100,4,18,true,-1850,5600,0.152,129.9,false,100,false
4700,6250,300,2,18,true,-1550,5300,0.449,-84.2,true,300,false
4900,6550,200,3,19,true,-1650,5100,0.270,30.0,true,200,false
5400,6850,500,2,20,true,-1450,4600,0.449,-167.5,true,500,false
5650,7150,250,3,21,true,-1500,4350,0.270,14.6,true,250,false
5650,8750,150,4,22,true,-3100,4350,0.152,121.3,false,150,false
5900,8750,250,3,22,true,-2850,4100,0.270,16.5,true,250,false
6400,9200,500,3,23,true,-2800,3600,0.270,-52.4,true,500,false
6900,9450,500,2,24,true,-2550,3100,0.449,-172.3,true,500,false
6900,9550,150,4,25,true,-2650,3100,0.152,121.3,false,150,false
7150,9550,250,3,25,true,-2400,2850,0.270,17.2,true,250,false
7400,9950,250,3,26,true,-2550,2600,0.270,19.8,true,250,false
7650,9950,250,2,27,true,-2300,2350,0.449,-63.7,true,250,false
0,0,350,2,1,false,0,10000,0.449,-107.5,false,350,true
0,0,350,2,1,false,0,10000,0.449,-106.0,false,-350,true
0,0,250,2,2,false,0,10000,0.449,-59.0,false,250,true
0,0,250,2,2,false,0,10000,0.449,-62.1,false,-250,true
0,0,50,5,3,false,0,10000,0.079,213.5,false,50,true
0,0,200,3,3,false,0,10000,0.270,31.6,false,150,true
0,0,200,3,3,false,0,10000,0.270,31.4,false,-200,true
0,200,100,4,4,false,-200,10000,0.152,128.2,false,100,true
0,200,1150,6,4,true,-200,10000,0.030,323.7,true,1150,true
250,450,250,3,5,true,-200,9750,0.270,19.2,true,250,true
800,650,550,1,6,true,150,9200,0.662,-336.7,true,550,true
1300,900,500,3,7,true,400,8700,0.270,-55.7,true,500,true
1800,1900,500,3,8,true,-100,8200,0.270,-53.1,true,500,true
1800,2100,50,5,9,true,-300,8200,0.079,217.4,false,50,true
1950,2100,150,3,9,true,-150,8050,0.270,43.3,true,150,true
2700,2350,750,1,10,true,350,7300,0.662,-467.7,true,750,true
2700,2650,50,5,11,true,50,7300,0.079,219.4,false,50,true
3050,2650,350,1,11,true,400,6950,0.662,-205.2,true,350,true
3050,2900,100,5,12,true,150,6950,0.079,218.1,false,100,true
3050,2900,100,5,12,true,150,6950,0.079,218.2,false,-100,true
3650,3100,600,3,13,true,550,6350,0.270,-84.5,true,600,true
4700,3500,1050,2,14,true,1200,5300,0.449,-442.5,true,1050,true
5750,3500,1050,2,15,true,2250,4250,0.449,-421.3,true,1050,true
5750,4200,100,5,16,true,1550,4250,0.079,221.1,false,100,true
6050,4200,300,2,16,true,1850,3950,0.449,-81.2,true,300,true
6250,4400,200,3,17,true,1850,3750,0.270,32.6,true,200,true
6550,4700,300,3,18,true,1850,3450,0.270,3.6,true,300,true
6850,4900,300,2,19,true,1950,3150,0.449,-86.9,true,300,true
7150,5400,300,2,20,true,1750,2850,0.449,-81.7,true,300,true
8750,5650,1600,1,21,true,3100,1250,0.662,-1024.9,true,1600,true
9200,5900,450,2,22,true,3300,800,0.449,-150.9,true,450,true
9450,6400,250,3,23,true,3050,550,0.270,15.7,true,250,true
9550,6900,100,4,24,true,2650,450,0.152,132.2,true,100,true
9950,7150,400,2,25,true,2800,50,0.449,-125.2,true,400,true
9950,7400,600,2,26,true,2550,50,0.449,-204.2,true,-600,true
10000,7650,50,5,27,true,2350,0,0.079,216.6,true,50,true
0,0,300,3,1,false,0,10000,0.270,-2.1,false,300,false
0,0,350,2,1,false,0,10000,0.449,-106.4,false,50,false
0,0,350,2,1,false,0,10000,0.449,-105.8,false,-350,false
0,0,100,4,2,false,0,10000,0.152,129.8,false,100,false
0,0,350,1,2,false,0,10000,0.662,-208.8,false,250,false
0,0,350,1,2,false,0,10000,0.662,-207.2,false,-350,false
0,0,700,2,3,false,0,10000,0.449,-258.1,false,700,false
0,0,700,2,3,false,0,10000,0.449,-260.9,false,-700,false
0,0,250,2,4,false,0,10000,0.449,-60.1,false,250,false
0,0,350,1,4,false,0,10000,0.662,-201.7,false,100,false
0,0,350,1,4,false,0,10000,0.662,-207.7,false,-350,false
0,0,700,1,5,false,0,10000,0.662,-446.3,false,700,false
0,0,700,1,5,false,0,10000,0.662,-438.3,false,-700,false
0,0,200,3,6,false,0,10000,0.270,36.2,false,200,false
0,0,250,2,6,false,0,10000,0.449,-60.8,false,50,false
0,0,250,2,6,false,0,10000,0.449,-57.0,false,-250,false
0,0,250,2,7,false,0,10000,0.449,-58.7,false,250,false
0,0,250,2,7,false,0,10000,0.449,-61.5,false,-250,false
0,0,250,3,8,false,0,10000,0.270,18.0,false,250,false
0,0,400,1,8,false,0,10000,0.662,-241.4,false,150,false
0,0,400,1,8,false,0,10000,0.662,-242.4,false,-400,false
0,0,600,2,9,false,0,10000,0.449,-214.9,false,600,false
0,0,700,1,9,false,0,10000,0.662,-438.7,false,100,false
0,0,700,1,9,false,0,10000,0.662,-441.4,false,-700,false
0,0,250,3,10,false,0,10000,0.270,13.9,false,250,false
0,0,300,2,10,false,0,10000,0.449,-84.2,false,50,false
0,0,350,1,10,false,0,10000,0.662,-208.3,false,50,false
0,0,350,1,10,false,0,10000,0.662,-207.3,false,-350,false
0,0,200,4,11,false,0,10000,0.152,114.1,false,200,false
0,0,250,3,11,false,0,10000,0.270,13.3,false,50,false
0,0,250,3,11,false,0,10000,0.270,15.0,false,-250,false
0,0,150,4,12,false,0,10000,0.152,117.0,false,150,false
0,0,350,2,12,false,0,10000,0.449,-106.8,false,200,false
0,0,350,2,12,false,0,10000,0.449,-101.3,false,-350,false
0,0,100,4,13,false,0,10000,0.152,128.9,false,100,false
0,0,200,2,13,false,0,10000,0.449,-40.0,false,100,false
0,0,200,2,13,false,0,10000,0.449,-41.0,false,-200,false
0,0,550,1,14,false,0,10000,0.662,-342.9,false,550,false
0,0,550,1,14,false,0,10000,0.662,-342.8,false,-550,false
0,0,200,3,15,false,0,10000,0.270,32.0,false,200,false
0,0,350,1,15,false,0,10000,0.662,-206.8,false,150,false
0,0,450,6,15,false,0,10000,0.030,344.3,false,100,false
0,0,650,3,15,false,0,10000,0.270,-90.0,false,200,false
0,0,650,3,15,false,0,10000,0.270,-91.7,false,-650,false
0,650,700,2,16,false,-650,10000,0.449,-262.0,false,700,false
0,650,750,1,16,false,-650,10000,0.662,-479.3,false,50,false
0,650,800,6,16,false,-650,10000,0.030,334.5,false,50,false
0,650,1550,6,16,true,-650,10000,0.030,313.0,true,1550,false
0,1150,0,6,17,true,-1150,10000,0.030,366.5,false,0,false
550,2200,550,1,18,true,-1650,9450,0.662,-344.5,true,550,false
550,2800,150,4,19,true,-2250,9450,0.152,114.5,false,150,false
850,2800,300,2,19,true,-1950,9150,0.449,-81.3,true,300,false
850,3100,100,4,20,true,-2250,9150,0.152,128.6,false,100,false
1150,3100,300,1,20,true,-1950,8850,0.662,-172.0,true,300,false
1150,3800,100,4,21,true,-2650,8850,0.152,129.9,false,100,false
1150,3800,100,4,21,true,-2650,8850,0.152,126.8,false,-100,false
1450,3950,300,2,22,true,-2500,8550,0.449,-85.3,true,300,false
2050,4200,600,2,23,true,-2150,7950,0.449,-222.7,true,600,false
3050,4700,1000,3,24,true,-1650,6950,0.270,-200.5,true,1000,false
3350,4850,300,2,25,true,-1500,6650,0.449,-82.5,true,300,false
3350,5550,150,4,26,true,-2200,6650,0.152,119.7,false,150,false
3750,5550,400,1,26,true,-1800,6250,0.662,-242.9,true,400,false
3750,5750,200,4,27,true,-2000,6250,0.152,109.9,false,200,false
4000,5750,250,3,27,true,-1750,6000,0.270,20.1,true,250,false
4500,5750,500,3,28,true,-1250,5500,0.270,-49.3,true,500,false
4750,6200,250,3,29,true,-1450,5250,0.270,18.4,true,250,false
4750,6400,50,5,30,true,-1650,5250,0.079,215.7,false,50,false
5000,6400,250,3,30,true,-1400,5000,0.270,17.7,true,250,false
5450,6600,450,1,31,true,-1150,4550,0.662,-279.8,true,450,false
5450,6600,150,4,32,true,-1150,4550,0.152,122.1,false,150,false
5700,6600,250,3,32,true,-900,4300,0.270,17.4,true,250,false
6000,6800,300,2,33,true,-800,4000,0.449,-81.5,true,300,false
6400,7800,400,3,34,true,-1400,3600,0.270,-24.9,true,400,false
6400,8000,0,6,35,true,-1600,3600,0.030,359.8,false,0,false
6800,8350,400,1,36,true,-1550,3200,0.662,-241.6,true,400,false
7600,8550,800,1,37,true,-950,2400,0.662,-504.1,true,800,false
8300,8750,700,2,38,true,-450,1700,0.449,-260.1,true,700,false
8900,8900,600,2,39,true,0,1100,0.449,-214.4,true,600,false
9950,9100,1050,2,40,true,850,50,0.449,-418.0,true,1050,false
9950,9600,150,4,41,true,350,50,0.152,118.2,true,-150,false
9950,9800,800,6,42,true,150,50,0.030,335.5,true,-800,false
0,0,650,2,1,false,0,10000,0.449,-240.0,false,650,true
0,0,750,1,1,false,0,10000,0.662,-469.8,false,100,true
0,0,750,1,1,false,0,10000,0.662,-481.8,false,-750,true
0,0,50,5,2,false,0,10000,0.079,216.4,false,50,true
0,0,350,2,2,false,0,10000,0.449,-103.9,false,300,true
0,0,450,1,2,false,0,10000,0.662,-278.2,false,100,true
0,0,450,1,2,false,0,10000,0.662,-281.4,false,-450,true
0,0,150,4,3,false,0,10000,0.152,120.6,false,150,true
0,0,200,3,3,false,0,10000,0.270,27.3,false,50,true
0,0,400,1,3,false,0,10000,0.662,-246.1,false,200,true
0,0,400,1,3,false,0,10000,0.662,-241.5,false,-400,true
0,0,300,2,4,false,0,10000,0.449,-87.0,false,300,true
0,0,400,1,4,false,0,10000,0.662,-238.8,false,100,true
0,0,400,1,4,false,0,10000,0.662,-244.8,false,-400,true
0,0,600,2,5,false,0,10000,0.449,-221.8,false,600,true
0,0,600,2,5,false,0,10000,0.449,-210.1,false,-600,true
0,0,100,5,6,false,0,10000,0.079,220.4,false,100,true
0,0,250,3,6,false,0,10000,0.270,21.9,false,150,true
0,0,300,2,6,false,0,10000,0.449,-84.3,false,50,true
0,0,350,1,6,false,0,10000,0.662,-203.7,false,50,true
0,0,350,1,6,false,0,10000,0.662,-209.1,false,-350,true
0,0,100,5,7,false,0,10000,0.079,214.1,false,100,true
0,0,300,3,7,false,0,10000,0.270,0.4,false,200,true
0,0,300,3,7,false,0,10000,0.270,4.5,false,-300,true
0,0,100,5,8,false,0,10000,0.079,213.6,false,100,true
0,0,100,5,8,false,0,10000,0.079,219.7,false,-100,true
0,0,250,3,9,false,0,10000,0.270,17.1,false,250,true
0,0,450,1,9,false,0,10000,0.662,-274.3,false,200,true
0,0,450,1,9,false,0,10000,0.662,-270.0,false,-450,true
0,0,100,4,10,false,0,10000,0.152,128.8,false,100,true
0,0,200,3,10,false,0,10000,0.270,31.3,false,100,true
0,0,400,1,10,false,0,10000,0.662,-249.2,false,200,true
0,0,400,1,10,false,0,10000,0.662,-243.7,false,-400,true
0,0,200,3,11,false,0,10000,0.270,27.6,false,200,true
0,0,250,2,11,false,0,10000,0.449,-60.3,false,50,true
0,0,300,1,11,false,0,10000,0.662,-172.8,false,50,true
0,0,400,6,11,false,0,10000,0.030,351.7,false,100,true
0,0,700,2,11,false,0,10000,0.449,-266.6,false,300,true
0,0,700,2,11,false,0,10000,0.449,-263.2,false,-700,true
0,0,150,4,12,false,0,10000,0.152,121.6,false,150,true
0,0,300,2,12,false,0,10000,0.449,-79.9,false,150,true
0,0,400,1,12,false,0,10000,0.662,-243.4,false,100,true
0,0,400,1,12,false,0,10000,0.662,-245.3,false,-400,true
0,0,100,5,13,false,0,10000,0.079,217.4,false,100,true
0,0,100,5,13,false,0,10000,0.079,217.9,false,-100,true
0,0,200,3,14,false,0,10000,0.270,35.6,false,200,true
0,0,400,6,14,false,0,10000,0.030,350.8,false,200,true
0,0,900,3,14,false,0,10000,0.270,-169.9,false,500,true
0,0,1150,6,14,true,0,10000,0.030,335.4,true,1150,true
0,0,100,5,15,true,0,10000,0.079,215.4,false,100,true
650,0,650,6,15,true,650,9350,0.030,342.5,true,650,true
1150,0,500,3,16,true,1150,8850,0.270,-55.5,true,500,true
2200,0,1050,2,17,true,2200,7800,0.449,-408.3,true,1050,true
2800,550,600,3,18,true,2250,7200,0.270,-82.3,true,600,true
3100,850,300,2,19,true,2250,6900,0.449,-80.1,true,300,true
3800,1150,700,1,20,true,2650,6200,0.662,-445.2,true,700,true
3950,1150,150,4,21,true,2800,6050,0.152,121.4,true,150,true
4200,1450,250,3,22,true,2750,5800,0.270,20.6,true,250,true
4700,2050,500,1,23,true,2650,5300,0.662,-301.8,true,500,true
4850,3050,150,4,24,true,1800,5150,0.152,119.2,true,150,true
4850,3350,100,5,25,true,1500,5150,0.079,220.2,false,100,true
5550,3350,700,1,25,true,2200,4450,0.662,-452.5,true,700,true
5750,3750,200,4,26,true,2000,4250,0.152,111.1,true,200,true
5750,4000,100,4,27,true,1750,4250,0.152,130.6,false,100,true
5750,4000,100,4,27,true,1750,4250,0.152,128.9,false,-100,true
6200,4500,450,2,28,true,1700,3800,0.449,-154.2,true,450,true
6400,4750,200,3,29,true,1650,3600,0.270,29.0,true,200,true
6400,5000,50,5,30,true,1400,3600,0.079,220.0,false,50,true
6400,5000,100,4,30,true,1400,3600,0.152,128.0,false,50,true
6600,5000,200,2,30,true,1600,3400,0.449,-43.0,true,200,true
6600,5450,50,5,31,true,1150,3400,0.079,225.0,false,50,true
6600,5450,100,4,31,true,1150,3400,0.152,124.9,false,50,true
6600,5450,100,4,31,true,1150,3400,0.152,126.5,false,-100,true
6600,5700,100,4,32,true,900,3400,0.152,125.1,false,100,true
6800,5700,200,3,32,true,1100,3200,0.270,31.3,true,200,true
7800,6000,1000,2,33,true,1800,2200,0.449,-391.5,true,1000,true
8000,6400,200,3,34,true,1600,2000,0.270,31.6,true,200,true
8000,6400,150,4,35,true,1600,2000,0.152,121.4,false,150,true
8350,6400,350,1,35,true,1950,1650,0.662,-205.2,true,350,true
8550,6800,200,3,36,true,1750,1450,0.270,27.7,true,200,true
8750,7600,200,3,37,true,1150,1250,0.270,31.7,true,200,true
8900,8300,150,4,38,true,600,1100,0.152,120.9,true,150,true
9100,8900,200,3,39,true,200,900,0.270,30.3,true,200,true
9600,9950,500,2,40,true,-350,400,0.449,-165.5,true,500,true
9800,9950,200,3,41,true,-150,200,0.270,29.2,true,200,true
10000,9950,200,3,42,true,50,0,0.270,31.0,true,200,true
0,0,150,4,1,false,0,10000,0.152,118.6,false,150,false
0,0,150,4,1,false,0,10000,0.152,117.7,false,-150,false
0,0,200,4,2,false,0,10000,0.152,104.2,false,200,false
0,0,200,4,2,false,0,10000,0.152,113.0,false,-200,false
0,0,200,4,3,false,0,10000,0.152,108.2,false,200,false
0,0,250,3,3,false,0,10000,0.270,14.0,false,50,false
0,0,350,1,3,false,0,10000,0.662,-206.9,false,100,false
0,0,350,1,3,false,0,10000,0.662,-209.2,false,-350,false
0,0,200,4,4,false,0,10000,0.152,106.9,false,200,false
0,0,350,2,4,false,0,10000,0.449,-112.9,false,150,false
0,0,350,2,4,false,0,10000,0.449,-102.6,false,-350,false
0,0,200,4,5,false,0,10000,0.152,113.2,false,200,false
0,0,250,3,5,false,0,10000,0.270,15.5,false,50,false
0,0,250,3,5,false,0,10000,0.270,20.2,false,-250,false
0,0,700,1,6,false,0,10000,0.662,-436.4,false,700,false
0,0,700,1,6,false,0,10000,0.662,-439.2,false,-700,false
0,200,150,4,7,false,-200,10000,0.152,115.7,false,150,false
0,200,350,2,7,false,-200,10000,0.449,-108.9,false,200,false
0,200,450,1,7,false,-200,10000,0.662,-278.3,false,100,false
0,200,550,6,7,false,-200,10000,0.030,344.9,false,100,false
0,200,700,4,7,false,-200,10000,0.152,33.6,false,150,false
0,200,900,2,7,false,-200,10000,0.449,-349.3,false,200,false
0,200,1000,6,7,true,-200,10000,0.030,319.0,true,1000,false
1000,2250,1000,3,8,true,-1250,9000,0.270,-181.7,true,1000,false
1500,2450,500,3,9,true,-950,8500,0.270,-48.8,true,500,false
1500,2650,100,4,10,true,-1150,8500,0.152,125.6,false,100,false
1850,2650,350,1,10,true,-800,8150,0.662,-207.2,true,350,false
1850,3250,150,4,11,true,-1400,8150,0.152,122.2,false,150,false
2100,3250,250,3,11,true,-1150,7900,0.270,12.9,true,250,false
2350,3400,250,3,12,true,-1050,7650,0.270,18.6,true,250,false
3550,3550,1200,2,13,true,0,6450,0.449,-499.5,true,1200,false
3550,3700,150,4,14,true,-150,6450,0.152,121.2,false,150,false
3900,3700,350,2,14,true,200,6100,0.449,-104.1,true,350,false
3900,3900,200,4,15,true,0,6100,0.152,115.8,false,200,false
4150,3900,250,3,15,true,250,5850,0.270,19.6,true,250,false
4150,4250,100,5,16,true,-100,5850,0.079,215.9,false,100,false
4150,4250,150,4,16,true,-100,5850,0.152,124.6,false,50,false
4350,4250,200,3,16,true,100,5650,0.270,26.7,true,200,false
4350,4450,150,4,17,true,-100,5650,0.152,122.3,false,150,false
4600,4450,250,2,17,true,150,5400,0.449,-58.8,true,250,false
4600,5450,200,4,18,true,-850,5400,0.152,110.9,false,200,false
5000,5450,400,2,18,true,-450,5000,0.449,-129.0,true,400,false
6100,6500,1100,1,19,true,-400,3900,0.662,-709.4,true,1100,false
7200,6850,1100,1,20,true,350,2800,0.662,-705.4,true,1100,false
7700,7000,500,3,21,true,700,2300,0.270,-63.8,true,500,false
7700,7350,200,4,22,true,350,2300,0.152,115.7,false,200,false
8300,7350,600,6,22,true,950,1700,0.030,344.4,true,600,false
9350,7550,1050,2,23,true,1800,650,0.449,-400.7,true,1050,false
9750,8200,400,2,24,true,1550,250,0.449,-128.8,true,400,false
9750,8350,0,6,25,true,1400,250,0.030,349.4,false,0,false
9900,9350,150,4,26,true,550,100,0.152,125.4,true,150,false
9900,9450,250,3,27,true,450,100,0.270,16.5,true,-250,false
9900,9500,200,4,28,true,400,100,0.152,112.7,true,-200,false
9900,9500,200,4,29,true,400,100,0.152,112.9,true,-200,false
9900,9650,450,2,30,true,250,100,0.449,-149.8,true,-450,false
9900,9650,400,2,31,true,250,100,0.449,-133.9,true,-400,false
9900,9650,1100,1,32,true,250,100,0.662,-711.7,true,-1100,false
9900,9950,1000,3,33,true,-50,100,0.270,-201.3,true,-1000,false
9900,9950,700,2,34,true,-50,100,0.449,-270.1,true,-700,false
0,0,150,4,1,false,0,10000,0.152,122.1,false,150,true
0,0,150,4,1,false,0,10000,0.152,119.2,false,-150,true
0,0,300,2,2,false,0,10000,0.449,-82.3,false,300,true
0,0,300,2,2,false,0,10000,0.449,-82.8,false,-300,true
0,0,700,1,3,false,0,10000,0.662,-444.9,false,700,true
0,0,700,1,3,false,0,10000,0.662,-440.9,false,-700,true
0,0,1000,3,4,true,0,10000,0.270,-200.4,true,1000,true
0,0,100,4,5,true,0,10000,0.152,131.4,false,100,true
0,0,100,4,5,true,0,10000,0.152,119.5,false,-100,true
200,0,200,3,6,true,200,9800,0.270,31.2,true,200,true
2250,0,2050,1,7,true,2250,7750,0.662,-1346.4,true,2050,true
2450,1000,200,3,8,true,1450,7550,0.270,33.3,true,200,true
2450,1500,150,4,9,true,950,7550,0.152,121.7,false,150,true
2650,1500,200,3,9,true,1150,7350,0.270,29.3,true,200,true
3250,1850,600,2,10,true,1400,6750,0.449,-217.1,true,600,true
3250,2100,50,5,11,true,1150,6750,0.079,223.6,false,50,true
3400,2100,150,4,11,true,1300,6600,0.152,124.3,true,150,true
3550,2350,150,4,12,true,1200,6450,0.152,117.1,true,150,true
3700,3550,150,4,13,true,150,6300,0.152,118.6,true,150,true
3900,3900,200,4,14,true,0,6100,0.152,108.5,true,200,true
3900,4150,150,4,15,true,-250,6100,0.152,120.0,false,150,true
4250,4150,350,2,15,true,100,5750,0.449,-106.4,true,350,true
4450,4350,200,4,16,true,100,5550,0.152,115.9,true,200,true
5450,4600,1000,2,17,true,850,4550,0.449,-399.4,true,1000,true
6500,5000,1050,2,18,true,1500,3500,0.449,-413.1,true,1050,true
6500,6100,150,4,19,true,400,3500,0.152,121.2,false,150,true
6850,6100,350,1,19,true,750,3150,0.662,-211.6,true,350,true
7000,7200,150,4,20,true,-200,3000,0.152,113.1,true,150,true
7350,7700,350,2,21,true,-350,2650,0.449,-108.3,true,350,true
7350,8300,50,5,22,true,-950,2650,0.079,223.5,false,50,true
7350,8300,100,4,22,true,-950,2650,0.152,124.5,false,50,true
7550,8300,200,3,22,true,-750,2450,0.270,30.6,true,200,true
8200,9350,650,2,23,true,-1150,1800,0.449,-249.9,true,650,true
8350,9750,150,4,24,true,-1400,1650,0.152,118.3,true,150,true
9350,9750,1000,3,25,true,-400,650,0.270,-194.6,true,1000,true
9450,9900,100,5,26,true,-450,550,0.079,218.3,true,100,true
9500,9900,50,5,27,true,-400,500,0.079,222.5,true,50,true
9500,9900,0,6,28,true,-400,500,0.030,349.0,false,0,true
9650,9900,150,4,29,true,-250,350,0.152,121.7,true,150,true
9650,9900,0,6,30,true,-250,350,0.030,354.1,false,0,true
9650,9900,1050,2,31,true,-250,350,0.449,-416.4,true,-1050,true
9950,9900,300,2,32,true,50,50,0.449,-80.0,true,300,true
9950,9900,1000,3,33,true,50,50,0.270,-194.4,true,-1000,true
10000,9900,50,5,34,true,100,0,0.079,214.2,true,50,true
0,0,100,4,1,false,0,10000,0.152,124.0,false,100,true
0,0,250,2,1,false,0,10000,0.449,-59.4,false,150,true
0,0,250,2,1,false,0,10000,0.449,-61.5,false,-250,true
0,0,200,4,2,false,0,10000,0.152,110.5,false,200,true
0,0,300,2,2,false,0,10000,0.449,-83.6,false,100,true
0,0,400,1,2,false,0,10000,0.662,-236.5,false,100,true
0,0,400,1,2,false,0,10000,0.662,-239.6,false,-400,true
0,0,50,5,3,false,0,10000,0.079,224.2,false,50,true
0,0,150,3,3,false,0,10000,0.270,45.7,false,100,true
0,0,250,2,3,false,0,10000,0.449,-62.5,false,100,true
0,0,350,1,3,false,0,10000,0.662,-212.9,false,100,true
0,0,400,6,3,false,0,10000,0.030,353.3,false,50,true
0,0,450,5,3,false,0,10000,0.079,187.4,false,50,true
0,0,600,3,3,false,0,10000,0.270,-77.1,false,150,true
0,0,800,6,3,false,0,10000,0.030,336.6,false,200,true
0,0,1000,4,3,true,0,10000,0.152,-5.2,true,1000,true
500,0,500,1,4,true,500,9500,0.662,-304.4,true,500,true
1000,0,500,3,5,true,1000,9000,0.270,-50.5,true,500,true
1200,650,200,3,6,true,550,8800,0.270,31.6,true,200,true
1200,900,200,4,7,true,300,8800,0.152,110.5,false,200,true
1550,900,350,2,7,true,650,8450,0.449,-108.7,true,350,true
1950,1500,400,3,8,true,450,8050,0.270,-21.3,true,400,true
1950,1750,50,5,9,true,200,8050,0.079,221.5,false,50,true
1950,1750,150,4,9,true,200,8050,0.152,119.4,false,100,true
2200,1750,250,2,9,true,450,7800,0.449,-61.1,true,250,true
3550,1950,1350,6,10,true,1600,6450,0.030,308.0,true,1350,true
4250,2150,700,2,11,true,2100,5750,0.449,-257.0,true,700,true
4250,2150,150,4,12,true,2100,5750,0.152,121.0,false,150,true
4450,2150,200,3,12,true,2300,5550,0.270,28.7,true,200,true
4450,2400,100,5,13,true,2050,5550,0.079,222.8,false,100,true
4700,2400,250,3,13,true,2300,5300,0.270,17.9,true,250,true
5150,2600,450,2,14,true,2550,4850,0.449,-148.0,true,450,true
5150,3600,150,4,15,true,1550,4850,0.152,119.9,false,150,true
5350,3600,200,3,15,true,1750,4650,0.270,28.9,true,200,true
5600,3800,250,3,16,true,1800,4400,0.270,12.4,true,250,true
5600,3950,150,4,17,true,1650,4400,0.152,119.6,false,150,true
5950,3950,350,1,17,true,2000,4050,0.662,-207.8,true,350,true
5950,4100,50,5,18,true,1850,4050,0.079,224.2,false,50,true
6100,4100,150,3,18,true,2000,3900,0.270,46.0,true,150,true
6100,4350,100,5,19,true,1750,3900,0.079,218.2,false,100,true
6450,4350,350,2,19,true,2100,3550,0.449,-111.7,true,350,true
6700,4550,250,3,20,true,2150,3300,0.270,15.7,true,250,true
6900,5500,200,3,21,true,1400,3100,0.270,31.4,true,200,true
7450,5500,550,1,22,true,1950,2550,0.662,-341.7,true,550,true
8250,6250,800,6,23,true,2000,1750,0.030,338.4,true,800,true
9250,8350,1000,3,24,true,900,750,0.270,-195.9,true,1000,true
9650,8650,400,2,25,true,1000,350,0.449,-126.5,true,400,true
9650,9000,1000,3,26,true,650,350,0.270,-188.4,true,-1000,true
9900,9100,250,3,27,true,800,100,0.270,20.2,true,250,true
10000,9250,100,5,28,true,750,0,0.079,224.2,true,100,true
0,0,150,4,1,false,0,10000,0.152,126.4,false,150,false
0,0,250,3,1,false,0,10000,0.270,12.7,false,100,false
0,0,400,1,1,false,0,10000,0.662,-237.6,false,150,false
0,0,400,1,1,false,0,10000,0.662,-244.9,false,-400,false
0,0,150,4,2,false,0,10000,0.152,118.3,false,150,false
0,0,250,3,2,false,0,10000,0.270,14.2,false,100,false
0,0,300,2,2,false,0,10000,0.449,-83.9,false,50,false
0,0,350,1,2,false,0,10000,0.662,-205.0,false,50,false
0,0,350,1,2,false,0,10000,0.662,-206.8,false,-350,false
0,0,300,2,3,false,0,10000,0.449,-78.9,false,300,false
0,0,400,1,3,false,0,10000,0.662,-242.4,false,100,false
0,0,400,1,3,false,0,10000,0.662,-239.0,false,-400,false
0,500,500,1,4,false,-500,10000,0.662,-303.6,false,500,false
0,500,550,6,4,false,-500,10000,0.030,351.2,false,50,false
0,500,1350,1,4,true,-500,10000,0.662,-880.7,true,1350,false
650,1000,650,2,5,true,-350,9350,0.449,-228.0,true,650,false
900,1200,250,2,6,true,-300,9100,0.449,-63.2,true,250,false
1500,1550,600,2,7,true,-50,8500,0.449,-218.9,true,600,false
1750,1950,250,3,8,true,-200,8250,0.270,20.8,true,250,false
1750,2200,150,4,9,true,-450,8250,0.152,118.8,false,150,false
1950,2200,200,3,9,true,-250,8050,0.270,30.6,true,200,false
2150,3550,200,4,10,true,-1400,7850,0.152,112.2,true,200,false
2150,4250,100,5,11,true,-2100,7850,0.079,217.3,false,100,false
2150,4250,100,5,11,true,-2100,7850,0.079,221.3,false,-100,false
2150,4450,50,5,12,true,-2300,7850,0.079,222.5,false,50,false
2400,4450,250,3,12,true,-2050,7600,0.270,19.5,true,250,false
2600,4700,200,3,13,true,-2100,7400,0.270,28.6,true,200,false
3600,5150,1000,3,14,true,-1550,6400,0.270,-189.7,true,1000,false
3600,5350,100,5,15,true,-1750,6400,0.079,219.8,false,100,false
3800,5350,200,4,15,true,-1550,6200,0.152,108.7,true,200,false
3950,5600,150,4,16,true,-1650,6050,0.152,118.0,true,150,false
4100,5950,150,4,17,true,-1850,5900,0.152,120.6,true,150,false
4350,6100,250,3,18,true,-1750,5650,0.270,21.9,true,250,false
4550,6450,200,3,19,true,-1900,5450,0.270,32.3,true,200,false
5500,6700,950,6,20,true,-1200,4500,0.030,323.4,true,950,false
5500,6900,0,6,21,true,-1400,4500,0.030,355.9,false,0,false
5500,7450,100,4,22,true,-1950,4500,0.152,124.7,false,100,false
6250,7450,750,6,22,true,-1200,3750,0.030,345.3,true,750,false
8350,8250,2100,6,23,true,100,1650,0.030,294.9,true,2100,false
8650,9250,300,2,24,true,-600,1350,0.449,-80.3,true,300,false
9000,9650,350,2,25,true,-650,1000,0.449,-105.7,true,350,false
9100,9650,100,4,26,true,-550,900,0.152,132.7,true,100,false
9250,9900,150,4,27,true,-650,750,0.152,120.0,true,150,false
0,0,350,1,1,false,0,10000,0.662,-208.9,false,350,true
0,0,350,1,1,false,0,10000,0.662,-212.0,false,-350,true
0,0,250,3,2,false,0,10000,0.270,17.7,false,250,true
0,0,400,1,2,false,0,10000,0.662,-244.2,false,150,true
0,0,400,1,2,false,0,10000,0.662,-241.7,false,-400,true
0,0,300,2,3,false,0,10000,0.449,-84.2,false,300,true
0,0,450,6,3,false,0,10000,0.030,341.2,false,150,true
0,0,650,3,3,false,0,10000,0.270,-91.1,false,200,true
0,0,700,2,3,false,0,10000,0.449,-256.2,false,50,true
0,0,700,2,3,false,0,10000,0.449,-260.4,false,-700,true
0,0,500,3,4,false,0,10000,0.270,-52.3,false,500,true
0,0,550,2,4,false,0,10000,0.449,-198.0,false,50,true
0,0,600,1,4,false,0,10000,0.662,-371.4,false,50,true
0,0,600,1,4,false,0,10000,0.662,-371.1,false,-600,true
0,0,200,4,5,false,0,10000,0.152,116.0,false,200,true
0,0,350,2,5,false,0,10000,0.449,-109.4,false,150,true
0,0,450,1,5,false,0,10000,0.662,-274.1,false,100,true
0,0,450,1,5,false,0,10000,0.662,-277.8,false,-450,true
0,0,200,4,6,false,0,10000,0.152,109.3,false,200,true
0,0,300,3,6,false,0,10000,0.270,1.7,false,100,true
0,0,300,3,6,false,0,10000,0.270,0.5,false,-300,true
0,0,200,3,7,false,0,10000,0.270,26.6,false,200,true
0,0,200,3,7,false,0,10000,0.270,32.9,false,-200,true
0,500,650,2,8,false,-500,10000,0.449,-244.5,false,650,true
0,500,700,1,8,false,-500,10000,0.662,-440.4,false,50,true
0,500,700,1,8,false,-500,10000,0.662,-443.8,false,-700,true
0,900,1050,2,9,true,-900,10000,0.449,-419.2,true,1050,true
500,1050,500,1,10,true,-550,9500,0.662,-309.5,true,500,true
750,1250,250,3,11,true,-500,9250,0.270,11.8,true,250,true
1250,1500,500,1,12,true,-250,8750,0.662,-308.4,true,500,true
1250,1650,150,4,13,true,-400,8750,0.152,125.1,false,150,true
1450,1650,200,3,13,true,-200,8550,0.270,29.4,true,200,true
1450,1900,50,5,14,true,-450,8550,0.079,220.7,false,50,true
1650,1900,200,3,14,true,-250,8350,0.270,31.3,true,200,true
2900,2400,1250,1,15,true,500,7100,0.662,-803.0,true,1250,true
3550,2550,650,2,16,true,1000,6450,0.449,-239.8,true,650,true
3850,2800,300,2,17,true,1050,6150,0.449,-86.1,true,300,true
4250,2950,400,2,18,true,1300,5750,0.449,-131.2,true,400,true
4250,3450,150,4,19,true,800,5750,0.152,119.5,false,150,true
4450,3450,200,3,19,true,1000,5550,0.270,30.2,true,200,true
4450,3650,200,4,20,true,800,5550,0.152,111.4,false,200,true
4700,3650,250,3,20,true,1050,5300,0.270,20.5,true,250,true
5100,3850,400,2,21,true,1250,4900,0.449,-127.8,true,400,true
6150,4350,1050,2,22,true,1800,3850,0.449,-432.0,true,1050,true
6350,4500,200,3,23,true,1850,3650,0.270,29.1,true,200,true
7050,4700,700,1,24,true,2350,2950,0.662,-442.0,true,700,true
7250,4950,200,3,25,true,2300,2750,0.270,30.8,true,200,true
8300,5650,1050,2,26,true,2650,1700,0.449,-416.3,true,1050,true
8750,5800,450,2,27,true,2950,1250,0.449,-145.4,true,450,true
8950,6200,200,3,28,true,2750,1050,0.270,32.8,true,200,true
9650,6450,700,1,29,true,3200,350,0.662,-438.0,true,700,true
9650,6700,400,2,30,true,2950,350,0.449,-125.5,true,-400,true
9850,7300,200,3,31,true,2550,150,0.270,33.3,true,200,true
9850,7550,250,3,32,true,2300,150,0.270,19.5,true,-250,true
9850,7750,250,3,33,true,2100,150,0.270,22.3,true,-250,true
9950,8450,100,4,34,true,1500,50,0.152,122.3,true,100,true
9950,8650,800,1,35,true,1300,50,0.662,-504.2,true,-800,true
9950,9750,400,2,36,true,200,50,0.449,-124.1,true,-400,true
9950,9750,100,4,37,true,200,50,0.152,122.9,true,-100,true
9950,9750,200,4,38,true,200,50,0.152,110.0,true,-200,true
9950,9850,100,4,39,true,100,50,0.152,126.9,true,-100,true
9950,9850,450,2,40,true,100,50,0.449,-152.4,true,-450,true
9950,9900,650,6,41,true,50,50,0.030,330.3,true,-650,true
9950,9900,700,2,42,true,50,50,0.449,-253.4,true,-700,true
10000,9900,50,5,43,true,100,0,0.079,218.4,true,50,true
0,0,400,1,1,false,0,10000,0.662,-244.9,false,400,false
0,0,400,1,1,false,0,10000,0.662,-242.5,false,-400,false
0,0,200,3,2,false,0,10000,0.270,36.6,false,200,false
0,0,200,3,2,false,0,10000,0.270,27.9,false,-200,false
0,0,100,5,3,false,0,10000,0.079,223.4,false,100,false
0,0,200,3,3,false,0,10000,0.270,35.1,false,100,false
0,0,200,3,3,false,0,10000,0.270,33.1,false,-200,false
0,0,200,3,4,false,0,10000,0.270,34.9,false,200,false
0,0,400,1,4,false,0,10000,0.662,-235.5,false,200,false
0,0,500,6,4,false,0,10000,0.030,342.9,false,100,false
0,0,700,4,4,false,0,10000,0.152,35.7,false,200,false
0,0,800,3,4,false,0,10000,0.270,-134.6,false,100,false
0,0,900,2,4,false,0,10000,0.449,-360.3,false,100,false
0,0,900,2,4,false,0,10000,0.449,-349.6,false,-900,false
0,0,150,4,5,false,0,10000,0.152,116.7,false,150,false
0,0,250,3,5,false,0,10000,0.270,12.7,false,100,false
0,0,300,2,5,false,0,10000,0.449,-83.0,false,50,false
0,0,300,2,5,false,0,10000,0.449,-82.6,false,-300,false
0,0,1050,2,6,true,0,10000,0.449,-411.4,true,1050,false
500,0,500,2,7,true,500,9500,0.449,-173.4,true,500,false
900,0,400,1,8,true,900,9100,0.662,-243.9,true,400,false
1050,0,150,4,9,true,1050,8950,0.152,118.8,true,150,false
1250,500,200,4,10,true,750,8750,0.152,111.7,true,200,false
1250,750,50,5,11,true,500,8750,0.079,221.9,false,50,false
1500,750,250,2,11,true,750,8500,0.449,-62.5,true,250,false
1650,1250,150,4,12,true,400,8350,0.152,119.9,true,150,false
1900,1450,250,2,13,true,450,8100,0.449,-56.8,true,250,false
2400,1650,500,2,14,true,750,7600,0.449,-169.8,true,500,false
2550,2900,150,4,15,true,-350,7450,0.152,123.2,true,150,false
2550,3550,150,4,16,true,-1000,7450,0.152,123.5,false,150,false
2800,3550,250,2,16,true,-750,7200,0.449,-63.2,true,250,false
2950,3850,150,4,17,true,-900,7050,0.152,125.7,true,150,false
3450,4250,500,2,18,true,-800,6550,0.449,-170.4,true,500,false
3650,4450,200,3,19,true,-800,6350,0.270,31.6,true,200,false
3650,4700,50,5,20,true,-1050,6350,0.079,225.4,false,50,false
3850,4700,200,3,20,true,-850,6150,0.270,27.9,true,200,false
4350,5100,500,1,21,true,-750,5650,0.662,-310.7,true,500,false
4350,6150,100,4,22,true,-1800,5650,0.152,127.5,false,100,false
4500,6150,150,3,22,true,-1650,5500,0.270,44.7,true,150,false
4700,6350,200,3,23,true,-1650,5300,0.270,32.7,true,200,false
4950,7050,250,3,24,true,-2100,5050,0.270,18.7,true,250,false
5650,7250,700,1,25,true,-1600,4350,0.662,-443.9,true,700,false
5800,8300,150,4,26,true,-2500,4200,0.152,122.2,true,150,false
6200,8750,400,2,27,true,-2550,3800,0.449,-124.3,true,400,false
6450,8950,250,3,28,true,-2500,3550,0.270,16.3,true,250,false
6450,9650,100,5,29,true,-3200,3550,0.079,216.1,false,100,false
6700,9650,250,3,29,true,-2950,3300,0.270,19.5,true,250,false
7300,9650,600,2,30,true,-2350,2700,0.449,-224.0,true,600,false
7550,9850,250,3,31,true,-2300,2450,0.270,18.9,true,250,false
7550,9850,50,5,32,true,-2300,2450,0.079,217.3,false,50,false
7750,9850,200,3,32,true,-2100,2250,0.270,30.9,true,200,false
8450,9850,700,2,33,true,-1400,1550,0.449,-265.4,true,700,false
8650,9950,200,4,34,true,-1300,1350,0.152,111.3,true,200,false
9750,9950,1100,1,35,true,-200,250,0.662,-712.8,true,1100,false
9750,9950,300,2,36,true,-200,250,0.449,-82.7,true,-300,false
9750,9950,500,2,37,true,-200,250,0.449,-171.5,true,-500,false
9850,9950,100,4,38,true,-100,150,0.152,130.6,true,100,false
9850,9950,400,2,39,true,-100,150,0.449,-127.3,true,-400,false
9900,9950,50,5,40,true,-50,100,0.079,221.1,true,50,false
9900,9950,200,3,41,true,-50,100,0.270,30.4,true,-200,false
9900,9950,200,3,42,true,-50,100,0.270,32.6,true,-200,false
0,0,1100,1,1,true,0,10000,0.662,-707.7,true,1100,false
1000,0,1000,3,2,true,1000,9000,0.270,-190.0,true,1000,false
1200,0,200,3,3,true,1200,8800,0.270,31.9,true,200,false
1400,0,200,3,4,true,1400,8600,0.270,30.4,true,200,false
2100,0,700,2,5,true,2100,7900,0.449,-266.7,true,700,false
3200,300,1100,1,6,true,2900,6800,0.662,-701.6,true,1100,false
4250,550,1050,2,7,true,3700,5750,0.449,-423.6,true,1050,false
5050,1150,800,1,8,true,3900,4950,0.662,-503.2,true,800,false
5050,1450,150,4,9,true,3600,4950,0.152,120.4,false,150,false
5300,1450,250,3,9,true,3850,4700,0.270,15.0,true,250,false
5300,1650,50,5,10,true,3650,4700,0.079,227.3,false,50,false
5300,1650,150,4,10,true,3650,4700,0.152,126.6,false,100,false
5600,1650,300,2,10,true,3950,4400,0.449,-89.0,true,300,false
7600,1650,2000,2,11,true,5950,2400,0.449,-828.6,true,2000,false
7600,1900,50,5,12,true,5700,2400,0.079,215.5,false,50,false
7600,1900,150,4,12,true,5700,2400,0.152,118.5,false,100,false
7850,1900,250,3,12,true,5950,2150,0.270,12.7,true,250,false
8500,2150,650,2,13,true,6350,1500,0.449,-242.5,true,650,false
8500,2550,50,5,14,true,5950,1500,0.079,221.5,false,50,false
8500,2550,50,5,14,true,5950,1500,0.079,230.1,false,-50,false
8500,2800,100,4,15,true,5700,1500,0.152,127.5,false,100,false
8500,2800,100,4,15,true,5700,1500,0.152,127.0,false,-100,false
8500,3600,100,4,16,true,4900,1500,0.152,125.6,false,100,false
8800,3600,300,2,16,true,5200,1200,0.449,-83.5,true,300,false
8900,3800,100,4,17,true,5100,1100,0.152,124.0,true,100,false
9050,4300,150,4,18,true,4750,950,0.152,115.6,true,150,false
9650,5350,600,2,19,true,4300,350,0.449,-216.7,true,600,false
9650,5550,750,1,20,true,4100,350,0.662,-474.9,true,-750,false
9850,5750,200,3,21,true,4100,150,0.270,32.3,true,200,false
9850,6450,400,1,22,true,3400,150,0.662,-237.6,true,-400,false
9950,6650,100,5,23,true,3300,50,0.079,216.7,true,100,false
9950,6800,200,3,24,true,3150,50,0.270,34.2,true,-200,false
9950,7100,200,4,25,true,2850,50,0.152,111.1,true,-200,false
9950,7600,800,1,26,true,2350,50,0.662,-515.4,true,-800,false
9950,7850,1000,3,27,true,2100,50,0.270,-182.4,true,-1000,false
9950,8050,250,3,28,true,1900,50,0.270,15.5,true,-250,false
9950,8650,150,4,29,true,1300,50,0.152,118.2,true,-150,false
9950,8900,0,6,30,true,1050,50,0.030,348.4,false,0,false
9950,9000,400,3,31,true,950,50,0.270,-28.8,true,-400,false
9950,9050,200,3,32,true,900,50,0.270,29.9,true,-200,false
9950,9100,500,3,33,true,850,50,0.270,-48.0,true,-500,false
9950,9300,200,4,34,true,650,50,0.152,115.1,true,-200,false
9950,9450,200,3,35,true,500,50,0.270,33.4,true,-200,false
9950,9650,200,4,36,true,300,50,0.152,113.0,true,-200,false
9950,9650,350,2,37,true,300,50,0.449,-108.9,true,-350,false
9950,9650,250,3,38,true,300,50,0.270,15.4,true,-250,false
9950,9650,150,4,39,true,300,50,0.152,119.4,true,-150,false
9950,9800,1000,2,40,true,150,50,0.449,-384.3,true,-1000,false
9950,9950,200,3,41,true,0,50,0.270,29.5,true,-200,false
9950,9950,2050,1,42,true,0,50,0.662,-1333.4,true,-2050,false
9950,9950,200,3,43,true,0,50,0.270,26.6,true,-200,false
9950,9950,200,3,44,true,0,50,0.270,33.0,true,-200,false
0,0,50,5,1,false,0,10000,0.079,216.3,false,50,true
0,0,200,3,1,false,0,10000,0.270,26.8,false,150,true
0,0,300,2,1,false,0,10000,0.449,-80.9,false,100,true
0,0,350,1,1,false,0,10000,0.662,-210.3,false,50,true
0,0,350,1,1,false,0,10000,0.662,-208.0,false,-350,true
0,1000,200,4,2,false,-1000,10000,0.152,117.9,false,200,true
0,1000,400,1,2,false,-1000,10000,0.662,-242.3,false,200,true
0,1000,500,6,2,false,-1000,10000,0.030,340.6,false,100,true
0,1000,700,4,2,false,-1000,10000,0.152,34.0,false,200,true
0,1000,800,2,2,false,-1000,10000,0.449,-298.8,false,100,true
0,1000,800,2,2,false,-1000,10000,0.449,-298.2,false,-800,true
0,1200,150,4,3,false,-1200,10000,0.152,122.2,false,150,true
0,1200,200,3,3,false,-1200,10000,0.270,36.9,false,50,true
0,1200,200,3,3,false,-1200,10000,0.270,26.7,false,-200,true
0,1400,1100,1,4,true,-1400,10000,0.662,-701.2,true,1100,true
0,2100,150,4,5,true,-2100,10000,0.152,118.2,false,150,true
300,2100,300,2,5,true,-1800,9700,0.449,-83.8,true,300,true
550,3200,250,3,6,true,-2650,9450,0.270,18.3,true,250,true
1150,4250,600,1,7,true,-3100,8850,0.662,-365.7,true,600,true
1450,5050,300,1,8,true,-3600,8550,0.662,-174.8,true,300,true
1450,5300,150,4,9,true,-3850,8550,0.152,112.7,false,150,true
1650,5300,200,3,9,true,-3650,8350,0.270,32.6,true,200,true
1650,5600,0,6,10,true,-3950,8350,0.030,366.5,false,0,true
1900,7600,250,3,11,true,-5700,8100,0.270,15.7,true,250,true
2150,7850,250,3,12,true,-5700,7850,0.270,11.9,true,250,true
2550,8500,400,3,13,true,-5950,7450,0.270,-26.1,true,400,true
2800,8500,250,2,14,true,-5700,7200,0.449,-59.8,true,250,true
3600,8500,800,1,15,true,-4900,6400,0.662,-502.5,true,800,true
3600,8800,50,5,16,true,-5200,6400,0.079,216.9,false,50,true
3800,8800,200,3,16,true,-5000,6200,0.270,33.4,true,200,true
3800,8900,100,5,17,true,-5100,6200,0.079,220.1,false,100,true
4300,8900,500,1,17,true,-4600,5700,0.662,-307.9,true,500,true
5350,9050,1050,2,18,true,-3700,4650,0.449,-417.9,true,1050,true
5350,9650,100,5,19,true,-4300,4650,0.079,207.5,false,100,true
5550,9650,200,3,19,true,-4100,4450,0.270,28.2,true,200,true
5750,9650,200,3,20,true,-3900,4250,0.270,29.5,true,200,true
6450,9850,700,1,21,true,-3400,3550,0.662,-434.4,true,700,true
6650,9850,200,3,22,true,-3200,3350,0.270,26.7,true,200,true
6800,9950,150,4,23,true,-3150,3200,0.152,118.1,true,150,true
7100,9950,300,2,24,true,-2850,2900,0.449,-89.4,true,300,true
7600,9950,500,3,25,true,-2350,2400,0.270,-49.8,true,500,true
7850,9950,250,3,26,true,-2100,2150,0.270,16.2,true,250,true
7850,9950,100,5,27,true,-2100,2150,0.079,217.9,false,100,true
8050,9950,200,4,27,true,-1900,1950,0.152,110.0,true,200,true
8650,9950,600,1,28,true,-1300,1350,0.662,-372.0,true,600,true
8900,9950,250,3,29,true,-1050,1100,0.270,19.6,true,250,true
9000,9950,100,5,30,true,-950,1000,0.079,213.2,true,100,true
9050,9950,50,5,31,true,-900,950,0.079,219.8,true,50,true
9100,9950,50,5,32,true,-850,900,0.079,216.7,true,50,true
9300,9950,200,4,33,true,-650,700,0.152,112.4,true,200,true
9450,9950,150,4,34,true,-500,550,0.152,119.3,true,150,true
9650,9950,200,3,35,true,-300,350,0.270,29.1,true,200,true
9650,9950,500,1,36,true,-300,350,0.662,-311.5,true,-500,true
9650,9950,700,2,37,true,-300,350,0.449,-262.4,true,-700,true
9650,9950,700,1,38,true,-300,350,0.662,-444.6,true,-700,true
9800,9950,150,4,39,true,-150,200,0.152,123.3,true,150,true
9950,9950,150,4,40,true,0,50,0.152,121.4,true,150,true
9950,9950,700,2,41,true,0,50,0.449,-266.2,true,-700,true
9950,9950,150,4,42,true,0,50,0.152,121.9,true,-150,true
9950,9950,100,4,43,true,0,50,0.152,129.8,true,-100,true
10000,9950,50,5,44,true,50,0,0.079,229.4,true,50,true
0,0,250,3,1,false,0,10000,0.270,17.2,false,250,true
0,0,400,1,1,false,0,10000,0.662,-239.5,false,150,true
0,0,400,1,1,false,0,10000,0.662,-245.3,false,-400,true
0,0,50,5,2,false,0,10000,0.079,219.9,false,50,true
0,0,100,4,2,false,0,10000,0.152,123.8,false,50,true
0,0,200,3,2,false,0,10000,0.270,33.1,false,100,true
0,0,200,3,2,false,0,10000,0.270,32.5,false,-200,true
0,0,100,5,3,false,0,10000,0.079,219.2,false,100,true
0,0,400,1,3,false,0,10000,0.662,-244.6,false,300,true
0,0,450,6,3,false,0,10000,0.030,346.3,false,50,true
0,0,750,2,3,false,0,10000,0.449,-294.1,false,300,true
0,0,750,2,3,false,0,10000,0.449,-296.0,false,-750,true
0,200,1400,6,4,true,-200,10000,0.030,318.0,true,1400,true
0,200,150,4,5,true,-200,10000,0.152,123.2,false,150,true
350,200,350,1,5,true,150,9650,0.662,-212.2,true,350,true
600,400,250,3,6,true,200,9400,0.270,13.8,true,250,true
1300,400,700,2,7,true,900,8700,0.449,-261.9,true,700,true
1750,400,450,2,8,true,1350,8250,0.449,-151.0,true,450,true
2250,750,500,3,9,true,1500,7750,0.270,-52.4,true,500,true
2500,950,250,3,10,true,1550,7500,0.270,19.0,true,250,true
2700,1250,200,3,11,true,1450,7300,0.270,28.1,true,200,true
3200,1550,500,3,12,true,1650,6800,0.270,-53.3,true,500,true
3200,2150,0,6,13,true,1050,6800,0.030,356.5,false,0,true
3200,2550,50,5,14,true,650,6800,0.079,225.9,false,50,true
3200,2550,100,4,14,true,650,6800,0.152,124.9,false,50,true
3400,2550,200,2,14,true,850,6600,0.449,-39.2,true,200,true
3900,3050,500,2,15,true,850,6100,0.449,-171.3,true,500,true
5400,3400,1500,6,16,true,2000,4600,0.030,317.9,true,1500,true
5600,3900,200,3,17,true,1700,4400,0.270,28.3,true,200,true
5600,4150,150,4,18,true,1450,4400,0.152,119.9,false,150,true
6000,4150,400,1,18,true,1850,4000,0.662,-244.3,true,400,true
6250,4350,250,3,19,true,1900,3750,0.270,22.1,true,250,true
6250,4700,150,4,20,true,1550,3750,0.152,117.4,false,150,true
6500,4700,250,3,20,true,1800,3500,0.270,14.7,true,250,true
6800,4950,300,2,21,true,1850,3200,0.449,-86.2,true,300,true
7000,6450,200,3,22,true,550,3000,0.270,29.9,true,200,true
7000,6750,0,6,23,true,250,3000,0.030,360.6,false,0,true
7400,7450,400,3,24,true,-50,2600,0.270,-25.6,true,400,true
7700,7650,300,2,25,true,50,2300,0.449,-87.5,true,300,true
7700,7900,0,6,26,true,-200,2300,0.030,356.7,false,0,true
8100,7900,400,3,27,true,200,1900,0.270,-23.4,true,400,true
8100,8600,50,5,28,true,-500,1900,0.079,223.1,false,50,true
8300,8600,200,3,28,true,-300,1700,0.270,33.4,true,200,true
8550,8850,250,3,29,true,-300,1450,0.270,21.5,true,250,true
8600,8900,50,5,30,true,-300,1400,0.079,225.4,true,50,true
9100,9400,500,3,31,true,-300,900,0.270,-55.3,true,500,true
9300,9600,200,4,32,true,-300,700,0.152,117.0,true,200,true
9500,9600,200,3,33,true,-100,500,0.270,27.3,true,200,true
9700,9600,200,3,34,true,100,300,0.270,34.7,true,200,true
9750,9800,50,5,35,true,-50,250,0.079,224.3,true,50,true
9950,9800,200,3,36,true,150,50,0.270,34.8,true,200,true
9950,9800,0,6,37,true,150,50,0.030,357.0,false,0,true
9950,9950,300,3,38,true,0,50,0.270,1.2,true,-300,true
9950,9950,200,3,39,true,0,50,0.270,29.6,true,-200,true
9950,9950,450,2,40,true,0,50,0.449,-153.3,true,-450,true
9950,9950,100,5,41,true,0,50,0.079,219.9,true,-100,true
9950,9950,150,4,42,true,0,50,0.152,120.4,true,-150,true
10000,9950,50,5,43,true,50,0,0.079,221.8,true,50,true
0,0,450,2,1,false,0,10000,0.449,-155.4,false,450,false
0,0,450,2,1,false,0,10000,0.449,-146.6,false,-450,false
0,0,300,2,2,false,0,10000,0.449,-77.7,false,300,false
0,0,400,1,2,false,0,10000,0.662,-246.8,false,100,false
0,0,450,6,2,false,0,10000,0.030,347.2,false,50,false
0,0,1050,2,2,true,0,10000,0.449,-426.2,true,1050,false
0,0,100,5,3,true,0,10000,0.079,215.4,false,100,false
200,0,200,4,3,true,200,9800,0.152,112.0,true,200,false
200,0,50,5,4,true,200,9800,0.079,218.7,false,50,false
200,0,100,4,4,true,200,9800,0.152,122.5,false,50,false
200,0,100,4,4,true,200,9800,0.152,131.3,false,-100,false
400,350,200,3,5,true,50,9600,0.270,30.7,true,200,false
400,600,100,4,6,true,-200,9600,0.152,127.5,false,100,false
400,600,100,4,6,true,-200,9600,0.152,126.8,false,-100,false
400,1300,100,4,7,true,-900,9600,0.152,127.2,false,100,false
400,1300,100,4,7,true,-900,9600,0.152,128.0,false,-100,false
400,1750,100,5,8,true,-1350,9600,0.079,218.1,false,100,false
750,1750,350,2,8,true,-1000,9250,0.449,-99.7,true,350,false
950,2250,200,4,9,true,-1300,9050,0.152,112.6,true,200,false
1250,2500,300,2,10,true,-1250,8750,0.449,-87.7,true,300,false
1250,2700,100,5,11,true,-1450,8750,0.079,219.2,false,100,false
1550,2700,300,2,11,true,-1150,8450,0.449,-83.1,true,300,false
1550,3200,100,5,12,true,-1650,8450,0.079,216.9,false,100,false
2150,3200,600,2,12,true,-1050,7850,0.449,-224.8,true,600,false
2550,3200,400,3,13,true,-650,7450,0.270,-28.3,true,400,false
3050,3400,500,3,14,true,-350,6950,0.270,-51.0,true,500,false
3050,3900,100,5,15,true,-850,6950,0.079,222.0,false,100,false
3400,3900,350,1,15,true,-500,6600,0.662,-206.4,true,350,false
3900,5400,500,3,16,true,-1500,6100,0.270,-55.4,true,500,false
4150,5600,250,3,17,true,-1450,5850,0.270,19.1,true,250,false
4150,6000,100,5,18,true,-1850,5850,0.079,221.1,false,100,false
4150,6000,150,4,18,true,-1850,5850,0.152,120.0,false,50,false
4350,6000,200,3,18,true,-1650,5650,0.270,31.3,true,200,false
4350,6250,100,4,19,true,-1900,5650,0.152,131.9,false,100,false
4700,6250,350,1,19,true,-1550,5300,0.662,-207.9,true,350,false
4700,6500,150,4,20,true,-1800,5300,0.152,121.1,false,150,false
4950,6500,250,2,20,true,-1550,5050,0.449,-61.8,true,250,false
6450,6800,1500,6,21,true,-350,3550,0.030,309.4,true,1500,false
6450,7000,150,4,22,true,-550,3550,0.152,119.9,false,150,false
6750,7000,300,2,22,true,-250,3250,0.449,-84.6,true,300,false
7450,7000,700,1,23,true,450,2550,0.662,-445.5,true,700,false
7450,7400,100,4,24,true,50,2550,0.152,130.1,false,100,false
7650,7400,200,2,24,true,250,2350,0.449,-41.0,true,200,false
7900,7700,250,3,25,true,200,2100,0.270,17.5,true,250,false
7900,7700,150,4,26,true,200,2100,0.152,120.7,false,150,false
7900,7700,150,4,26,true,200,2100,0.152,116.2,false,-150,false
7900,8100,100,5,27,true,-200,2100,0.079,214.9,false,100,false
8600,8100,700,1,27,true,500,1400,0.662,-434.1,true,700,false
8850,8300,250,2,28,true,550,1150,0.449,-61.4,true,250,false
8900,8550,50,5,29,true,350,1100,0.079,228.8,true,50,false
9400,8600,500,2,30,true,800,600,0.449,-175.5,true,500,false
9600,9100,200,4,31,true,500,400,0.152,110.5,true,200,false
9600,9300,550,1,32,true,300,400,0.662,-345.7,true,-550,false
9600,9500,500,2,33,true,100,400,0.449,-181.8,true,-500,false
9800,9700,200,4,34,true,100,200,0.152,112.3,true,200,false
9800,9750,2050,1,35,true,50,200,0.662,-1351.2,true,-2050,false
9800,9950,1500,6,36,true,-150,200,0.030,304.5,true,-1500,false
9950,9950,150,4,37,true,0,50,0.152,121.3,true,150,false
9950,9950,400,2,38,true,0,50,0.449,-125.6,true,-400,false
9950,9950,250,3,39,true,0,50,0.270,16.7,true,-250,false
9950,9950,350,1,40,true,0,50,0.662,-207.9,true,-350,false
9950,9950,4000,1,41,true,0,50,0.662,-2651.9,true,-4000,false
9950,9950,1100,6,42,true,0,50,0.030,319.5,true,-1100,false
0,0,0,6,1,false,0,10000,0.030,360.1,false,0,false
0,0,350,2,2,false,0,10000,0.449,-104.4,false,350,false
0,0,450,1,2,false,0,10000,0.662,-275.4,false,100,false
0,0,450,1,2,false,0,10000,0.662,-270.8,false,-450,false
0,0,500,3,3,false,0,10000,0.270,-51.9,false,500,false
0,0,600,2,3,false,0,10000,0.449,-213.3,false,100,false
0,0,600,2,3,false,0,10000,0.449,-211.8,false,-600,false
0,0,250,2,4,false,0,10000,0.449,-63.5,false,250,false
0,0,250,2,4,false,0,10000,0.449,-65.8,false,-250,false
0,200,1000,3,5,true,-200,10000,0.270,-182.6,true,1000,false
250,700,250,3,6,true,-450,9750,0.270,13.8,true,250,false
250,850,100,4,7,true,-600,9750,0.152,127.7,false,100,false
400,850,150,3,7,true,-450,9600,0.270,47.4,true,150,false
750,850,350,2,8,true,-100,9250,0.449,-108.5,true,350,false
750,850,50,5,9,true,-100,9250,0.079,230.0,false,50,false
950,850,200,3,9,true,100,9050,0.270,30.3,true,200,false
1600,1950,650,2,10,true,-350,8400,0.449,-242.9,true,650,false
2000,3000,400,2,11,true,-1000,8000,0.449,-119.2,true,400,false
3000,4350,1000,2,12,true,-1350,7000,0.449,-402.2,true,1000,false
3400,4550,400,3,13,true,-1150,6600,0.270,-27.1,true,400,false
3400,4800,150,4,14,true,-1400,6600,0.152,115.5,false,150,false
3700,4800,300,2,14,true,-1100,6300,0.449,-82.6,true,300,false
3900,4800,200,3,15,true,-900,6100,0.270,31.2,true,200,false
4100,4800,200,3,16,true,-700,5900,0.270,27.8,true,200,false
4100,4950,150,4,17,true,-850,5900,0.152,122.1,false,150,false
4750,4950,650,1,17,true,-200,5250,0.662,-410.9,true,650,false
5150,5150,400,3,18,true,0,4850,0.270,-24.1,true,400,false
5450,5450,300,1,19,true,0,4550,0.662,-177.6,true,300,false
5650,6300,200,3,20,true,-650,4350,0.270,30.2,true,200,false
5900,6750,250,3,21,true,-850,4100,0.270,17.9,true,250,false
5900,7450,100,5,22,true,-1550,4100,0.079,212.4,false,100,false
6250,7450,350,2,22,true,-1200,3750,0.449,-110.8,true,350,false
6250,8150,150,4,23,true,-1900,3750,0.152,122.6,false,150,false
6500,8150,250,2,23,true,-1650,3500,0.449,-62.0,true,250,false
6500,9150,50,5,24,true,-2650,3500,0.079,223.1,false,50,false
6700,9150,200,3,24,true,-2450,3300,0.270,27.7,true,200,false
6700,9600,100,4,25,true,-2900,3300,0.152,132.0,false,100,false
6700,9600,100,4,25,true,-2900,3300,0.152,125.9,false,-100,false
6700,9750,100,4,26,true,-3050,3300,0.152,128.4,false,100,false
7450,9750,750,6,26,true,-2300,2550,0.030,334.8,true,750,false
0,0,100,4,1,false,0,10000,0.152,123.0,false,100,true
0,0,250,2,1,false,0,10000,0.449,-59.2,false,150,true
0,0,300,1,1,false,0,10000,0.662,-175.7,false,50,true
0,0,300,1,1,false,0,10000,0.662,-175.3,false,-300,true
0,0,100,4,2,false,0,10000,0.152,126.6,false,100,true
0,0,150,3,2,false,0,10000,0.270,43.1,false,50,true
0,0,350,1,2,false,0,10000,0.662,-205.9,false,200,true
0,0,350,1,2,false,0,10000,0.662,-210.7,false,-350,true
0,0,650,2,3,false,0,10000,0.449,-227.5,false,650,true
0,0,700,1,3,false,0,10000,0.662,-446.3,false,50,true
0,0,750,6,3,false,0,10000,0.030,340.2,false,50,true
0,0,1250,6,3,true,0,10000,0.030,321.8,true,1250,true
0,0,50,5,4,true,0,10000,0.079,227.3,false,50,true
200,0,200,3,4,true,200,9800,0.270,29.7,true,200,true
700,0,500,2,5,true,700,9300,0.449,-175.7,true,500,true
700,250,100,5,6,true,450,9300,0.079,215.3,false,100,true
850,250,150,4,6,true,600,9150,0.152,118.1,true,150,true
850,400,150,4,7,true,450,9150,0.152,116.7,false,150,true
850,400,150,4,7,true,450,9150,0.152,123.3,false,-150,true
850,750,150,4,8,true,100,9150,0.152,122.7,false,150,true
850,750,150,4,8,true,100,9150,0.152,124.5,false,-150,true
1950,950,1100,1,9,true,1000,8050,0.662,-713.4,true,1100,true
3000,1600,1050,2,10,true,1400,7000,0.449,-423.3,true,1050,true
4350,2000,1350,6,11,true,2350,5650,0.030,312.9,true,1350,true
4350,3000,100,5,12,true,1350,5650,0.079,225.2,false,100,true
4550,3000,200,4,12,true,1550,5450,0.152,108.6,true,200,true
4800,3400,250,3,13,true,1400,5200,0.270,17.6,true,250,true
4800,3700,0,6,14,true,1100,5200,0.030,361.9,false,0,true
4800,3900,50,5,15,true,900,5200,0.079,222.4,false,50,true
4800,3900,50,5,15,true,900,5200,0.079,224.8,false,-50,true
4950,4100,150,4,16,true,850,5050,0.152,120.3,true,150,true
5150,4750,200,3,17,true,400,4850,0.270,30.1,true,200,true
5450,5150,300,2,18,true,300,4550,0.449,-82.4,true,300,true
6300,5450,850,6,19,true,850,3700,0.030,322.2,true,850,true
6750,5650,450,2,20,true,1100,3250,0.449,-148.9,true,450,true
6750,5900,100,5,21,true,850,3250,0.079,223.0,false,100,true
7450,5900,700,1,21,true,1550,2550,0.662,-444.8,true,700,true
7450,6250,100,5,22,true,1200,2550,0.079,216.4,false,100,true
8150,6250,700,2,22,true,1900,1850,0.449,-270.9,true,700,true
9150,6500,1000,3,23,true,2650,850,0.270,-176.4,true,1000,true
9600,6700,450,2,24,true,2900,400,0.449,-148.7,true,450,true
9750,6700,150,4,25,true,3050,250,0.152,121.2,true,150,true
10000,7450,250,3,26,true,2550,0,0.270,12.8,true,250,true
0,0,150,4,1,false,0,10000,0.152,124.4,false,150,false
0,0,150,4,1,false,0,10000,0.152,115.0,false,-150,false
0,0,800,1,2,false,0,10000,0.662,-521.0,false,800,false
0,0,900,6,2,false,0,10000,0.030,335.5,false,100,false
0,0,1150,3,2,true,0,10000,0.270,-233.7,true,1150,false
0,0,200,4,3,true,0,10000,0.152,117.0,false,200,false
0,0,200,4,3,true,0,10000,0.152,112.2,false,-200,false
0,200,100,4,4,true,-200,10000,0.152,129.6,false,100,false
800,200,800,6,4,true,600,9200,0.030,331.0,true,800,false
1850,400,1050,2,5,true,1450,8150,0.449,-413.7,true,1050,false
1850,900,50,5,6,true,950,8150,0.079,223.2,false,50,false
1850,900,150,4,6,true,950,8150,0.152,123.6,false,100,false
2050,900,200,3,6,true,1150,7950,0.270,28.1,true,200,false
2050,1550,150,4,7,true,500,7950,0.152,120.2,false,150,false
2250,1550,200,3,7,true,700,7750,0.270,30.0,true,200,false
2250,1750,150,4,8,true,500,7750,0.152,123.6,false,150,false
2250,1750,150,4,8,true,500,7750,0.152,114.9,false,-150,false
2250,2800,150,4,9,true,-550,7750,0.152,118.2,false,150,false
2450,2800,200,3,9,true,-350,7550,0.270,27.9,true,200,false
3100,3050,650,2,10,true,50,6900,0.449,-238.0,true,650,false
3100,4050,100,4,11,true,-950,6900,0.152,130.4,false,100,false
3350,4050,250,2,11,true,-700,6650,0.449,-62.4,true,250,false
3350,4250,50,5,12,true,-900,6650,0.079,226.7,false,50,false
3600,4250,250,3,12,true,-650,6400,0.270,17.3,true,250,false
4050,4500,450,2,13,true,-450,5950,0.449,-143.8,true,450,false
4350,4650,300,2,14,true,-300,5650,0.449,-84.9,true,300,false
4650,4650,300,2,15,true,0,5350,0.449,-87.5,true,300,false
5350,5000,700,1,16,true,350,4650,0.662,-441.3,true,700,false
5900,5250,550,1,17,true,650,4100,0.662,-337.5,true,550,false
6650,5650,750,1,18,true,1000,3350,0.662,-469.1,true,750,false
6650,6450,200,4,19,true,200,3350,0.152,111.3,false,200,false
6950,6450,300,3,19,true,500,3050,0.270,1.5,true,300,false
6950,6450,50,5,20,true,500,3050,0.079,225.5,false,50,false
7200,6450,250,2,20,true,750,2800,0.449,-60.7,true,250,false
7800,6700,600,3,21,true,1100,2200,0.270,-82.2,true,600,false
7800,6900,150,4,22,true,900,2200,0.152,122.6,false,150,false
8050,6900,250,3,22,true,1150,1950,0.270,18.8,true,250,false
8750,7500,700,2,23,true,1250,1250,0.449,-254.5,true,700,false
9750,7800,1000,3,24,true,1950,250,0.270,-184.2,true,1000,false
9750,8000,500,2,25,true,1750,250,0.449,-166.1,true,-500,false
9750,8150,500,3,26,true,1600,250,0.270,-56.5,true,-500,false
9900,8400,150,4,27,true,1500,100,0.152,121.8,true,150,false
9900,9100,300,2,28,true,800,100,0.449,-80.9,true,-300,false
9900,9200,600,1,29,true,700,100,0.662,-380.8,true,-600,false
9900,9400,150,4,30,true,500,100,0.152,120.9,true,-150,false
9900,9750,2050,1,31,true,150,100,0.662,-1349.8,true,-2050,false
9900,9750,1000,3,32,true,150,100,0.270,-187.8,true,-1000,false
9900,9950,300,2,33,true,-50,100,0.449,-78.8,true,-300,false
0,0,100,4,1,false,0,10000,0.152,128.2,false,100,true
0,0,200,3,1,false,0,10000,0.270,31.5,false,100,true
0,0,200,3,1,false,0,10000,0.270,34.4,false,-200,true
0,0,1500,6,2,true,0,10000,0.030,319.3,true,1500,true
200,0,200,3,3,true,200,9800,0.270,30.5,true,200,true
400,800,200,4,4,true,-400,9600,0.152,108.6,true,200,true
400,1850,400,6,5,true,-1450,9600,0.030,346.6,false,400,true
900,1850,500,5,5,true,-950,9100,0.079,186.2,true,500,true
900,2050,150,4,6,true,-1150,9100,0.152,121.1,false,150,true
1550,2050,650,1,6,true,-500,8450,0.662,-407.0,true,650,true
1550,2250,150,4,7,true,-700,8450,0.152,120.1,false,150,true
1750,2250,200,3,7,true,-500,8250,0.270,30.8,true,200,true
2800,2250,1050,2,8,true,550,7200,0.449,-419.9,true,1050,true
3050,2450,250,3,9,true,600,6950,0.270,15.6,true,250,true
4050,3100,1000,3,10,true,950,5950,0.270,-180.1,true,1000,true
4250,3350,200,3,11,true,900,5750,0.270,33.5,true,200,true
4250,3600,150,4,12,true,650,5750,0.152,121.7,false,150,true
4500,3600,250,3,12,true,900,5500,0.270,23.0,true,250,true
4650,4050,150,4,13,true,600,5350,0.152,116.8,true,150,true
4650,4350,0,6,14,true,300,5350,0.030,367.3,false,0,true
5000,4650,350,2,15,true,350,5000,0.449,-103.5,true,350,true
5000,5350,50,5,16,true,-350,5000,0.079,225.5,false,50,true
5000,5350,100,4,16,true,-350,5000,0.152,134.2,false,50,true
5250,5350,250,2,16,true,-100,4750,0.449,-58.5,true,250,true
5650,5900,400,1,17,true,-250,4350,0.662,-242.0,true,400,true
5650,6650,50,5,18,true,-1000,4350,0.079,223.5,false,50,true
6450,6650,800,6,18,true,-200,3550,0.030,329.7,true,800,true
6450,6950,0,6,19,true,-500,3550,0.030,364.3,false,0,true
6700,7200,250,3,20,true,-500,3300,0.270,18.3,true,250,true
6700,7800,150,4,21,true,-1100,3300,0.152,122.5,false,150,true
6900,7800,200,3,21,true,-900,3100,0.270,34.4,true,200,true
6900,8050,100,5,22,true,-1150,3100,0.079,221.6,false,100,true
7500,8050,600,6,22,true,-550,2500,0.030,343.1,true,600,true
7800,8750,300,2,23,true,-950,2200,0.449,-81.9,true,300,true
8000,9750,200,3,24,true,-1750,2000,0.270,30.6,true,200,true
8000,9750,50,5,25,true,-1750,2000,0.079,222.0,false,50,true
8150,9750,150,4,25,true,-1600,1850,0.152,116.5,true,150,true
8150,9750,100,4,26,true,-1600,1850,0.152,122.5,false,100,true
8400,9750,250,2,26,true,-1350,1600,0.449,-59.6,true,250,true
9100,9900,700,2,27,true,-800,900,0.449,-256.0,true,700,true
9200,9900,100,4,28,true,-700,800,0.152,121.4,true,100,true
9400,9900,200,3,29,true,-500,600,0.270,28.9,true,200,true
9750,9900,350,2,30,true,-150,250,0.449,-100.8,true,350,true
9750,9900,500,1,31,true,-150,250,0.662,-308.5,true,-500,true
9950,9900,200,3,32,true,50,50,0.270,31.1,true,200,true
10000,9900,50,5,33,true,100,0,0.079,226.6,true,50,true
0,0,350,2,1,false,0,10000,0.449,-107.7,false,350,false
0,0,450,1,1,false,0,10000,0.662,-273.1,false,100,false
0,0,450,1,1,false,0,10000,0.662,-277.5,false,-450,false
0,0,250,3,2,false,0,10000,0.270,17.8,false,250,false
0,0,350,2,2,false,0,10000,0.449,-101.9,false,100,false
0,0,450,1,2,false,0,10000,0.662,-279.9,false,100,false
0,0,450,1,2,false,0,10000,0.662,-272.8,false,-450,false
0,0,0,6,3,false,0,10000,0.030,364.9,false,0,false
0,0,300,2,4,false,0,10000,0.449,-85.2,false,300,false
0,0,300,2,4,false,0,10000,0.449,-85.3,false,-300,false
0,250,400,1,5,false,-250,10000,0.662,-239.7,false,400,false
0,250,400,1,5,false,-250,10000,0.662,-240.7,false,-400,false
0,550,100,4,6,false,-550,10000,0.152,126.5,false,100,false
0,550,250,2,6,false,-550,10000,0.449,-60.9,false,150,false
0,550,300,1,6,false,-550,10000,0.662,-172.0,false,50,false
0,550,300,1,6,false,-550,10000,0.662,-174.3,false,-300,false
0,750,50,5,7,false,-750,10000,0.079,224.9,false,50,false
0,750,550,1,7,false,-750,10000,0.662,-341.0,false,500,false
0,750,550,1,7,false,-750,10000,0.662,-342.1,false,-550,false
0,750,250,3,8,false,-750,10000,0.270,13.6,false,250,false
0,750,300,2,8,false,-750,10000,0.449,-86.2,false,50,false
0,750,400,1,8,false,-750,10000,0.662,-234.5,false,100,false
0,750,400,1,8,false,-750,10000,0.662,-239.2,false,-400,false
0,1450,200,3,9,false,-1450,10000,0.270,28.3,false,200,false
0,1450,350,1,9,false,-1450,10000,0.662,-208.6,false,150,false
0,1450,350,1,9,false,-1450,10000,0.662,-209.5,false,-350,false
0,3050,250,3,10,false,-3050,10000,0.270,18.3,false,250,false
0,3050,350,2,10,false,-3050,10000,0.449,-104.2,false,100,false
0,3050,450,1,10,false,-3050,10000,0.662,-275.2,false,100,false
0,3050,500,6,10,false,-3050,10000,0.030,340.5,false,50,false
0,3050,750,3,10,false,-3050,10000,0.270,-116.5,false,250,false
0,3050,800,2,10,false,-3050,10000,0.449,-296.6,false,50,false
0,3050,800,2,10,false,-3050,10000,0.449,-306.2,false,-800,false
0,3300,500,6,11,false,-3300,10000,0.030,334.4,false,500,false
0,3300,1250,6,11,true,-3300,10000,0.030,319.5,true,1250,false
0,4350,150,4,12,true,-4350,10000,0.152,119.0,false,150,false
250,4350,250,2,12,true,-4100,9750,0.449,-63.8,true,250,false
2250,4550,2000,1,13,true,-2300,7750,0.662,-1317.1,true,2000,false
2550,4750,300,2,14,true,-2200,7450,0.449,-80.9,true,300,false
2550,5150,100,4,15,true,-2600,7450,0.152,120.1,false,100,false
2750,5150,200,3,15,true,-2400,7250,0.270,31.4,true,200,false
3000,5350,250,3,16,true,-2350,7000,0.270,15.7,true,250,false
3000,6400,150,4,17,true,-3400,7000,0.152,122.7,false,150,false
3250,6400,250,3,17,true,-3150,6750,0.270,18.9,true,250,false
3500,6650,250,2,18,true,-3150,6500,0.449,-56.7,true,250,false
3950,7150,450,2,19,true,-3200,6050,0.449,-150.9,true,450,false
3950,7400,150,4,20,true,-3450,6050,0.152,120.2,false,150,false
4200,7400,250,3,20,true,-3200,5800,0.270,18.9,true,250,false
4450,7600,250,2,21,true,-3150,5550,0.449,-60.6,true,250,false
4750,8150,300,2,22,true,-3400,5250,0.449,-83.1,true,300,false
4750,8750,150,4,23,true,-4000,5250,0.152,118.0,false,150,false
4750,8750,150,4,23,true,-4000,5250,0.152,122.5,false,-150,false
5150,8850,400,2,24,true,-3700,4850,0.449,-123.3,true,400,false
5150,9550,50,5,25,true,-4400,4850,0.079,225.3,false,50,false
5400,9550,250,2,25,true,-4150,4600,0.449,-63.8,true,250,false
5400,9550,100,5,26,true,-4150,4600,0.079,216.0,false,100,false
6150,9550,750,1,26,true,-3400,3850,0.662,-478.8,true,750,false
7200,9900,1050,2,27,true,-2700,2800,0.449,-402.0,true,1050,false
7950,9900,750,1,28,true,-1950,2050,0.662,-473.3,true,750,false
8150,9900,200,3,29,true,-1750,1850,0.270,36.3,true,200,false
8450,9900,300,2,30,true,-1450,1550,0.449,-87.8,true,300,false
8450,9900,150,4,31,true,-1450,1550,0.152,119.1,false,150,false
8650,9900,200,3,31,true,-1250,1350,0.270,32.1,true,200,false
8750,9900,100,4,32,true,-1150,1250,0.152,128.0,true,100,false
0,0,300,2,1,false,0,10000,0.449,-85.4,false,300,true
0,0,400,1,1,false,0,10000,0.662,-246.8,false,100,true
0,0,450,6,1,false,0,10000,0.030,340.3,false,50,true
0,0,550,4,1,false,0,10000,0.152,54.1,false,100,true
0,0,750,1,1,false,0,10000,0.662,-480.8,false,200,true
0,0,750,1,1,false,0,10000,0.662,-476.5,false,-750,true
0,0,600,2,2,false,0,10000,0.449,-215.9,false,600,true
0,0,700,1,2,false,0,10000,0.662,-442.8,false,100,true
0,0,700,1,2,false,0,10000,0.662,-442.4,false,-700,true
0,0,200,3,3,false,0,10000,0.270,31.1,false,200,true
0,0,300,2,3,false,0,10000,0.449,-80.1,false,100,true
0,0,350,1,3,false,0,10000,0.662,-211.4,false,50,true
0,0,400,6,3,false,0,10000,0.030,355.6,false,50,true
0,0,550,4,3,false,0,10000,0.152,58.6,false,150,true
0,0,750,2,3,false,0,10000,0.449,-289.7,false,200,true
0,0,800,1,3,false,0,10000,0.662,-494.2,false,50,true
0,0,900,6,3,false,0,10000,0.030,331.5,false,100,true
0,0,1050,4,3,true,0,10000,0.152,-21.6,true,1050,true
250,0,250,3,4,true,250,9750,0.270,16.2,true,250,true
250,0,100,5,5,true,250,9750,0.079,219.3,false,100,true
550,0,300,2,5,true,550,9450,0.449,-82.2,true,300,true
750,0,200,4,6,true,750,9250,0.152,110.5,true,200,true
750,0,150,4,7,true,750,9250,0.152,121.9,false,150,true
750,0,150,4,7,true,750,9250,0.152,115.6,false,-150,true
1450,0,700,1,8,true,1450,8550,0.662,-432.0,true,700,true
3050,0,1600,6,9,true,3050,6950,0.030,308.2,true,1600,true
3050,0,150,4,10,true,3050,6950,0.152,121.0,false,150,true
3300,0,250,3,10,true,3300,6700,0.270,15.8,true,250,true
4350,0,1050,2,11,true,4350,5650,0.449,-414.0,true,1050,true
4350,250,100,5,12,true,4100,5650,0.079,220.1,false,100,true
4550,250,200,4,12,true,4300,5450,0.152,109.2,true,200,true
4750,2250,200,3,13,true,2500,5250,0.270,34.3,true,200,true
5150,2550,400,3,14,true,2600,4850,0.270,-26.2,true,400,true
5150,2750,150,4,15,true,2400,4850,0.152,120.8,false,150,true
5350,2750,200,3,15,true,2600,4650,0.270,30.5,true,200,true
6400,3000,1050,2,16,true,3400,3600,0.449,-412.7,true,1050,true
6650,3250,250,3,17,true,3400,3350,0.270,12.3,true,250,true
7150,3500,500,1,18,true,3650,2850,0.662,-310.1,true,500,true
7150,3950,100,5,19,true,3200,2850,0.079,220.7,false,100,true
7400,3950,250,3,19,true,3450,2600,0.270,15.8,true,250,true
7600,4200,200,3,20,true,3400,2400,0.270,27.7,true,200,true
7600,4450,150,4,21,true,3150,2400,0.152,124.9,false,150,true
8150,4450,550,1,21,true,3700,1850,0.662,-339.9,true,550,true
8750,4750,600,2,22,true,4000,1250,0.449,-220.3,true,600,true
8850,4750,100,4,23,true,4100,1150,0.152,126.5,true,100,true
9550,5150,700,1,24,true,4400,450,0.662,-442.7,true,700,true
9550,5400,600,2,25,true,4150,450,0.449,-211.3,true,-600,true
9900,6150,350,1,26,true,3750,100,0.662,-206.4,true,350,true
9900,7200,150,4,27,true,2700,100,0.152,123.9,true,-150,true
9900,7950,600,2,28,true,1950,100,0.449,-218.7,true,-600,true
9900,8150,200,4,29,true,1750,100,0.152,116.2,true,-200,true
9900,8450,650,2,30,true,1450,100,0.449,-235.7,true,-650,true
9900,8650,250,3,31,true,1250,100,0.270,20.4,true,-250,true
10000,8750,100,5,32,true,1250,0,0.079,218.9,true,100,true
0,0,1000,3,1,true,0,10000,0.270,-192.2,true,1000,false
300,0,300,3,2,true,300,9700,0.270,0.3,true,300,false
900,0,600,2,3,true,900,9100,0.449,-222.7,true,600,false
1150,0,250,3,4,true,1150,8850,0.270,12.1,true,250,false
2150,0,1000,2,5,true,2150,7850,0.449,-396.8,true,1000,false
2150,0,0,6,6,true,2150,7850,0.030,347.3,false,0,false
2350,0,200,3,7,true,2350,7650,0.270,27.6,true,200,false
3350,300,1000,3,8,true,3050,6650,0.270,-191.1,true,1000,false
3350,800,150,4,9,true,2550,6650,0.152,120.8,false,150,false
3600,800,250,3,9,true,2800,6400,0.270,21.6,true,250,false
3600,1250,200,4,10,true,2350,6400,0.152,113.8,false,200,false
4300,1250,700,1,10,true,3050,5700,0.662,-451.7,true,700,false
4300,1550,150,4,11,true,2750,5700,0.152,121.6,false,150,false
5050,1550,750,1,11,true,3500,4950,0.662,-472.8,true,750,false
5050,1750,100,4,12,true,3300,4950,0.152,125.8,false,100,false
5350,1750,300,2,12,true,3600,4650,0.449,-82.5,true,300,false
5550,1950,200,3,13,true,3600,4450,0.270,32.6,true,200,false
6000,2200,450,1,14,true,3800,4000,0.662,-275.1,true,450,false
6950,2400,950,6,15,true,4550,3050,0.030,331.3,true,950,false
7350,2900,400,2,16,true,4450,2650,0.449,-129.2,true,400,false
7350,3600,100,4,17,true,3750,2650,0.152,125.1,false,100,false
7500,3600,150,3,17,true,3900,2500,0.270,47.2,true,150,false
7500,4200,100,5,18,true,3300,2500,0.079,219.1,false,100,false
7850,4200,350,2,18,true,3650,2150,0.449,-106.1,true,350,false
7850,4350,150,4,19,true,3500,2150,0.152,120.5,false,150,false
8150,4350,300,2,19,true,3800,1850,0.449,-85.7,true,300,false
8150,4550,100,4,20,true,3600,1850,0.152,128.7,false,100,false
8850,4550,700,1,20,true,4300,1150,0.662,-435.5,true,700,false
9000,5600,150,4,21,true,3400,1000,0.152,121.7,true,150,false
9450,6200,450,2,22,true,3250,550,0.449,-144.4,true,450,false
9600,6600,150,4,23,true,3000,400,0.152,120.1,true,150,false
9750,6600,150,4,24,true,3150,250,0.152,119.5,true,150,false
9850,6800,100,4,25,true,3050,150,0.152,130.1,true,100,false
9850,8000,200,4,26,true,1850,150,0.152,115.0,true,-200,false
9850,8650,300,3,27,true,1200,150,0.270,5.2,true,-300,false
9950,8850,100,5,28,true,1100,50,0.079,220.3,true,100,false
9950,8950,250,2,29,true,1000,50,0.449,-64.4,true,-250,false
9950,9550,300,2,30,true,400,50,0.449,-82.0,true,-300,false
9950,9950,100,4,31,true,0,50,0.152,128.0,true,-100,false
9950,9950,200,3,32,true,0,50,0.270,32.4,true,-200,false
9950,9950,700,1,33,true,0,50,0.662,-442.1,true,-700,false
9950,9950,0,6,34,true,0,50,0.030,352.5,false,0,false
9950,9950,550,1,35,true,0,50,0.662,-345.2,true,-550,false
9950,9950,200,3,36,true,0,50,0.270,32.0,true,-200,false
9950,9950,500,3,37,true,0,50,0.270,-56.8,true,-500,false
9950,9950,100,4,38,true,0,50,0.152,124.0,true,-100,false
9950,9950,250,3,39,true,0,50,0.270,13.9,true,-250,false
9950,9950,100,4,40,true,0,50,0.152,123.4,true,-100,false
9950,9950,200,3,41,true,0,50,0.270,28.9,true,-200,false
9950,9950,150,4,42,true,0,50,0.152,119.2,true,-150,false
9950,9950,600,3,43,true,0,50,0.270,-83.1,true,-600,false
9950,9950,300,2,44,true,0,50,0.449,-79.5,true,-300,false
9950,9950,150,4,45,true,0,50,0.152,118.4,true,-150,false
9950,9950,450,2,46,true,0,50,0.449,-150.4,true,-450,false
9950,9950,450,1,47,true,0,50,0.662,-271.5,true,-450,false
9950,9950,450,1,48,true,0,50,0.662,-277.1,true,-450,false
9950,9950,1050,2,49,true,0,50,0.449,-410.6,true,-1050,false
9950,9950,300,2,50,true,0,50,0.449,-84.9,true,-300,false
9950,9950,200,3,51,true,0,50,0.270,36.1,true,-200,false
9950,9950,300,2,52,true,0,50,0.449,-85.3,true,-300,false
9950,9950,100,5,53,true,0,50,0.079,216.5,true,-100,false
9950,9950,250,3,54,true,0,50,0.270,15.9,true,-250,false
9950,9950,250,3,55,true,0,50,0.270,17.6,true,-250,false
9950,9950,100,4,56,true,0,50,0.152,127.8,true,-100,false
0,0,200,3,1,false,0,10000,0.270,32.4,false,200,true
0,0,400,6,1,false,0,10000,0.030,347.1,false,200,true
0,0,450,5,1,false,0,10000,0.079,196.0,false,50,true
0,0,650,3,1,false,0,10000,0.270,-89.0,false,200,true
0,0,800,1,1,false,0,10000,0.662,-518.1,false,150,true
0,0,800,1,1,false,0,10000,0.662,-506.9,false,-800,true
0,300,250,3,2,false,-300,10000,0.270,20.8,false,250,true
0,300,250,3,2,false,-300,10000,0.270,17.1,false,-250,true
0,900,50,5,3,false,-900,10000,0.079,223.2,false,50,true
0,900,650,1,3,false,-900,10000,0.662,-403.7,false,600,true
0,900,650,1,3,false,-900,10000,0.662,-405.1,false,-650,true
0,1150,0,6,4,false,-1150,10000,0.030,361.8,false,0,true
0,2150,50,5,5,false,-2150,10000,0.079,224.4,false,50,true
0,2150,50,5,5,false,-2150,10000,0.079,221.8,false,-50,true
0,2150,300,3,6,false,-2150,10000,0.270,4.8,false,300,true
0,2150,350,2,6,false,-2150,10000,0.449,-107.8,false,50,true
0,2150,450,1,6,false,-2150,10000,0.662,-270.6,false,100,true
0,2150,550,6,6,false,-2150,10000,0.030,335.3,false,100,true
0,2150,1050,1,6,true,-2150,10000,0.662,-673.4,true,1050,true
0,2350,100,5,7,true,-2350,10000,0.079,217.7,false,100,true
300,2350,300,2,7,true,-2050,9700,0.449,-81.8,true,300,true
800,3350,500,3,8,true,-2550,9200,0.270,-46.3,true,500,true
1250,3600,450,1,9,true,-2350,8750,0.662,-271.0,true,450,true
1250,4300,150,4,10,true,-3050,8750,0.152,122.8,false,150,true
1550,4300,300,2,10,true,-2750,8450,0.449,-82.6,true,300,true
1750,5050,200,4,11,true,-3300,8250,0.152,108.5,true,200,true
1750,5350,50,5,12,true,-3600,8250,0.079,226.7,false,50,true
1750,5350,150,4,12,true,-3600,8250,0.152,115.8,false,100,true
1950,5350,200,3,12,true,-3400,8050,0.270,28.2,true,200,true
1950,5550,50,5,13,true,-3600,8050,0.079,217.9,false,50,true
1950,5550,100,4,13,true,-3600,8050,0.152,131.9,false,50,true
2200,5550,250,2,13,true,-3350,7800,0.449,-60.6,true,250,true
2400,6000,200,4,14,true,-3600,7600,0.152,112.4,true,200,true
2900,6950,500,1,15,true,-4050,7100,0.662,-310.4,true,500,true
3600,7350,700,2,16,true,-3750,6400,0.449,-259.7,true,700,true
4200,7500,600,2,17,true,-3300,5800,0.449,-215.1,true,600,true
4350,7850,150,4,18,true,-3500,5650,0.152,116.1,true,150,true
4550,8150,200,4,19,true,-3600,5450,0.152,111.8,true,200,true
5600,8850,1050,2,20,true,-3250,4400,0.449,-421.9,true,1050,true
6200,9000,600,3,21,true,-2800,3800,0.270,-80.0,true,600,true
6600,9450,400,2,22,true,-2850,3400,0.449,-134.3,true,400,true
6600,9600,100,4,23,true,-3000,3400,0.152,133.0,false,100,true
6600,9600,100,4,23,true,-3000,3400,0.152,124.0,false,-100,true
6600,9750,100,4,24,true,-3150,3400,0.152,129.5,false,100,true
6800,9750,200,3,24,true,-2950,3200,0.270,27.8,true,200,true
8000,9850,1200,2,25,true,-1850,2000,0.449,-479.5,true,1200,true
8650,9850,650,2,26,true,-1200,1350,0.449,-235.4,true,650,true
8850,9850,200,3,27,true,-1000,1150,0.270,35.6,true,200,true
8950,9950,100,5,28,true,-1000,1050,0.079,217.9,true,100,true
9550,9950,600,2,29,true,-400,450,0.449,-221.7,true,600,true
9950,9950,400,3,30,true,0,50,0.270,-25.4,true,400,true
9950,9950,200,3,31,true,0,50,0.270,28.2,true,-200,true
9950,9950,1300,1,32,true,0,50,0.662,-825.3,true,-1300,true
9950,9950,0,6,33,true,0,50,0.030,348.2,false,0,true
9950,9950,600,2,34,true,0,50,0.449,-219.0,true,-600,true
9950,9950,100,5,35,true,0,50,0.079,210.8,true,-100,true
9950,9950,500,2,36,true,0,50,0.449,-181.4,true,-500,true
9950,9950,200,4,37,true,0,50,0.152,118.8,true,-200,true
9950,9950,100,5,38,true,0,50,0.079,214.6,true,-100,true
9950,9950,400,6,39,true,0,50,0.030,339.0,true,-400,true
9950,9950,200,3,40,true,0,50,0.270,32.8,true,-200,true
9950,9950,2050,1,41,true,0,50,0.662,-1322.0,true,-2050,true
9950,9950,200,4,42,true,0,50,0.152,111.9,true,-200,true
9950,9950,800,6,43,true,0,50,0.030,334.5,true,-800,true
9950,9950,100,5,44,true,0,50,0.079,223.1,true,-100,true
9950,9950,250,3,45,true,0,50,0.270,18.2,true,-250,true
9950,9950,800,2,46,true,0,50,0.449,-317.4,true,-800,true
9950,9950,900,6,47,true,0,50,0.030,331.3,true,-900,true
9950,9950,550,1,48,true,0,50,0.662,-347.1,true,-550,true
9950,9950,200,3,49,true,0,50,0.270,26.4,true,-200,true
9950,9950,100,4,50,true,0,50,0.152,128.9,true,-100,true
9950,9950,200,4,51,true,0,50,0.152,112.8,true,-200,true
9950,9950,0,6,52,true,0,50,0.030,366.3,false,0,true
9950,9950,500,3,53,true,0,50,0.270,-52.9,true,-500,true
9950,9950,450,2,54,true,0,50,0.449,-149.9,true,-450,true
9950,9950,200,3,55,true,0,50,0.270,31.6,true,-200,true
10000,9950,50,5,56,true,50,0,0.079,213.8,true,50,true
0,0,150,4,1,false,0,10000,0.152,121.2,false,150,false
0,0,250,3,1,false,0,10000,0.270,14.1,false,100,false
0,0,750,6,1,false,0,10000,0.030,336.2,false,500,false
0,0,1350,2,1,true,0,10000,0.449,-519.8,true,1350,false
650,0,650,2,2,true,650,9350,0.449,-240.0,true,650,false
900,0,250,3,3,true,900,9100,0.270,17.0,true,250,false
900,200,150,4,4,true,700,9100,0.152,118.7,false,150,false
1250,200,350,2,4,true,1050,8750,0.449,-104.0,true,350,false
1250,400,100,4,5,true,850,8750,0.152,127.2,false,100,false
1500,400,250,2,5,true,1100,8500,0.449,-63.2,true,250,false
2050,650,550,1,6,true,1400,7950,0.662,-339.6,true,550,false
2250,850,200,3,7,true,1400,7750,0.270,34.1,true,200,false
3250,1100,1000,3,8,true,2150,6750,0.270,-186.0,true,1000,false
4550,1300,1300,1,9,true,3250,5450,0.662,-839.9,true,1300,false
4550,1800,100,4,10,true,2750,5450,0.152,124.6,false,100,false
4550,1800,100,4,10,true,2750,5450,0.152,126.0,false,-100,false
4550,2000,0,6,11,true,2550,5450,0.030,355.3,false,0,false
4550,2200,150,4,12,true,2350,5450,0.152,121.7,false,150,false
4800,2200,250,2,12,true,2600,5200,0.449,-57.2,true,250,false
5050,2550,250,3,13,true,2500,4950,0.270,16.6,true,250,false
5050,3600,150,4,14,true,1450,4950,0.152,121.2,false,150,false
5350,3600,300,2,14,true,1750,4650,0.449,-79.7,true,300,false
5350,3600,150,4,15,true,1750,4650,0.152,124.6,false,150,false
5650,3600,300,2,15,true,2050,4350,0.449,-84.8,true,300,false
6200,3600,550,6,16,true,2600,3800,0.030,341.8,true,550,false
6200,3850,50,5,17,true,2350,3800,0.079,224.2,false,50,false
6200,3850,50,5,17,true,2350,3800,0.079,224.9,false,-50,false
6400,4050,200,3,18,true,2350,3600,0.270,33.4,true,200,false
6400,5250,100,4,19,true,1150,3600,0.152,125.3,false,100,false
6650,5250,250,2,19,true,1400,3350,0.449,-59.7,true,250,false
7000,5550,350,2,20,true,1450,3000,0.449,-100.3,true,350,false
7000,6600,0,6,21,true,400,3000,0.030,351.2,false,0,false
7200,6950,200,3,22,true,250,2800,0.270,32.3,true,200,false
7400,7100,200,3,23,true,300,2600,0.270,32.6,true,200,false
7700,7250,300,2,24,true,450,2300,0.449,-84.2,true,300,false
8300,7550,600,3,25,true,750,1700,0.270,-87.7,true,600,false
8550,8050,250,2,26,true,500,1450,0.449,-62.5,true,250,false
8900,8700,350,1,27,true,200,1100,0.662,-207.4,true,350,false
9150,9200,250,2,28,true,-50,850,0.449,-58.0,true,250,false
9600,9450,450,1,29,true,150,400,0.662,-277.2,true,450,false
9600,9650,2000,2,30,true,-50,400,0.449,-835.9,true,-2000,false
9600,9700,800,2,31,true,-100,400,0.449,-306.7,true,-800,false
9900,9900,300,2,32,true,0,100,0.449,-77.1,true,300,false
9900,9900,700,2,33,true,0,100,0.449,-266.5,true,-700,false
0,0,100,5,1,false,0,10000,0.079,209.5,false,100,true
0,0,400,2,1,false,0,10000,0.449,-130.7,false,300,true
0,0,400,2,1,false,0,10000,0.449,-121.0,false,-400,true
0,650,200,3,2,false,-650,10000,0.270,31.3,false,200,true
0,650,300,2,2,false,-650,10000,0.449,-81.9,false,100,true
0,650,400,1,2,false,-650,10000,0.662,-241.4,false,100,true
0,650,450,6,2,false,-650,10000,0.030,348.3,false,50,true
0,650,900,2,2,false,-650,10000,0.449,-356.4,false,450,true
0,650,1000,1,2,true,-650,10000,0.662,-641.6,true,1000,true
0,900,100,5,3,true,-900,10000,0.079,219.7,false,100,true
200,900,200,4,3,true,-700,9800,0.152,115.0,true,200,true
400,1250,200,3,4,true,-850,9600,0.270,32.5,true,200,true
650,1500,250,3,5,true,-850,9350,0.270,20.0,true,250,true
850,2050,200,3,6,true,-1200,9150,0.270,31.0,true,200,true
850,2250,100,5,7,true,-1400,9150,0.079,223.9,false,100,true
1100,2250,250,3,7,true,-1150,8900,0.270,15.7,true,250,true
1100,3250,100,4,8,true,-2150,8900,0.152,135.7,false,100,true
1300,3250,200,3,8,true,-1950,8700,0.270,30.9,true,200,true
1800,4550,500,3,9,true,-2750,8200,0.270,-51.3,true,500,true
1800,4550,50,5,10,true,-2750,8200,0.079,220.0,false,50,true
2000,4550,200,3,10,true,-2550,8000,0.270,33.0,true,200,true
2000,4550,150,4,11,true,-2550,8000,0.152,117.9,false,150,true
2200,4550,200,3,11,true,-2350,7800,0.270,35.7,true,200,true
2550,4800,350,2,12,true,-2250,7450,0.449,-99.5,true,350,true
3600,5050,1050,2,13,true,-1450,6400,0.449,-406.4,true,1050,true
3600,5350,0,6,14,true,-1750,6400,0.030,356.6,false,0,true
3600,5650,100,5,15,true,-2050,6400,0.079,220.8,false,100,true
3600,5650,100,5,15,true,-2050,6400,0.079,215.9,false,-100,true
3850,6200,250,3,16,true,-2350,6150,0.270,17.6,true,250,true
4050,6200,200,3,17,true,-2150,5950,0.270,30.1,true,200,true
5250,6400,1200,2,18,true,-1150,4750,0.449,-490.1,true,1200,true
5550,6650,300,2,19,true,-1100,4450,0.449,-89.8,true,300,true
6600,7000,1050,2,20,true,-400,3400,0.449,-416.2,true,1050,true
6600,7000,150,4,21,true,-400,3400,0.152,119.2,false,150,true
6950,7000,350,2,21,true,-50,3050,0.449,-103.7,true,350,true
6950,7200,100,4,22,true,-250,3050,0.152,127.3,false,100,true
7100,7200,150,3,22,true,-100,2900,0.270,43.2,true,150,true
7250,7400,150,4,23,true,-150,2750,0.152,120.9,true,150,true
7550,7700,300,2,24,true,-150,2450,0.449,-83.9,true,300,true
8050,8300,500,2,25,true,-250,1950,0.449,-179.2,true,500,true
8700,8550,650,6,26,true,150,1300,0.030,335.3,true,650,true
9200,8900,500,3,27,true,300,800,0.270,-56.3,true,500,true
9450,9150,250,3,28,true,300,550,0.270,14.3,true,250,true
9650,9600,200,3,29,true,50,350,0.270,32.8,true,200,true
9700,9600,50,5,30,true,100,300,0.079,220.6,true,50,true
9900,9600,200,4,31,true,300,100,0.152,112.6,true,200,true
9900,9900,1000,3,32,true,0,100,0.270,-195.7,true,-1000,true
10000,9900,100,4,33,true,100,0,0.152,128.5,true,100,true
0,0,400,2,1,false,0,10000,0.449,-125.5,false,400,false
0,0,400,2,1,false,0,10000,0.449,-127.3,false,-400,false
0,0,100,5,2,false,0,10000,0.079,219.4,false,100,false
0,0,150,4,2,false,0,10000,0.152,112.0,false,50,false
0,0,250,2,2,false,0,10000,0.449,-61.3,false,100,false
0,0,350,6,2,false,0,10000,0.030,341.5,false,100,false
0,0,400,5,2,false,0,10000,0.079,202.1,false,50,false
0,0,600,2,2,false,0,10000,0.449,-219.9,false,200,false
0,0,650,1,2,false,0,10000,0.662,-409.6,false,50,false
0,0,650,1,2,false,0,10000,0.662,-411.1,false,-650,false
0,0,150,4,3,false,0,10000,0.152,126.2,false,150,false
0,0,250,3,3,false,0,10000,0.270,16.2,false,100,false
0,0,400,1,3,false,0,10000,0.662,-238.3,false,150,false
0,0,400,1,3,false,0,10000,0.662,-242.3,false,-400,false
0,1500,400,2,4,false,-1500,10000,0.449,-127.1,false,400,false
0,1500,550,6,4,false,-1500,10000,0.030,348.3,false,150,false
0,1500,800,2,4,false,-1500,10000,0.449,-298.7,false,250,false
0,1500,800,2,4,false,-1500,10000,0.449,-301.5,false,-800,false
0,1650,250,3,5,false,-1650,10000,0.270,15.3,false,250,false
0,1650,350,2,5,false,-1650,10000,0.449,-100.1,false,100,false
0,1650,350,2,5,false,-1650,10000,0.449,-104.2,false,-350,false
0,2050,50,5,6,false,-2050,10000,0.079,221.7,false,50,false
0,2050,100,4,6,false,-2050,10000,0.152,125.8,false,50,false
0,2050,200,3,6,false,-2050,10000,0.270,29.7,false,100,false
0,2050,200,3,6,false,-2050,10000,0.270,29.3,false,-200,false
0,2250,250,3,7,false,-2250,10000,0.270,17.9,false,250,false
0,2250,400,1,7,false,-2250,10000,0.662,-242.4,false,150,false
0,2250,400,1,7,false,-2250,10000,0.662,-233.4,false,-400,false
0,2500,200,3,8,false,-2500,10000,0.270,38.5,false,200,false
0,2500,500,6,8,false,-2500,10000,0.030,339.1,false,300,false
0,2500,650,4,8,false,-2500,10000,0.152,40.7,false,150,false
0,2500,650,4,8,false,-2500,10000,0.152,44.2,false,-650,false
0,2750,200,3,9,false,-2750,10000,0.270,31.4,false,200,false
0,2750,300,2,9,false,-2750,10000,0.449,-80.5,false,100,false
0,2750,300,2,9,false,-2750,10000,0.449,-79.7,false,-300,false
0,3250,500,3,10,false,-3250,10000,0.270,-54.7,false,500,false
0,3250,500,3,10,false,-3250,10000,0.270,-54.3,false,-500,false
0,4300,200,3,11,false,-4300,10000,0.270,30.7,false,200,false
0,4300,300,2,11,false,-4300,10000,0.449,-87.6,false,100,false
0,4300,500,6,11,false,-4300,10000,0.030,358.1,false,200,false
0,4300,1200,2,11,true,-4300,10000,0.449,-494.4,true,1200,false
0,4700,100,5,12,true,-4700,10000,0.079,217.9,false,100,false
0,4700,150,4,12,true,-4700,10000,0.152,117.8,false,50,false
350,4700,350,1,12,true,-4350,9650,0.662,-210.6,true,350,false
350,4950,100,5,13,true,-4600,9650,0.079,223.0,false,100,false
350,4950,150,4,13,true,-4600,9650,0.152,124.7,false,50,false
350,4950,150,4,13,true,-4600,9650,0.152,117.3,false,-150,false
350,5450,100,5,14,true,-5100,9650,0.079,214.1,false,100,false
600,5450,250,3,14,true,-4850,9400,0.270,16.5,true,250,false
600,5450,150,4,15,true,-4850,9400,0.152,118.2,false,150,false
600,5450,150,4,15,true,-4850,9400,0.152,115.4,false,-150,false
600,5800,200,4,16,true,-5200,9400,0.152,111.7,false,200,false
600,5800,200,4,16,true,-5200,9400,0.152,111.2,false,-200,false
600,6000,150,4,17,true,-5400,9400,0.152,121.9,false,150,false
850,6000,250,3,17,true,-5150,9150,0.270,18.4,true,250,false
850,7050,200,4,18,true,-6200,9150,0.152,110.8,false,200,false
1200,7050,350,2,18,true,-5850,8800,0.449,-99.8,true,350,false
2200,7200,1000,3,19,true,-5000,7800,0.270,-186.2,true,1000,false
2200,7450,200,4,20,true,-5250,7800,0.152,108.3,false,200,false
2500,7450,300,3,20,true,-4950,7500,0.270,8.8,true,300,false
2500,7650,150,4,21,true,-5150,7500,0.152,119.2,false,150,false
2850,7650,350,2,21,true,-4800,7150,0.449,-108.5,true,350,false
2850,8200,150,4,22,true,-5350,7150,0.152,119.8,false,150,false
3050,8200,200,3,22,true,-5150,6950,0.270,27.5,true,200,false
4050,8450,1000,3,23,true,-4400,5950,0.270,-200.0,true,1000,false
4950,8950,900,1,24,true,-4000,5050,0.662,-572.6,true,900,false
4950,9200,0,6,25,true,-4250,5050,0.030,361.5,false,0,false
4950,9300,100,5,26,true,-4350,5050,0.079,214.6,false,100,false
4950,9300,150,4,26,true,-4350,5050,0.152,112.1,false,50,false
5900,9300,950,6,26,true,-3400,4100,0.030,333.0,true,950,false
5900,9900,150,4,27,true,-4000,4100,0.152,116.8,false,150,false
6250,9900,350,1,27,true,-3650,3750,0.662,-204.3,true,350,false
6850,9900,600,1,28,true,-3050,3150,0.662,-365.8,true,600,false
7100,9900,250,3,29,true,-2800,2900,0.270,19.6,true,250,false
7750,9900,650,2,30,true,-2150,2250,0.449,-237.2,true,650,false
8550,9900,800,2,31,true,-1350,1450,0.449,-302.4,true,800,false
8550,9900,1500,6,32,true,-1350,1450,0.030,304.0,true,-1500,false
9650,9900,1100,1,33,true,-250,350,0.662,-711.5,true,1100,false
9650,9900,700,1,34,true,-250,350,0.662,-444.0,true,-700,false
9800,9900,150,4,35,true,-100,200,0.152,118.7,true,150,false
0,0,700,1,1,false,0,10000,0.662,-434.7,false,700,true
0,0,700,1,1,false,0,10000,0.662,-444.2,false,-700,true
0,0,150,4,2,false,0,10000,0.152,121.6,false,150,true
0,0,250,3,2,false,0,10000,0.270,18.0,false,100,true
0,0,350,2,2,false,0,10000,0.449,-110.3,false,100,true
0,0,400,1,2,false,0,10000,0.662,-239.6,false,50,true
0,0,500,6,2,false,0,10000,0.030,342.2,false,100,true
0,0,1000,3,2,true,0,10000,0.270,-198.5,true,1000,true
1500,0,1500,6,3,true,1500,8500,0.030,306.0,true,1500,true
1500,0,100,4,4,true,1500,8500,0.152,130.8,false,100,true
1650,0,150,3,4,true,1650,8350,0.270,44.3,true,150,true
2050,0,400,2,5,true,2050,7950,0.449,-124.4,true,400,true
2250,0,200,3,6,true,2250,7750,0.270,31.3,true,200,true
2500,0,250,3,7,true,2500,7500,0.270,14.9,true,250,true
2500,0,50,5,8,true,2500,7500,0.079,217.0,false,50,true
2500,0,100,4,8,true,2500,7500,0.152,124.5,false,50,true
2750,0,250,2,8,true,2750,7250,0.449,-60.6,true,250,true
3250,0,500,1,9,true,3250,6750,0.662,-303.5,true,500,true
4300,0,1050,2,10,true,4300,5700,0.449,-419.0,true,1050,true
4700,0,400,2,11,true,4700,5300,0.449,-125.2,true,400,true
4700,350,50,5,12,true,4350,5300,0.079,220.4,false,50,true
4950,350,250,3,12,true,4600,5050,0.270,20.0,true,250,true
5450,350,500,3,13,true,5100,4550,0.270,-56.9,true,500,true
5450,600,0,6,14,true,4850,4550,0.030,360.3,false,0,true
5800,600,350,2,15,true,5200,4200,0.449,-107.7,true,350,true
6000,600,200,3,16,true,5400,4000,0.270,33.2,true,200,true
6000,850,50,5,17,true,5150,4000,0.079,223.5,false,50,true
7050,850,1050,2,17,true,6200,2950,0.449,-427.0,true,1050,true
7050,1200,100,5,18,true,5850,2950,0.079,216.7,false,100,true
7200,1200,150,4,18,true,6000,2800,0.152,122.0,true,150,true
7200,2200,50,5,19,true,5000,2800,0.079,216.9,false,50,true
7450,2200,250,2,19,true,5250,2550,0.449,-59.0,true,250,true
7650,2500,200,4,20,true,5150,2350,0.152,109.7,true,200,true
8200,2850,550,1,21,true,5350,1800,0.662,-345.8,true,550,true
8200,3050,100,4,22,true,5150,1800,0.152,128.8,false,100,true
8450,3050,250,2,22,true,5400,1550,0.449,-60.2,true,250,true
8950,4050,500,2,23,true,4900,1050,0.449,-173.3,true,500,true
9200,4950,250,3,24,true,4250,800,0.270,19.9,true,250,true
9300,4950,100,5,25,true,4350,700,0.079,217.6,true,100,true
9900,5900,600,2,26,true,4000,100,0.449,-214.8,true,600,true
9900,6250,650,2,27,true,3650,100,0.449,-233.7,true,-650,true
9900,6850,600,3,28,true,3050,100,0.270,-75.0,true,-600,true
9900,7100,250,3,29,true,2800,100,0.270,16.9,true,-250,true
9900,7750,300,2,30,true,2150,100,0.449,-80.1,true,-300,true
9900,8550,150,4,31,true,1350,100,0.152,117.3,true,-150,true
9900,8550,200,3,32,true,1350,100,0.270,30.6,true,-200,true
9900,9650,200,3,33,true,250,100,0.270,34.0,true,-200,true
9900,9650,700,1,34,true,250,100,0.662,-448.6,true,-700,true
10000,9800,100,4,35,true,200,0,0.152,126.6,true,100,true
0,0,300,3,1,false,0,10000,0.270,2.5,false,300,false
0,0,350,2,1,false,0,10000,0.449,-101.0,false,50,false
0,0,350,2,1,false,0,10000,0.449,-105.6,false,-350,false
0,0,250,2,2,false,0,10000,0.449,-65.8,false,250,false
0,0,250,2,2,false,0,10000,0.449,-62.1,false,-250,false
0,0,1000,3,3,true,0,10000,0.270,-183.7,true,1000,false
1000,0,1000,3,4,true,1000,9000,0.270,-184.6,true,1000,false
1000,0,100,4,5,true,1000,9000,0.152,129.3,false,100,false
1150,0,150,3,5,true,1150,8850,0.270,45.6,true,150,false
1400,0,250,3,6,true,1400,8600,0.270,16.9,true,250,false
1400,0,50,5,7,true,1400,8600,0.079,221.4,false,50,false
1400,0,100,4,7,true,1400,8600,0.152,123.8,false,50,false
1550,0,150,3,7,true,1550,8450,0.270,47.9,true,150,false
1950,500,400,3,8,true,1450,8050,0.270,-24.8,true,400,false
2300,750,350,1,9,true,1550,7700,0.662,-209.8,true,350,false
2300,950,150,4,10,true,1350,7700,0.152,119.9,false,150,false
2650,950,350,2,10,true,1700,7350,0.449,-107.8,true,350,false
2650,2000,100,5,11,true,650,7350,0.079,213.5,false,100,false
2850,2000,200,3,11,true,850,7150,0.270,29.7,true,200,false
2850,2200,50,5,12,true,650,7150,0.079,218.6,false,50,false
3350,2200,500,1,12,true,1150,6650,0.662,-309.2,true,500,false
4650,2600,1300,1,13,true,2050,5350,0.662,-848.4,true,1300,false
4650,2900,100,5,14,true,1750,5350,0.079,221.0,false,100,false
4650,2900,150,4,14,true,1750,5350,0.152,120.7,false,50,false
5000,2900,350,2,14,true,2100,5000,0.449,-103.4,true,350,false
5450,4100,450,1,15,true,1350,4550,0.662,-279.8,true,450,false
5450,4350,150,4,16,true,1100,4550,0.152,126.3,false,150,false
5650,4350,200,3,16,true,1300,4350,0.270,31.1,true,200,false
5650,4650,50,5,17,true,1000,4350,0.079,221.9,false,50,false
5800,4650,150,3,17,true,1150,4200,0.270,49.8,true,150,false
6400,4950,600,2,18,true,1450,3600,0.449,-214.7,true,600,false
6700,4950,300,1,19,true,1750,3300,0.662,-175.4,true,300,false
6700,5200,0,6,20,true,1500,3300,0.030,355.0,false,0,false
7200,5500,500,2,21,true,1700,2800,0.449,-173.6,true,500,false
8250,5900,1050,2,22,true,2350,1750,0.449,-414.9,true,1050,false
9300,6100,1050,2,23,true,3200,700,0.449,-421.6,true,1050,false
9350,6500,50,5,24,true,2850,650,0.079,229.8,true,50,false
9600,7000,250,3,25,true,2600,400,0.270,19.8,true,250,false
9600,7200,1050,2,26,true,2400,400,0.449,-416.0,true,-1050,false
9700,8000,100,5,27,true,1700,300,0.079,223.5,true,100,false
9700,8500,500,1,28,true,1200,300,0.662,-315.8,true,-500,false
9700,8750,350,2,29,true,950,300,0.449,-109.4,true,-350,false
9800,8950,100,4,30,true,850,200,0.152,124.9,true,100,false
0,0,100,4,1,false,0,10000,0.152,129.2,false,100,true
0,0,100,4,1,false,0,10000,0.152,125.0,false,-100,true
0,0,600,3,2,false,0,10000,0.270,-82.8,false,600,true
0,0,750,1,2,false,0,10000,0.662,-477.5,false,150,true
0,0,750,1,2,false,0,10000,0.662,-460.5,false,-750,true
0,0,150,4,3,false,0,10000,0.152,121.5,false,150,true
0,0,250,3,3,false,0,10000,0.270,19.8,false,100,true
0,0,300,2,3,false,0,10000,0.449,-81.6,false,50,true
0,0,400,6,3,false,0,10000,0.030,338.4,false,100,true
0,0,650,3,3,false,0,10000,0.270,-85.3,false,250,true
0,0,700,2,3,false,0,10000,0.449,-260.8,false,50,true
0,0,700,2,3,false,0,10000,0.449,-257.3,false,-700,true
0,1000,100,5,4,false,-1000,10000,0.079,218.1,false,100,true
0,1000,150,4,4,false,-1000,10000,0.152,117.5,false,50,true
0,1000,300,2,4,false,-1000,10000,0.449,-84.8,false,150,true
0,1000,300,2,4,false,-1000,10000,0.449,-83.7,false,-300,true
0,1150,200,4,5,false,-1150,10000,0.152,108.6,false,200,true
0,1150,300,3,5,false,-1150,10000,0.270,5.0,false,100,true
0,1150,400,1,5,false,-1150,10000,0.662,-238.5,false,100,true
0,1150,400,1,5,false,-1150,10000,0.662,-244.1,false,-400,true
0,1400,600,2,6,false,-1400,10000,0.449,-228.8,false,600,true
0,1400,700,1,6,false,-1400,10000,0.662,-447.2,false,100,true
0,1400,750,6,6,false,-1400,10000,0.030,340.0,false,50,true
0,1400,950,3,6,false,-1400,10000,0.270,-186.4,false,200,true
0,1400,1000,2,6,true,-1400,10000,0.449,-393.3,true,1000,true
500,1550,500,3,7,true,-1050,9500,0.270,-55.3,true,500,true
750,1950,250,3,8,true,-1200,9250,0.270,15.7,true,250,true
950,2300,200,3,9,true,-1350,9050,0.270,32.0,true,200,true
2000,2650,1050,2,10,true,-650,8000,0.449,-431.0,true,1050,true
2000,2850,50,5,11,true,-850,8000,0.079,223.2,false,50,true
2200,2850,200,3,11,true,-650,7800,0.270,32.9,true,200,true
2600,3350,400,2,12,true,-750,7400,0.449,-129.5,true,400,true
2600,4650,100,4,13,true,-2050,7400,0.152,129.0,false,100,true
2900,4650,300,1,13,true,-1750,7100,0.662,-176.2,true,300,true
4100,5000,1200,2,14,true,-900,5900,0.449,-486.3,true,1200,true
4100,5450,100,5,15,true,-1350,5900,0.079,222.5,false,100,true
4350,5450,250,3,15,true,-1100,5650,0.270,15.5,true,250,true
4650,5650,300,2,16,true,-1000,5350,0.449,-84.8,true,300,true
4650,5800,100,4,17,true,-1150,5350,0.152,129.1,false,100,true
4950,5800,300,1,17,true,-850,5050,0.662,-173.9,true,300,true
4950,6400,0,6,18,true,-1450,5050,0.030,363.8,false,0,true
5200,6700,250,2,19,true,-1500,4800,0.449,-62.9,true,250,true
5500,6700,300,2,20,true,-1200,4500,0.449,-86.0,true,300,true
5900,7200,400,2,21,true,-1300,4100,0.449,-128.8,true,400,true
6100,8250,200,4,22,true,-2150,3900,0.152,114.4,true,200,true
6500,9300,400,1,23,true,-2800,3500,0.662,-238.1,true,400,true
7000,9350,500,3,24,true,-2350,3000,0.270,-53.6,true,500,true
7000,9600,100,4,25,true,-2600,3000,0.152,133.3,false,100,true
7200,9600,200,3,25,true,-2400,2800,0.270,29.5,true,200,true
8000,9600,800,1,26,true,-1600,2000,0.662,-508.2,true,800,true
8500,9700,500,3,27,true,-1200,1500,0.270,-50.1,true,500,true
8750,9700,250,3,28,true,-950,1250,0.270,12.6,true,250,true
8950,9700,200,4,29,true,-750,1050,0.152,110.1,true,200,true
10000,9800,1050,2,30,true,200,0,0.449,-405.1,true,1050,true
0,0,500,6,1,false,0,10000,0.030,350.6,false,500,false
0,0,750,3,1,false,0,10000,0.270,-119.3,false,250,false
0,0,750,3,1,false,0,10000,0.270,-118.8,false,-750,false
0,0,100,5,2,false,0,10000,0.079,221.7,false,100,false
0,0,300,2,2,false,0,10000,0.449,-80.0,false,200,false
0,0,400,1,2,false,0,10000,0.662,-246.2,false,100,false
0,0,450,6,2,false,0,10000,0.030,340.7,false,50,false
0,0,600,4,2,false,0,10000,0.152,38.3,false,150,false
0,0,750,2,2,false,0,10000,0.449,-284.5,false,150,false
0,0,800,1,2,false,0,10000,0.662,-513.5,false,50,false
0,0,800,1,2,false,0,10000,0.662,-504.6,false,-800,false
0,150,300,2,3,false,-150,10000,0.449,-83.9,false,300,false
0,150,350,1,3,false,-150,10000,0.662,-209.4,false,50,false
0,150,350,1,3,false,-150,10000,0.662,-205.0,false,-350,false
0,900,200,4,4,false,-900,10000,0.152,113.9,false,200,false
0,900,300,3,4,false,-900,10000,0.270,0.3,false,100,false
0,900,450,1,4,false,-900,10000,0.662,-281.3,false,150,false
0,900,450,1,4,false,-900,10000,0.662,-276.9,false,-450,false
0,1100,600,3,5,false,-1100,10000,0.270,-80.0,false,600,false
0,1100,650,2,5,false,-1100,10000,0.449,-240.8,false,50,false
0,1100,750,1,5,false,-1100,10000,0.662,-476.6,false,100,false
0,1100,750,1,5,false,-1100,10000,0.662,-480.2,false,-750,false
0,1800,200,3,6,false,-1800,10000,0.270,29.1,false,200,false
0,1800,1200,6,6,true,-1800,10000,0.030,318.8,true,1200,false
0,3300,150,4,7,true,-3300,10000,0.152,123.4,false,150,false
250,3300,250,3,7,true,-3050,9750,0.270,18.1,true,250,false
850,3450,600,2,8,true,-2600,9150,0.449,-212.0,true,600,false
1500,3650,650,2,9,true,-2150,8500,0.449,-236.9,true,650,false
1500,4750,0,6,10,true,-3250,8500,0.030,361.5,false,0,false
1800,4950,300,3,11,true,-3150,8200,0.270,4.3,true,300,false
1800,5350,100,4,12,true,-3550,8200,0.152,125.9,false,100,false
2050,5350,250,2,12,true,-3300,7950,0.449,-62.5,true,250,false
2050,5600,0,6,13,true,-3550,7950,0.030,362.5,false,0,false
2050,5600,100,4,14,true,-3550,7950,0.152,128.3,false,100,false
2050,5600,100,4,14,true,-3550,7950,0.152,127.1,false,-100,false
3050,6250,1000,3,15,true,-3200,6950,0.270,-187.7,true,1000,false
3050,6550,100,4,16,true,-3500,6950,0.152,123.7,false,100,false
3200,6550,150,3,16,true,-3350,6800,0.270,44.6,true,150,false
3450,7600,250,3,17,true,-4150,6550,0.270,15.6,true,250,false
3450,8650,200,4,18,true,-5200,6550,0.152,111.1,false,200,false
3750,8650,300,3,18,true,-4900,6250,0.270,1.5,true,300,false
4250,9650,500,1,19,true,-5400,5750,0.662,-314.0,true,500,false
4250,9650,200,4,20,true,-5400,5750,0.152,120.1,false,200,false
4500,9650,250,3,20,true,-5150,5500,0.270,14.6,true,250,false
4750,9900,250,3,21,true,-5150,5250,0.270,13.8,true,250,false
5000,9900,250,3,22,true,-4900,5000,0.270,17.2,true,250,false
0,0,100,5,1,false,0,10000,0.079,217.5,false,100,true
0,0,1150,1,1,true,0,10000,0.662,-735.6,true,1150,true
0,0,50,5,2,true,0,10000,0.079,221.6,false,50,true
150,0,150,3,2,true,150,9850,0.270,44.1,true,150,true
900,0,750,1,3,true,900,9100,0.662,-469.9,true,750,true
1100,0,200,3,4,true,1100,8900,0.270,31.2,true,200,true
1800,0,700,2,5,true,1800,8200,0.449,-265.8,true,700,true
3300,0,1500,6,6,true,3300,6700,0.030,315.1,true,1500,true
3450,250,150,4,7,true,3200,6550,0.152,118.9,true,150,true
3650,850,200,4,8,true,2800,6350,0.152,108.1,true,200,true
3650,1500,50,5,9,true,2150,6350,0.079,216.9,false,50,true
3650,1500,100,4,9,true,2150,6350,0.152,125.7,false,50,true
4750,1500,1100,1,9,true,3250,5250,0.662,-715.6,true,1100,true
4950,1500,200,3,10,true,3450,5050,0.270,32.1,true,200,true
5350,1800,400,2,11,true,3550,4650,0.449,-129.7,true,400,true
5350,2050,100,4,12,true,3300,4650,0.152,125.8,false,100,true
5600,2050,250,2,12,true,3550,4400,0.449,-62.3,true,250,true
5600,2050,100,4,13,true,3550,4400,0.152,123.3,false,100,true
5600,2050,100,4,13,true,3550,4400,0.152,127.1,false,-100,true
6250,2050,650,2,14,true,4200,3750,0.449,-231.1,true,650,true
6550,3050,300,3,15,true,3500,3450,0.270,4.8,true,300,true
6550,3200,50,5,16,true,3350,3450,0.079,225.3,false,50,true
7600,3200,1050,2,16,true,4400,2400,0.449,-413.8,true,1050,true
8650,3450,1050,2,17,true,5200,1350,0.449,-409.7,true,1050,true
9650,3750,1000,3,18,true,5900,350,0.270,-188.6,true,1000,true
9650,4250,500,1,19,true,5400,350,0.662,-306.6,true,-500,true
9900,4500,250,3,20,true,5400,100,0.270,17.3,true,250,true
9900,4750,150,4,21,true,5150,100,0.152,121.4,true,-150,true
10000,5000,100,4,22,true,5000,0,0.152,128.1,true,100,true
0,0,200,4,1,false,0,10000,0.152,112.7,false,200,false
0,0,350,2,1,false,0,10000,0.449,-107.1,false,150,false
0,0,350,2,1,false,0,10000,0.449,-104.9,false,-350,false
0,0,1000,3,2,true,0,10000,0.270,-196.6,true,1000,false
0,250,150,4,3,true,-250,10000,0.152,124.1,false,150,false
300,250,300,2,3,true,50,9700,0.449,-81.9,true,300,false
600,650,300,2,4,true,-50,9400,0.449,-84.8,true,300,false
1100,850,500,2,5,true,250,8900,0.449,-174.6,true,500,false
1100,1200,50,5,6,true,-100,8900,0.079,221.9,false,50,false
1550,1200,450,2,6,true,350,8450,0.449,-151.1,true,450,false
1950,1400,400,3,7,true,550,8050,0.270,-26.7,true,400,false
2150,1900,200,3,8,true,250,7850,0.270,30.8,true,200,false
2150,2050,50,5,9,true,100,7850,0.079,227.4,false,50,false
2350,2050,200,3,9,true,300,7650,0.270,29.2,true,200,false
2350,2650,100,4,10,true,-300,7650,0.152,128.5,false,100,false
2850,2650,500,1,10,true,200,7150,0.662,-306.9,true,500,false
3900,3650,1050,2,11,true,250,6100,0.449,-427.0,true,1050,false
5000,3950,1100,1,12,true,1050,5000,0.662,-702.4,true,1100,false
5500,4200,500,3,13,true,1300,4500,0.270,-52.0,true,500,false
6400,4450,900,6,14,true,1950,3600,0.030,323.9,true,900,false
6400,4650,100,4,15,true,1750,3600,0.152,131.7,false,100,false
6600,4650,200,3,15,true,1950,3400,0.270,33.5,true,200,false
6850,4900,250,3,16,true,1950,3150,0.270,16.8,true,250,false
7650,5700,800,2,17,true,1950,2350,0.449,-302.9,true,800,false
7900,6450,250,3,18,true,1450,2100,0.270,19.4,true,250,false
7900,7100,150,4,19,true,800,2100,0.152,120.5,false,150,false
8100,7100,200,3,19,true,1000,1900,0.270,34.6,true,200,false
8100,7400,150,4,20,true,700,1900,0.152,116.6,false,150,false
8350,7400,250,2,20,true,950,1650,0.449,-65.3,true,250,false
8600,7400,250,2,21,true,1200,1400,0.449,-60.0,true,250,false
8650,7650,50,5,22,true,1000,1350,0.079,222.6,true,50,false
9650,7800,1000,3,23,true,1850,350,0.270,-193.3,true,1000,false
9800,8000,150,4,24,true,1800,200,0.152,122.7,true,150,false
9900,8300,100,5,25,true,1600,100,0.079,221.7,true,100,false
9900,8500,250,3,26,true,1400,100,0.270,15.3,true,-250,false
0,0,1000,2,1,true,0,10000,0.449,-401.3,true,1000,true
0,0,50,5,2,true,0,10000,0.079,221.6,false,50,true
250,0,250,3,2,true,250,9750,0.270,22.1,true,250,true
650,300,400,2,3,true,350,9350,0.449,-130.2,true,400,true
650,600,100,4,4,true,50,9350,0.152,127.4,false,100,true
850,600,200,3,4,true,250,9150,0.270,27.6,true,200,true
1200,1100,350,1,5,true,100,8800,0.662,-208.4,true,350,true
1400,1550,200,3,6,true,-150,8600,0.270,33.2,true,200,true
1900,1950,500,3,7,true,-50,8100,0.270,-57.2,true,500,true
2050,2150,150,4,8,true,-100,7950,0.152,119.6,true,150,true
2050,2350,100,5,9,true,-300,7950,0.079,218.8,false,100,true
2650,2350,600,2,9,true,300,7350,0.449,-223.3,true,600,true
3650,2850,1000,3,10,true,800,6350,0.270,-192.8,true,1000,true
3650,3900,150,4,11,true,-250,6350,0.152,118.8,false,150,true
3950,3900,300,2,11,true,50,6050,0.449,-84.5,true,300,true
4200,5000,250,3,12,true,-800,5800,0.270,16.4,true,250,true
4450,5500,250,3,13,true,-1050,5550,0.270,14.6,true,250,true
4450,6400,100,5,14,true,-1950,5550,0.079,218.7,false,100,true
4650,6400,200,3,14,true,-1750,5350,0.270,33.9,true,200,true
4900,6600,250,3,15,true,-1700,5100,0.270,18.1,true,250,true
5700,6850,800,2,16,true,-1150,4300,0.449,-298.6,true,800,true
6450,7650,750,1,17,true,-1200,3550,0.662,-480.5,true,750,true
6450,7900,150,4,18,true,-1450,3550,0.152,124.8,false,150,true
7100,7900,650,1,18,true,-800,2900,0.662,-417.6,true,650,true
7400,8100,300,1,19,true,-700,2600,0.662,-175.7,true,300,true
7400,8350,0,6,20,true,-950,2600,0.030,358.7,false,0,true
7650,8600,250,3,21,true,-950,2350,0.270,16.0,true,250,true
7650,8650,50,5,22,true,-1000,2350,0.079,218.5,false,50,true
7800,8650,150,4,22,true,-850,2200,0.152,121.0,true,150,true
8000,9650,200,3,23,true,-1650,2000,0.270,33.8,true,200,true
8000,9800,50,5,24,true,-1800,2000,0.079,218.9,false,50,true
8300,9800,300,2,24,true,-1500,1700,0.449,-80.5,true,300,true
8500,9900,200,4,25,true,-1400,1500,0.152,112.3,true,200,true
10000,9900,1500,6,26,true,100,0,0.030,310.4,true,1500,true
0,0,50,5,1,false,0,10000,0.079,222.4,false,50,false
0,0,200,3,1,false,0,10000,0.270,31.7,false,150,false
0,0,200,3,1,false,0,10000,0.270,32.4,false,-200,false
0,0,850,1,2,false,0,10000,0.662,-557.4,false,850,false
0,0,850,1,2,false,0,10000,0.662,-538.4,false,-850,false
0,0,200,3,3,false,0,10000,0.270,26.8,false,200,false
0,0,200,3,3,false,0,10000,0.270,33.9,false,-200,false
0,0,450,1,4,false,0,10000,0.662,-276.7,false,450,false
0,0,450,1,4,false,0,10000,0.662,-268.7,false,-450,false
0,0,800,1,5,false,0,10000,0.662,-508.8,false,800,false
0,0,800,1,5,false,0,10000,0.662,-510.2,false,-800,false
0,250,1050,2,6,true,-250,10000,0.449,-423.5,true,1050,false
0,500,50,5,7,true,-500,10000,0.079,228.1,false,50,false
0,500,150,4,7,true,-500,10000,0.152,121.0,false,100,false
0,500,150,4,7,true,-500,10000,0.152,122.1,false,-150,false
500,700,500,2,8,true,-200,9500,0.449,-176.9,true,500,false
500,850,100,5,9,true,-350,9500,0.079,213.4,false,100,false
500,850,200,4,9,true,-350,9500,0.152,117.4,false,100,false
500,850,200,4,9,true,-350,9500,0.152,113.9,false,-200,false
500,1250,100,4,10,true,-750,9500,0.152,129.5,false,100,false
500,1250,100,4,10,true,-750,9500,0.152,127.3,false,-100,false
950,2350,450,2,11,true,-1400,9050,0.449,-146.9,true,450,false
1150,2350,200,3,12,true,-1200,8850,0.270,30.7,true,200,false
1150,2950,100,5,13,true,-1800,8850,0.079,215.3,false,100,false
1150,2950,200,4,13,true,-1800,8850,0.152,111.4,false,100,false
2350,2950,1200,1,13,true,-600,7650,0.662,-780.6,true,1200,false
2550,3250,200,3,14,true,-700,7450,0.270,32.0,true,200,false
2850,3800,300,2,15,true,-950,7150,0.449,-83.7,true,300,false
3850,4100,1000,2,16,true,-250,6150,0.449,-390.7,true,1000,false
3850,4350,150,4,17,true,-500,6150,0.152,121.2,false,150,false
4050,4350,200,3,17,true,-300,5950,0.270,36.7,true,200,false
4050,4650,150,4,18,true,-600,5950,0.152,118.0,false,150,false
4250,4650,200,3,18,true,-400,5750,0.270,33.9,true,200,false
4250,5150,100,4,19,true,-900,5750,0.152,127.2,false,100,false
4250,5150,100,4,19,true,-900,5750,0.152,126.0,false,-100,false
4250,5850,100,5,20,true,-1600,5750,0.079,219.7,false,100,false
4250,5850,150,4,20,true,-1600,5750,0.152,118.4,false,50,false
4450,5850,200,3,20,true,-1400,5550,0.270,30.1,true,200,false
4650,6050,200,3,21,true,-1400,5350,0.270,31.1,true,200,false
4650,6250,200,4,22,true,-1600,5350,0.152,115.3,false,200,false
4650,6250,200,4,22,true,-1600,5350,0.152,109.4,false,-200,false
6650,6750,2000,2,23,true,-100,3350,0.449,-851.9,true,2000,false
6650,6750,0,6,24,true,-100,3350,0.030,363.4,false,0,false
6650,6750,50,5,25,true,-100,3350,0.079,228.9,false,50,false
6650,6750,100,4,25,true,-100,3350,0.152,128.1,false,50,false
6800,6750,150,3,25,true,50,3200,0.270,44.9,true,150,false
7300,7050,500,1,26,true,250,2700,0.662,-306.3,true,500,false
8050,7750,750,1,27,true,300,1950,0.662,-477.0,true,750,false
8050,8200,150,4,28,true,-150,1950,0.152,122.9,false,150,false
9250,8200,1200,6,28,true,1050,750,0.030,321.0,true,1200,false
9550,8850,300,2,29,true,700,450,0.449,-84.1,true,300,false
9550,9450,600,2,30,true,100,450,0.449,-219.3,true,-600,false
9700,9650,150,4,31,true,50,300,0.152,119.7,true,150,false
9700,9750,0,6,32,true,-50,300,0.030,351.8,false,0,false
9700,9950,500,2,33,true,-250,300,0.449,-174.6,true,-500,false
9950,9950,250,3,34,true,0,50,0.270,17.8,true,250,false
9950,9950,1000,3,35,true,0,50,0.270,-189.2,true,-1000,false
9950,9950,150,4,36,true,0,50,0.152,120.1,true,-150,false
9950,9950,600,1,37,true,0,50,0.662,-372.6,true,-600,false
9950,9950,250,3,38,true,0,50,0.270,21.0,true,-250,false
9950,9950,450,2,39,true,0,50,0.449,-148.5,true,-450,false
9950,9950,650,2,40,true,0,50,0.449,-232.4,true,-650,false
0,0,200,3,1,false,0,10000,0.270,27.6,false,200,true
0,0,250,2,1,false,0,10000,0.449,-63.3,false,50,true
0,0,350,1,1,false,0,10000,0.662,-206.1,false,100,true
0,0,450,6,1,false,0,10000,0.030,339.5,false,100,true
0,0,550,5,1,false,0,10000,0.079,185.4,false,100,true
0,0,750,3,1,false,0,10000,0.270,-122.5,false,200,true
0,0,750,3,1,false,0,10000,0.270,-115.8,false,-750,true
0,0,250,2,2,false,0,10000,0.449,-62.3,false,250,true
0,0,250,2,2,false,0,10000,0.449,-60.4,false,-250,true
0,0,450,1,3,false,0,10000,0.662,-274.7,false,450,true
0,0,550,6,3,false,0,10000,0.030,346.6,false,100,true
0,0,750,3,3,false,0,10000,0.270,-133.1,false,200,true
0,0,750,3,3,false,0,10000,0.270,-117.7,false,-750,true
0,0,800,1,4,false,0,10000,0.662,-503.0,false,800,true
0,0,850,6,4,false,0,10000,0.030,330.5,false,50,true
0,0,950,5,4,false,0,10000,0.079,152.5,false,100,true
0,0,1200,2,4,true,0,10000,0.449,-481.6,true,1200,true
0,0,150,4,5,true,0,10000,0.152,122.0,false,150,true
250,0,250,3,5,true,250,9750,0.270,15.8,true,250,true
250,0,100,4,6,true,250,9750,0.152,130.5,false,100,true
500,0,250,2,6,true,500,9500,0.449,-57.5,true,250,true
500,0,150,4,7,true,500,9500,0.152,120.8,false,150,true
700,0,200,3,7,true,700,9300,0.270,29.1,true,200,true
850,500,150,4,8,true,350,9150,0.152,122.9,true,150,true
1250,500,400,2,9,true,750,8750,0.449,-125.4,true,400,true
2350,500,1100,1,10,true,1850,7650,0.662,-712.6,true,1100,true
2350,950,0,6,11,true,1400,7650,0.030,361.2,false,0,true
2950,1150,600,2,12,true,1800,7050,0.449,-219.4,true,600,true
2950,2350,100,5,13,true,600,7050,0.079,217.0,false,100,true
3250,2350,300,2,13,true,900,6750,0.449,-84.8,true,300,true
3800,2550,550,1,14,true,1250,6200,0.662,-343.8,true,550,true
4100,2850,300,2,15,true,1250,5900,0.449,-86.4,true,300,true
4100,3850,100,4,16,true,250,5900,0.152,128.1,false,100,true
4350,3850,250,2,16,true,500,5650,0.449,-64.7,true,250,true
4650,4050,300,2,17,true,600,5350,0.449,-78.9,true,300,true
5150,4250,500,3,18,true,900,4850,0.270,-53.4,true,500,true
5850,4250,700,1,19,true,1600,4150,0.662,-442.3,true,700,true
5850,4450,100,5,20,true,1400,4150,0.079,212.0,false,100,true
6050,4450,200,4,20,true,1600,3950,0.152,116.0,true,200,true
6250,4650,200,4,21,true,1600,3750,0.152,116.1,true,200,true
6750,4650,500,2,22,true,2100,3250,0.449,-169.1,true,500,true
6750,6650,100,4,23,true,100,3250,0.152,127.4,false,100,true
6750,6650,100,4,23,true,100,3250,0.152,125.3,false,-100,true
6750,6650,0,6,24,true,100,3250,0.030,360.8,false,0,true
6750,6800,50,5,25,true,-50,3250,0.079,223.0,false,50,true
7050,6800,300,2,25,true,250,2950,0.449,-82.3,true,300,true
7750,7300,700,2,26,true,450,2250,0.449,-274.4,true,700,true
8200,8050,450,6,27,true,150,1800,0.030,347.5,true,450,true
8850,9250,650,2,28,true,-400,1150,0.449,-239.5,true,650,true
9450,9550,600,3,29,true,-100,550,0.270,-80.6,true,600,true
9650,9550,200,3,30,true,100,350,0.270,27.5,true,200,true
9750,9700,100,4,31,true,50,250,0.152,126.2,true,100,true
9950,9700,200,4,32,true,250,50,0.152,110.9,true,200,true
9950,9700,200,4,33,true,250,50,0.152,113.4,true,-200,true
9950,9950,700,1,34,true,0,50,0.662,-457.2,true,-700,true
9950,9950,100,4,35,true,0,50,0.152,128.9,true,-100,true
9950,9950,350,2,36,true,0,50,0.449,-108.8,true,-350,true
9950,9950,800,6,37,true,0,50,0.030,336.6,true,-800,true
9950,9950,0,6,38,true,0,50,0.030,360.8,false,0,true
9950,9950,200,3,39,true,0,50,0.270,36.1,true,-200,true
10000,9950,50,5,40,true,50,0,0.079,222.8,true,50,true
0,0,100,5,1,false,0,10000,0.079,217.8,false,100,true
0,0,150,4,1,false,0,10000,0.152,121.0,false,50,true
0,0,350,2,1,false,0,10000,0.449,-108.0,false,200,true
0,0,450,6,1,false,0,10000,0.030,346.6,false,100,true
0,0,600,4,1,false,0,10000,0.152,54.3,false,150,true
0,0,800,2,1,false,0,10000,0.449,-295.8,false,200,true
0,0,900,1,1,false,0,10000,0.662,-576.6,false,100,true
0,0,1000,6,1,true,0,10000,0.030,326.5,true,1000,true
200,0,200,3,2,true,200,9800,0.270,27.1,true,200,true
200,0,200,4,3,true,200,9800,0.152,106.9,false,200,true
500,0,300,3,3,true,500,9500,0.270,-1.1,true,300,true
750,0,250,3,4,true,750,9250,0.270,14.8,true,250,true
2050,0,1300,1,5,true,2050,7950,0.662,-837.9,true,1300,true
2050,0,100,5,6,true,2050,7950,0.079,221.6,false,100,true
2050,0,200,4,6,true,2050,7950,0.152,111.1,false,100,true
2350,0,300,3,6,true,2350,7650,0.270,1.9,true,300,true
2350,0,50,5,7,true,2350,7650,0.079,222.1,false,50,true
2500,0,150,3,7,true,2500,7500,0.270,47.7,true,150,true
2500,600,100,4,8,true,1900,7500,0.152,124.7,false,100,true
2650,600,150,3,8,true,2050,7350,0.270,48.6,true,150,true
2650,1200,200,4,9,true,1450,7350,0.152,111.8,false,200,true
3050,1200,400,1,9,true,1850,6950,0.662,-238.9,true,400,true
3400,1350,350,1,10,true,2050,6600,0.662,-206.9,true,350,true
3400,1550,50,5,11,true,1850,6600,0.079,218.8,false,50,true
3650,1550,250,3,11,true,2100,6350,0.270,18.7,true,250,true
3850,1550,200,3,12,true,2300,6150,0.270,30.3,true,200,true
4050,1750,200,3,13,true,2300,5950,0.270,33.1,true,200,true
4300,2000,250,3,14,true,2300,5700,0.270,23.0,true,250,true
4300,2200,0,6,15,true,2100,5700,0.030,346.5,false,0,true
4300,2200,100,5,16,true,2100,5700,0.079,213.9,false,100,true
4500,2200,200,3,16,true,2300,5500,0.270,26.2,true,200,true
4500,2900,50,5,17,true,1600,5500,0.079,222.7,false,50,true
4500,2900,100,4,17,true,1600,5500,0.152,133.0,false,50,true
5200,2900,700,1,17,true,2300,4800,0.662,-443.8,true,700,true
5200,3100,100,5,18,true,2100,4800,0.079,217.5,false,100,true
6300,3100,1100,2,18,true,3200,3700,0.449,-417.9,true,1100,true
6850,3400,550,1,19,true,3450,3150,0.662,-348.0,true,550,true
6850,3650,150,4,20,true,3200,3150,0.152,125.3,false,150,true
7050,3650,200,3,20,true,3400,2950,0.270,29.9,true,200,true
7550,3850,500,3,21,true,3700,2450,0.270,-53.0,true,500,true
7550,4450,100,5,22,true,3100,2450,0.079,212.6,false,100,true
7850,4450,300,2,22,true,3400,2150,0.449,-87.1,true,300,true
8100,4650,250,2,23,true,3450,1900,0.449,-63.8,true,250,true
9150,4850,1050,2,24,true,4300,850,0.449,-412.5,true,1050,true
9250,5100,100,4,25,true,4150,750,0.152,128.7,true,100,true
9300,5350,50,5,26,true,3950,700,0.079,224.3,true,50,true
9900,6000,600,2,27,true,3900,100,0.449,-211.5,true,600,true
10000,6300,100,4,28,true,3700,0,0.152,129.1,true,100,true
0,0,250,2,1,false,0,10000,0.449,-60.8,false,250,false
0,0,250,2,1,false,0,10000,0.449,-62.5,false,-250,false
0,200,500,3,2,false,-200,10000,0.270,-50.8,false,500,false
0,200,550,2,2,false,-200,10000,0.449,-204.1,false,50,false
0,200,550,2,2,false,-200,10000,0.449,-190.9,false,-550,false
0,500,200,4,3,false,-500,10000,0.152,113.4,false,200,false
0,500,350,2,3,false,-500,10000,0.449,-109.9,false,150,false
0,500,450,1,3,false,-500,10000,0.662,-275.5,false,100,false
0,500,450,1,3,false,-500,10000,0.662,-273.2,false,-450,false
0,750,150,4,4,false,-750,10000,0.152,121.2,false,150,false
0,750,150,4,4,false,-750,10000,0.152,121.6,false,-150,false
0,2050,150,4,5,false,-2050,10000,0.152,121.0,false,150,false
0,2050,200,3,5,false,-2050,10000,0.270,27.1,false,50,false
0,2050,400,1,5,false,-2050,10000,0.662,-240.2,false,200,false
0,2050,400,1,5,false,-2050,10000,0.662,-248.9,false,-400,false
0,2350,850,6,6,false,-2350,10000,0.030,327.6,false,850,false
0,2350,1000,4,6,true,-2350,10000,0.152,-21.0,true,1000,false
600,2500,600,2,7,true,-1900,9400,0.449,-206.9,true,600,false
1200,2650,600,2,8,true,-1450,8800,0.449,-209.1,true,600,false
1350,3050,150,4,9,true,-1700,8650,0.152,119.8,true,150,false
1550,3400,200,3,10,true,-1850,8450,0.270,29.0,true,200,false
1550,3650,0,6,11,true,-2100,8450,0.030,360.3,false,0,false
1750,3850,200,3,12,true,-2100,8250,0.270,32.5,true,200,false
2000,4050,250,3,13,true,-2050,8000,0.270,22.3,true,250,false
2000,4300,100,4,14,true,-2300,8000,0.152,130.8,false,100,false
2200,4300,200,3,14,true,-2100,7800,0.270,32.0,true,200,false
2200,4300,0,6,15,true,-2100,7800,0.030,361.8,false,0,false
2900,4500,700,2,16,true,-1600,7100,0.449,-266.3,true,700,false
2900,5200,100,5,17,true,-2300,7100,0.079,216.7,false,100,false
3100,5200,200,4,17,true,-2100,6900,0.152,114.5,true,200,false
3400,6300,300,2,18,true,-2900,6600,0.449,-82.1,true,300,false
3650,6850,250,3,19,true,-3200,6350,0.270,18.5,true,250,false
3850,7050,200,4,20,true,-3200,6150,0.152,117.1,true,200,false
4450,7550,600,2,21,true,-3100,5550,0.449,-215.5,true,600,false
4450,7850,150,4,22,true,-3400,5550,0.152,122.0,false,150,false
4650,7850,200,3,22,true,-3200,5350,0.270,28.7,true,200,false
4850,8100,200,4,23,true,-3250,5150,0.152,112.3,true,200,false
4850,9150,150,4,24,true,-4300,5150,0.152,117.3,false,150,false
5100,9150,250,2,24,true,-4050,4900,0.449,-60.9,true,250,false
5100,9250,150,4,25,true,-4150,4900,0.152,118.3,false,150,false
5350,9250,250,3,25,true,-3900,4650,0.270,17.0,true,250,false
6000,9300,650,2,26,true,-3300,4000,0.449,-242.6,true,650,false
6300,9900,300,2,27,true,-3600,3700,0.449,-80.8,true,300,false
0,0,100,5,1,false,0,10000,0.079,222.3,false,100,false
0,0,300,3,1,false,0,10000,0.270,0.7,false,200,false
0,0,400,2,1,false,0,10000,0.449,-130.9,false,100,false
0,0,400,2,1,false,0,10000,0.449,-123.0,false,-400,false
0,0,500,1,2,false,0,10000,0.662,-313.5,false,500,false
0,0,550,6,2,false,0,10000,0.030,338.6,false,50,false
0,0,1250,1,2,true,0,10000,0.662,-802.3,true,1250,false
0,2000,50,5,3,true,-2000,10000,0.079,223.9,false,50,false
0,2000,100,4,3,true,-2000,10000,0.152,128.0,false,50,false
200,2000,200,3,3,true,-1800,9800,0.270,30.8,true,200,false
200,2200,200,4,4,true,-2000,9800,0.152,113.0,false,200,false
450,2200,250,3,4,true,-1750,9550,0.270,14.8,true,250,false
450,3200,50,5,5,true,-2750,9550,0.079,217.6,false,50,false
1200,3200,750,1,5,true,-2000,8800,0.662,-482.8,true,750,false
1200,4000,100,5,6,true,-2800,8800,0.079,216.5,false,100,false
1200,4000,150,4,6,true,-2800,8800,0.152,119.1,false,50,false
1500,4000,300,2,6,true,-2500,8500,0.449,-79.8,true,300,false
1850,4350,350,1,7,true,-2500,8150,0.662,-209.4,true,350,false
2050,4500,200,3,8,true,-2450,7950,0.270,32.7,true,200,false
3550,4650,1500,6,9,true,-1100,6450,0.030,307.4,true,1500,false
3750,6750,200,3,10,true,-3000,6250,0.270,32.2,true,200,false
4750,7250,1000,3,11,true,-2500,5250,0.270,-191.9,true,1000,false
4950,8300,200,3,12,true,-3350,5050,0.270,32.3,true,200,false
5450,8450,500,1,13,true,-3000,4550,0.662,-305.6,true,500,false
5450,8650,50,5,14,true,-3200,4550,0.079,228.8,false,50,false
5600,8650,150,3,14,true,-3050,4400,0.270,49.5,true,150,false
5600,8850,100,4,15,true,-3250,4400,0.152,128.1,false,100,false
5900,8850,300,2,15,true,-2950,4100,0.449,-84.9,true,300,false
5900,9350,200,4,16,true,-3450,4100,0.152,111.9,false,200,false
6150,9350,250,3,16,true,-3200,3850,0.270,10.4,true,250,false
6150,9550,50,5,17,true,-3400,3850,0.079,227.6,false,50,false
6700,9550,550,2,17,true,-2850,3300,0.449,-198.8,true,550,false
0,0,450,2,1,false,0,10000,0.449,-156.6,false,450,true
0,0,550,1,1,false,0,10000,0.662,-341.7,false,100,true
0,0,600,6,1,false,0,10000,0.030,346.9,false,50,true
0,0,650,5,1,false,0,10000,0.079,177.6,false,50,true
0,0,750,3,1,false,0,10000,0.270,-123.8,false,100,true
0,0,900,1,1,false,0,10000,0.662,-575.3,false,150,true
0,0,950,6,1,false,0,10000,0.030,329.5,false,50,true
0,0,1350,2,1,true,0,10000,0.449,-559.6,true,1350,true
2000,0,2000,1,2,true,2000,8000,0.662,-1327.9,true,2000,true
2200,200,200,3,3,true,2000,7800,0.270,31.6,true,200,true
3200,450,1000,3,4,true,2750,6800,0.270,-186.7,true,1000,true
4000,1200,800,1,5,true,2800,6000,0.662,-509.3,true,800,true
4000,1500,150,4,6,true,2500,6000,0.152,120.9,false,150,true
4350,1500,350,1,6,true,2850,5650,0.662,-208.7,true,350,true
4500,1850,150,4,7,true,2650,5500,0.152,119.0,true,150,true
4650,2050,150,4,8,true,2600,5350,0.152,123.9,true,150,true
6750,3550,2100,6,9,true,3200,3250,0.030,290.2,true,2100,true
7250,3750,500,2,10,true,3500,2750,0.449,-171.9,true,500,true
8300,4750,1050,2,11,true,3550,1700,0.449,-419.8,true,1050,true
8450,4950,150,4,12,true,3500,1550,0.152,118.5,true,150,true
8650,5450,200,3,13,true,3200,1350,0.270,36.5,true,200,true
8850,5600,200,3,14,true,3250,1150,0.270,32.9,true,200,true
9350,5900,500,3,15,true,3450,650,0.270,-58.6,true,500,true
9550,6150,200,3,16,true,3400,450,0.270,29.3,true,200,true
10000,6700,450,1,17,true,3300,0,0.662,-277.4,true,450,true
0,0,250,3,1,false,0,10000,0.270,18.2,false,250,false
0,0,250,3,1,false,0,10000,0.270,22.1,false,-250,false
0,0,300,2,2,false,0,10000,0.449,-82.1,false,300,false
0,0,300,2,2,false,0,10000,0.449,-86.3,false,-300,false
0,500,0,6,3,false,-500,10000,0.030,365.8,false,0,false
0,700,50,5,4,false,-700,10000,0.079,220.4,false,50,false
0,700,200,3,4,false,-700,10000,0.270,34.6,false,150,false
0,700,250,2,4,false,-700,10000,0.449,-56.0,false,50,false
0,700,350,1,4,false,-700,10000,0.662,-206.6,false,100,false
0,700,350,1,4,false,-700,10000,0.662,-213.1,false,-350,false
0,900,500,2,5,false,-900,10000,0.449,-175.1,false,500,false
0,900,500,2,5,false,-900,10000,0.449,-178.9,false,-500,false
0,2400,100,5,6,false,-2400,10000,0.079,216.4,false,100,false
0,2400,500,1,6,false,-2400,10000,0.662,-314.2,false,400,false
0,2400,500,1,6,false,-2400,10000,0.662,-305.1,false,-500,false
0,2550,0,6,7,false,-2550,10000,0.030,346.3,false,0,false
0,2850,0,6,8,false,-2850,10000,0.030,365.4,false,0,false
0,3150,100,4,9,false,-3150,10000,0.152,127.7,false,100,false
0,3150,200,3,9,false,-3150,10000,0.270,34.4,false,100,false
0,3150,250,2,9,false,-3150,10000,0.449,-64.7,false,50,false
0,3150,250,2,9,false,-3150,10000,0.449,-63.2,false,-250,false
0,3350,500,1,10,false,-3350,10000,0.662,-301.0,false,500,false
0,3350,500,1,10,false,-3350,10000,0.662,-316.7,false,-500,false
0,3550,150,4,11,false,-3550,10000,0.152,121.5,false,150,false
0,3550,400,6,11,false,-3550,10000,0.030,344.6,false,250,false
0,3550,850,2,11,false,-3550,10000,0.449,-317.4,false,450,false
0,3550,950,1,11,false,-3550,10000,0.662,-608.2,false,100,false
0,3550,950,1,11,false,-3550,10000,0.662,-602.2,false,-950,false
0,3800,700,1,12,false,-3800,10000,0.662,-443.0,false,700,false
0,3800,750,6,12,false,-3800,10000,0.030,341.4,false,50,false
0,3800,1000,3,12,true,-3800,10000,0.270,-187.1,true,1000,false
0,4150,50,5,13,true,-4150,10000,0.079,222.3,false,50,false
0,4150,150,4,13,true,-4150,10000,0.152,116.4,false,100,false
800,4150,800,6,13,true,-3350,9200,0.030,336.2,true,800,false
1300,4900,500,3,14,true,-3600,8700,0.270,-52.2,true,500,false
1600,5150,300,2,15,true,-3550,8400,0.449,-82.8,true,300,false
1600,5350,100,4,16,true,-3750,8400,0.152,127.5,false,100,false
1600,5350,100,4,16,true,-3750,8400,0.152,130.7,false,-100,false
1600,5500,100,5,17,true,-3900,8400,0.079,216.1,false,100,false
1800,5500,200,3,17,true,-3700,8200,0.270,32.9,true,200,false
1800,5650,150,4,18,true,-3850,8200,0.152,116.8,false,150,false
2000,5650,200,3,18,true,-3650,8000,0.270,33.4,true,200,false
2000,6000,200,4,19,true,-4000,8000,0.152,115.3,false,200,false
2450,6000,450,1,19,true,-3550,7550,0.662,-279.5,true,450,false
2750,6350,300,2,20,true,-3600,7250,0.449,-84.0,true,300,false
3050,6350,300,2,21,true,-3300,6950,0.449,-81.9,true,300,false
4100,6550,1050,2,22,true,-2450,5900,0.449,-427.1,true,1050,false
4400,6550,300,2,23,true,-2150,5600,0.449,-82.9,true,300,false
4650,6750,250,3,24,true,-2100,5350,0.270,17.6,true,250,false
4650,7000,50,5,25,true,-2350,5350,0.079,224.0,false,50,false
5150,7000,500,6,25,true,-1850,4850,0.030,351.4,true,500,false
5150,7500,200,4,26,true,-2350,4850,0.152,110.8,false,200,false
5550,7500,400,2,26,true,-1950,4450,0.449,-126.7,true,400,false
7550,7750,2000,2,27,true,-200,2450,0.449,-858.2,true,2000,false
7800,7750,250,3,28,true,50,2200,0.270,16.5,true,250,false
7800,8050,150,4,29,true,-250,2200,0.152,121.4,false,150,false
7800,8050,150,4,29,true,-250,2200,0.152,118.0,false,-150,false
7800,8250,200,4,30,true,-450,2200,0.152,118.0,false,200,false
8150,8250,350,2,30,true,-100,1850,0.449,-106.7,true,350,false
8150,8500,200,4,31,true,-350,1850,0.152,108.7,false,200,false
8500,8500,350,2,31,true,0,1500,0.449,-103.4,true,350,false
8750,8800,250,3,32,true,-50,1250,0.270,16.2,true,250,false
8850,8900,100,4,33,true,-50,1150,0.152,133.2,true,100,false
9250,9300,400,2,34,true,-50,750,0.449,-131.8,true,400,false
9550,9400,300,1,35,true,150,450,0.662,-175.7,true,300,false
9750,9500,200,3,36,true,250,250,0.270,27.3,true,200,false
9800,9550,50,5,37,true,250,200,0.079,217.6,true,50,false
9850,9650,50,5,38,true,200,150,0.079,225.1,true,50,false
9850,9750,500,1,39,true,100,150,0.662,-309.7,true,-500,false
9850,9750,300,3,40,true,100,150,0.270,3.6,true,-300,false
9850,9900,300,3,41,true,-50,150,0.270,1.9,true,-300,false
9950,9900,100,5,42,true,50,50,0.079,212.8,true,100,false
9950,9900,800,1,43,true,50,50,0.662,-507.4,true,-800,false
9950,9900,200,3,44,true,50,50,0.270,32.9,true,-200,false
9950,9950,100,5,45,true,0,50,0.079,221.7,true,-100,false
9950,9950,150,4,46,true,0,50,0.152,113.3,true,-150,false
9950,9950,200,3,47,true,0,50,0.270,29.5,true,-200,false
9950,9950,100,5,48,true,0,50,0.079,222.6,true,-100,false
0,0,1000,3,1,true,0,10000,0.270,-194.9,true,1000,true
500,0,500,3,2,true,500,9500,0.270,-53.8,true,500,true
700,0,200,4,3,true,700,9300,0.152,112.9,true,200,true
900,0,200,3,4,true,900,9100,0.270,26.1,true,200,true
2400,0,1500,6,5,true,2400,7600,0.030,323.1,true,1500,true
2400,0,100,4,6,true,2400,7600,0.152,129.3,false,100,true
2550,0,150,3,6,true,2550,7450,0.270,43.9,true,150,true
2550,0,100,5,7,true,2550,7450,0.079,217.1,false,100,true
2850,0,300,3,7,true,2850,7150,0.270,2.7,true,300,true
3150,0,300,3,8,true,3150,6850,0.270,6.6,true,300,true
3350,0,200,3,9,true,3350,6650,0.270,33.3,true,200,true
3350,0,50,5,10,true,3350,6650,0.079,220.0,false,50,true
3550,0,200,3,10,true,3550,6450,0.270,30.8,true,200,true
3550,0,50,5,11,true,3550,6450,0.079,218.7,false,50,true
3800,0,250,3,11,true,3800,6200,0.270,12.4,true,250,true
3800,0,100,5,12,true,3800,6200,0.079,219.2,false,100,true
4150,0,350,2,12,true,4150,5850,0.449,-104.6,true,350,true
4900,800,750,1,13,true,4100,5100,0.662,-473.5,true,750,true
5150,1300,250,3,14,true,3850,4850,0.270,18.9,true,250,true
5150,1600,150,4,15,true,3550,4850,0.152,120.5,false,150,true
5350,1600,200,3,15,true,3750,4650,0.270,32.4,true,200,true
5500,1600,150,4,16,true,3900,4500,0.152,121.9,true,150,true
5650,1800,150,4,17,true,3850,4350,0.152,122.5,true,150,true
6000,2000,350,1,18,true,4000,4000,0.662,-210.7,true,350,true
6000,2450,50,5,19,true,3550,4000,0.079,222.3,false,50,true
6350,2450,350,2,19,true,3900,3650,0.449,-105.0,true,350,true
6350,2750,0,6,20,true,3600,3650,0.030,349.6,false,0,true
6550,3050,200,4,21,true,3500,3450,0.152,113.8,true,200,true
6550,4100,150,4,22,true,2450,3450,0.152,117.3,false,150,true
6550,4100,150,4,22,true,2450,3450,0.152,118.3,false,-150,true
6550,4400,100,5,23,true,2150,3450,0.079,214.6,false,100,true
6750,4400,200,3,23,true,2350,3250,0.270,34.1,true,200,true
6750,4650,150,4,24,true,2100,3250,0.152,115.7,false,150,true
7000,4650,250,3,24,true,2350,3000,0.270,17.4,true,250,true
7500,5150,500,3,25,true,2350,2500,0.270,-48.3,true,500,true
7750,5550,250,2,26,true,2200,2250,0.449,-59.1,true,250,true
7750,7550,50,5,27,true,200,2250,0.079,225.3,false,50,true
7750,7550,50,5,27,true,200,2250,0.079,218.0,false,-50,true
8050,7800,300,2,28,true,250,1950,0.449,-84.2,true,300,true
8250,7800,200,4,29,true,450,1750,0.152,108.9,true,200,true
8500,8150,250,3,30,true,350,1500,0.270,19.1,true,250,true
8500,8500,100,4,31,true,0,1500,0.152,128.5,false,100,true
8800,8500,300,2,31,true,300,1200,0.449,-85.0,true,300,true
8900,8750,100,4,32,true,150,1100,0.152,123.3,true,100,true
9300,8850,400,2,33,true,450,700,0.449,-126.0,true,400,true
9400,9250,100,4,34,true,150,600,0.152,125.0,true,100,true
9500,9550,100,4,35,true,-50,500,0.152,124.0,true,100,true
9550,9750,50,5,36,true,-200,450,0.079,228.8,true,50,true
9650,9800,100,5,37,true,-150,350,0.079,215.7,true,100,true
9750,9850,100,4,38,true,-100,250,0.152,126.8,true,100,true
9750,9850,700,1,39,true,-100,250,0.662,-432.0,true,-700,true
9900,9850,150,4,40,true,50,100,0.152,118.9,true,150,true
9900,9850,200,4,41,true,50,100,0.152,108.4,true,-200,true
9900,9950,300,2,42,true,-50,100,0.449,-79.7,true,-300,true
9900,9950,200,4,43,true,-50,100,0.152,114.1,true,-200,true
9950,9950,50,5,44,true,0,50,0.079,225.1,true,50,true
9950,9950,500,3,45,true,0,50,0.270,-54.1,true,-500,true
9950,9950,100,5,46,true,0,50,0.079,220.8,true,-100,true
9950,9950,250,3,47,true,0,50,0.270,13.1,true,-250,true
10000,9950,50,5,48,true,50,0,0.079,223.6,true,50,true
0,0,50,5,1,false,0,10000,0.079,220.9,false,50,false
0,0,300,2,1,false,0,10000,0.449,-85.7,false,250,false
0,0,400,1,1,false,0,10000,0.662,-237.8,false,100,false
0,0,400,1,1,false,0,10000,0.662,-238.8,false,-400,false
0,0,400,2,2,false,0,10000,0.449,-127.8,false,400,false
0,0,450,1,2,false,0,10000,0.662,-269.0,false,50,false
0,0,450,1,2,false,0,10000,0.662,-280.5,false,-450,false
0,0,300,2,3,false,0,10000,0.449,-83.8,false,300,false
0,0,450,6,3,false,0,10000,0.030,343.1,false,150,false
0,0,900,2,3,false,0,10000,0.449,-349.8,false,450,false
0,0,1000,1,3,true,0,10000,0.662,-633.6,true,1000,false
0,300,150,4,4,true,-300,10000,0.152,121.1,false,150,false
250,300,250,3,4,true,-50,9750,0.270,17.9,true,250,false
250,500,150,4,5,true,-250,9750,0.152,117.0,false,150,false
500,500,250,3,5,true,0,9500,0.270,16.4,true,250,false
500,1800,150,4,6,true,-1300,9500,0.152,118.4,false,150,false
500,1800,150,4,6,true,-1300,9500,0.152,119.2,false,-150,false
500,2200,150,4,7,true,-1700,9500,0.152,115.4,false,150,false
700,2200,200,3,7,true,-1500,9300,0.270,36.4,true,200,false
1750,3700,1050,2,8,true,-1950,8250,0.449,-423.0,true,1050,false
2000,3950,250,3,9,true,-1950,8000,0.270,19.0,true,250,false
2200,4100,200,3,10,true,-1900,7800,0.270,33.9,true,200,false
2800,4400,600,3,11,true,-1600,7200,0.270,-75.2,true,600,false
2800,4550,200,4,12,true,-1750,7200,0.152,110.5,false,200,false
3250,4550,450,1,12,true,-1300,6750,0.662,-279.6,true,450,false
3250,4700,100,5,13,true,-1450,6750,0.079,221.5,false,100,false
3500,4700,250,3,13,true,-1200,6500,0.270,17.6,true,250,false
4000,4950,500,1,14,true,-950,6000,0.662,-309.8,true,500,false
4200,5200,200,3,15,true,-1000,5800,0.270,31.3,true,200,false
4700,5200,500,3,16,true,-500,5300,0.270,-51.2,true,500,false
4950,5900,250,3,17,true,-950,5050,0.270,16.1,true,250,false
4950,6100,50,5,18,true,-1150,5050,0.079,225.6,false,50,false
5200,6100,250,3,18,true,-900,4800,0.270,15.9,true,250,false
5200,6300,100,5,19,true,-1100,4800,0.079,216.3,false,100,false
5200,6300,200,4,19,true,-1100,4800,0.152,112.2,false,100,false
5550,6300,350,2,19,true,-750,4450,0.449,-102.5,true,350,false
5900,6500,350,1,20,true,-600,4100,0.662,-206.2,true,350,false
6150,6500,250,2,21,true,-350,3850,0.449,-60.1,true,250,false
6150,6700,150,4,22,true,-550,3850,0.152,118.0,false,150,false
6150,6700,150,4,22,true,-550,3850,0.152,120.0,false,-150,false
6500,6700,350,1,23,true,-200,3500,0.662,-209.4,true,350,false
7000,6900,500,2,24,true,100,3000,0.449,-169.0,true,500,false
7200,7400,200,3,25,true,-200,2800,0.270,28.2,true,200,false
7400,7700,200,3,26,true,-300,2600,0.270,35.1,true,200,false
7400,7850,200,4,27,true,-450,2600,0.152,117.9,false,200,false
7650,7850,250,3,27,true,-200,2350,0.270,15.0,true,250,false
8250,8100,600,2,28,true,150,1750,0.449,-215.6,true,600,false
8500,9000,250,3,29,true,-500,1500,0.270,16.3,true,250,false
8500,9400,50,5,30,true,-900,1500,0.079,218.0,false,50,false
8950,9400,450,2,30,true,-450,1050,0.449,-143.7,true,450,false
9000,9550,50,5,31,true,-550,1000,0.079,224.6,true,50,false
9450,9750,450,2,32,true,-300,550,0.449,-154.7,true,450,false
9750,9750,300,2,33,true,0,250,0.449,-82.4,true,300,false
9900,9950,150,4,34,true,-50,100,0.152,123.4,true,150,false
9900,9950,0,6,35,true,-50,100,0.030,360.9,false,0,false
0,0,500,2,1,false,0,10000,0.449,-175.6,false,500,true
0,0,500,2,1,false,0,10000,0.449,-173.0,false,-500,true
0,0,200,3,2,false,0,10000,0.270,33.6,false,200,true
0,0,300,1,2,false,0,10000,0.662,-173.5,false,100,true
0,0,400,6,2,false,0,10000,0.030,345.9,false,100,true
0,0,1050,2,2,true,0,10000,0.449,-419.7,true,1050,true
300,0,300,2,3,true,300,9700,0.449,-81.1,true,300,true
300,250,100,5,4,true,50,9700,0.079,217.0,false,100,true
500,250,200,4,4,true,250,9500,0.152,113.7,true,200,true
1800,500,1300,6,5,true,1300,8200,0.030,313.3,true,1300,true
2200,500,400,2,6,true,1700,7800,0.449,-122.8,true,400,true
3700,700,1500,6,7,true,3000,6300,0.030,308.3,true,1500,true
3950,1750,250,3,8,true,2200,6050,0.270,15.2,true,250,true
3950,2000,50,5,9,true,1950,6050,0.079,216.3,false,50,true
4100,2000,150,4,9,true,2100,5900,0.152,119.0,true,150,true
4400,2200,300,1,10,true,2200,5600,0.662,-172.9,true,300,true
4550,2800,150,4,11,true,1750,5450,0.152,121.1,true,150,true
4700,3250,150,4,12,true,1450,5300,0.152,124.8,true,150,true
4950,3500,250,3,13,true,1450,5050,0.270,20.4,true,250,true
5200,4000,250,3,14,true,1200,4800,0.270,12.7,true,250,true
5200,4200,50,5,15,true,1000,4800,0.079,221.2,false,50,true
5200,4200,100,4,15,true,1000,4800,0.152,126.2,false,50,true
5200,4200,100,4,15,true,1000,4800,0.152,125.8,false,-100,true
5900,4700,700,2,16,true,1200,4100,0.449,-262.9,true,700,true
6100,4950,200,3,17,true,1150,3900,0.270,31.2,true,200,true
6300,5200,200,3,18,true,1100,3700,0.270,34.1,true,200,true
6500,5550,200,4,19,true,950,3500,0.152,113.4,true,200,true
6500,5900,100,4,20,true,600,3500,0.152,129.0,false,100,true
6500,5900,100,4,20,true,600,3500,0.152,126.4,false,-100,true
6700,6150,200,4,21,true,550,3300,0.152,110.9,true,200,true
6700,6150,0,6,22,true,550,3300,0.030,361.9,false,0,true
6900,6500,200,3,23,true,400,3100,0.270,32.4,true,200,true
7400,7000,500,2,24,true,400,2600,0.449,-176.6,true,500,true
7700,7200,300,2,25,true,500,2300,0.449,-81.1,true,300,true
7850,7400,150,4,26,true,450,2150,0.152,119.6,true,150,true
8100,7650,250,3,27,true,450,1900,0.270,12.2,true,250,true
9000,8250,900,1,28,true,750,1000,0.662,-583.0,true,900,true
9400,8500,400,2,29,true,900,600,0.449,-125.2,true,400,true
9550,8950,150,4,30,true,600,450,0.152,118.1,true,150,true
9750,9000,200,4,31,true,750,250,0.152,117.7,true,200,true
9750,9450,1500,6,32,true,300,250,0.030,320.5,true,-1500,true
9950,9750,200,4,33,true,200,50,0.152,113.6,true,200,true
9950,9900,350,2,34,true,50,50,0.449,-107.1,true,-350,true
10000,9900,50,5,35,true,100,0,0.079,216.2,true,50,true
0,0,300,1,1,false,0,10000,0.662,-172.3,false,300,false
0,0,300,1,1,false,0,10000,0.662,-175.5,false,-300,false
0,0,600,6,2,false,0,10000,0.030,354.4,false,600,false
0,0,1400,2,2,true,0,10000,0.449,-594.0,true,1400,false
0,0,150,4,3,true,0,10000,0.152,121.7,false,150,false
300,0,300,2,3,true,300,9700,0.449,-87.2,true,300,false
750,0,450,1,4,true,750,9250,0.662,-272.5,true,450,false
1250,250,500,3,5,true,1000,8750,0.270,-51.9,true,500,false
1250,450,150,4,6,true,800,8750,0.152,121.1,false,150,false
1250,450,150,4,6,true,800,8750,0.152,119.0,false,-150,false
1500,650,250,3,7,true,850,8500,0.270,16.8,true,250,false
1500,1300,50,5,8,true,200,8500,0.079,221.5,false,50,false
1750,1300,250,3,8,true,450,8250,0.270,15.7,true,250,false
2750,1500,1000,3,9,true,1250,7250,0.270,-198.4,true,1000,false
2750,1700,100,4,10,true,1050,7250,0.152,131.0,false,100,false
3000,1700,250,2,10,true,1300,7000,0.449,-60.9,true,250,false
3700,1850,700,2,11,true,1850,6300,0.449,-267.1,true,700,false
3950,2100,250,3,12,true,1850,6050,0.270,21.2,true,250,false
3950,2250,50,5,13,true,1700,6050,0.079,215.7,false,50,false
4150,2250,200,3,13,true,1900,5850,0.270,29.3,true,200,false
4150,2450,150,4,14,true,1700,5850,0.152,121.4,false,150,false
4500,2450,350,2,14,true,2050,5500,0.449,-104.9,true,350,false
4500,2650,200,4,15,true,1850,5500,0.152,111.8,false,200,false
4800,2650,300,2,15,true,2150,5200,0.449,-80.9,true,300,false
4800,4150,150,4,16,true,650,5200,0.152,122.7,false,150,false
5100,4150,300,2,16,true,950,4900,0.449,-83.7,true,300,false
5300,5750,200,3,17,true,-450,4700,0.270,29.1,true,200,false
5300,5950,100,5,18,true,-650,4700,0.079,222.6,false,100,false
5900,5950,600,2,18,true,-50,4100,0.449,-214.8,true,600,false
6150,6450,250,2,19,true,-300,3850,0.449,-59.3,true,250,false
6350,6650,200,3,20,true,-300,3650,0.270,27.4,true,200,false
7350,6900,1000,3,21,true,450,2650,0.270,-193.6,true,1000,false
7350,7300,100,5,22,true,50,2650,0.079,213.4,false,100,false
7700,7300,350,2,22,true,400,2300,0.449,-105.9,true,350,false
7950,7300,250,3,23,true,650,2050,0.270,15.3,true,250,false
8950,7550,1000,3,24,true,1400,1050,0.270,-200.4,true,1000,false
9550,8650,600,2,25,true,900,450,0.449,-214.7,true,600,false
9700,8850,150,4,26,true,850,300,0.152,121.6,true,150,false
9850,9200,150,4,27,true,650,150,0.152,118.4,true,150,false
9900,9350,50,5,28,true,550,100,0.079,228.7,true,50,false
9900,9350,750,1,29,true,550,100,0.662,-472.0,true,-750,false
9900,9850,500,1,30,true,50,100,0.662,-307.4,true,-500,false
9900,9950,1500,6,31,true,-50,100,0.030,318.1,true,-1500,false
0,0,150,4,1,false,0,10000,0.152,117.2,false,150,true
0,0,200,3,1,false,0,10000,0.270,29.8,false,50,true
0,0,400,1,1,false,0,10000,0.662,-243.4,false,200,true
0,0,400,1,1,false,0,10000,0.662,-242.4,false,-400,true
0,0,400,3,2,false,0,10000,0.270,-19.3,false,400,true
0,0,500,2,2,false,0,10000,0.449,-171.4,false,100,true
0,0,600,6,2,false,0,10000,0.030,337.1,false,100,true
0,0,650,5,2,false,0,10000,0.079,179.5,false,50,true
0,0,750,3,2,false,0,10000,0.270,-115.8,false,100,true
0,0,850,2,2,false,0,10000,0.449,-324.6,false,100,true
0,0,850,2,2,false,0,10000,0.449,-329.2,false,-850,true
0,300,400,1,3,false,-300,10000,0.662,-243.1,false,400,true
0,300,500,6,3,false,-300,10000,0.030,335.4,false,100,true
0,300,800,2,3,false,-300,10000,0.449,-309.6,false,300,true
0,300,850,1,3,false,-300,10000,0.662,-548.1,false,50,true
0,300,950,6,3,false,-300,10000,0.030,332.9,false,100,true
0,300,1150,3,3,true,-300,10000,0.270,-232.2,true,1150,true
0,750,100,4,4,true,-750,10000,0.152,123.3,false,100,true
250,750,250,2,4,true,-500,9750,0.449,-60.9,true,250,true
450,1250,200,3,5,true,-800,9550,0.270,30.5,true,200,true
650,1250,200,3,6,true,-600,9350,0.270,26.2,true,200,true
1300,1500,650,2,7,true,-200,8700,0.449,-242.2,true,650,true
1500,1750,200,3,8,true,-250,8500,0.270,32.5,true,200,true
1700,2750,200,3,9,true,-1050,8300,0.270,33.9,true,200,true
1850,3000,150,4,10,true,-1150,8150,0.152,116.3,true,150,true
2100,3700,250,3,11,true,-1600,7900,0.270,19.9,true,250,true
2250,3950,150,4,12,true,-1700,7750,0.152,119.9,true,150,true
2450,4150,200,4,13,true,-1700,7550,0.152,114.4,true,200,true
2450,4500,100,4,14,true,-2050,7550,0.152,128.5,false,100,true
2650,4500,200,3,14,true,-1850,7350,0.270,33.8,true,200,true
4150,4800,1500,6,15,true,-650,5850,0.030,314.9,true,1500,true
5750,5100,1600,1,16,true,650,4250,0.662,-1028.9,true,1600,true
5950,5300,200,3,17,true,650,4050,0.270,30.4,true,200,true
6450,5900,500,1,18,true,550,3550,0.662,-311.0,true,500,true
6650,6150,200,3,19,true,500,3350,0.270,36.2,true,200,true
6900,6350,250,3,20,true,550,3100,0.270,15.4,true,250,true
7300,7350,400,3,21,true,-50,2700,0.270,-29.5,true,400,true
7300,7700,0,6,22,true,-400,2700,0.030,359.4,false,0,true
7300,7950,150,4,23,true,-650,2700,0.152,122.8,false,150,true
7550,7950,250,3,23,true,-400,2450,0.270,15.5,true,250,true
7550,8950,100,4,24,true,-1400,2450,0.152,126.8,false,100,true
8650,8950,1100,1,24,true,-300,1350,0.662,-711.5,true,1100,true
8850,9550,200,3,25,true,-700,1150,0.270,28.5,true,200,true
9200,9700,350,2,26,true,-500,800,0.449,-107.9,true,350,true
9350,9850,150,4,27,true,-500,650,0.152,116.7,true,150,true
9350,9900,700,2,28,true,-550,650,0.449,-249.0,true,-700,true
9850,9900,500,6,29,true,-50,150,0.030,340.9,true,500,true
9950,9900,100,4,30,true,50,50,0.152,127.3,true,100,true
10000,9900,50,5,31,true,100,0,0.079,220.6,true,50,true
0,0,300,2,1,false,0,10000,0.449,-84.9,false,300,false
0,0,300,2,1,false,0,10000,0.449,-80.9,false,-300,false
0,0,50,5,2,false,0,10000,0.079,223.7,false,50,false
0,0,300,2,2,false,0,10000,0.449,-79.8,false,250,false
0,0,400,1,2,false,0,10000,0.662,-239.9,false,100,false
0,0,400,1,2,false,0,10000,0.662,-244.2,false,-400,false
0,0,200,4,3,false,0,10000,0.152,112.9,false,200,false
0,0,300,3,3,false,0,10000,0.270,6.5,false,100,false
0,0,300,3,3,false,0,10000,0.270,5.3,false,-300,false
0,0,100,4,4,false,0,10000,0.152,127.6,false,100,false
0,0,200,2,4,false,0,10000,0.449,-41.6,false,100,false
0,0,250,1,4,false,0,10000,0.662,-137.7,false,50,false
0,0,250,1,4,false,0,10000,0.662,-141.0,false,-250,false
0,0,400,3,5,false,0,10000,0.270,-22.0,false,400,false
0,0,450,2,5,false,0,10000,0.449,-152.9,false,50,false
0,0,550,1,5,false,0,10000,0.662,-342.4,false,100,false
0,0,550,1,5,false,0,10000,0.662,-345.9,false,-550,false
0,0,250,3,6,false,0,10000,0.270,20.1,false,250,false
0,0,300,2,6,false,0,10000,0.449,-88.7,false,50,false
0,0,400,1,6,false,0,10000,0.662,-243.2,false,100,false
0,0,400,1,6,false,0,10000,0.662,-243.0,false,-400,false
0,650,50,5,7,false,-650,10000,0.079,220.2,false,50,false
0,650,300,2,7,false,-650,10000,0.449,-82.9,false,250,false
0,650,300,2,7,false,-650,10000,0.449,-79.3,false,-300,false
0,900,250,3,8,false,-900,10000,0.270,17.5,false,250,false
0,900,350,1,8,false,-900,10000,0.662,-206.1,false,100,false
0,900,350,1,8,false,-900,10000,0.662,-206.6,false,-350,false
0,1100,100,4,9,false,-1100,10000,0.152,129.9,false,100,false
0,1100,250,2,9,false,-1100,10000,0.449,-59.6,false,150,false
0,1100,250,2,9,false,-1100,10000,0.449,-61.4,false,-250,false
0,1300,200,4,10,false,-1300,10000,0.152,110.6,false,200,false
0,1300,350,2,10,false,-1300,10000,0.449,-110.5,false,150,false
0,1300,400,1,10,false,-1300,10000,0.662,-242.7,false,50,false
0,1300,400,1,10,false,-1300,10000,0.662,-243.5,false,-400,false
0,2200,50,5,11,false,-2200,10000,0.079,225.9,false,50,false
0,2200,150,4,11,false,-2200,10000,0.152,123.0,false,100,false
0,2200,1150,1,11,true,-2200,10000,0.662,-743.1,true,1150,false
600,2500,600,2,12,true,-1900,9400,0.449,-222.7,true,600,false
800,2650,200,3,13,true,-1850,9200,0.270,34.7,true,200,false
800,2950,200,4,14,true,-2150,9200,0.152,106.7,false,200,false
1200,2950,400,2,14,true,-1750,8800,0.449,-120.4,true,400,false
1200,3350,150,4,15,true,-2150,8800,0.152,121.9,false,150,false
1550,3350,350,2,15,true,-1800,8450,0.449,-111.1,true,350,false
1800,3950,250,3,16,true,-2150,8200,0.270,15.5,true,250,false
1800,4450,200,4,17,true,-2650,8200,0.152,114.6,false,200,false
2300,4450,500,1,17,true,-2150,7700,0.662,-306.8,true,500,false
2300,4650,150,4,18,true,-2350,7700,0.152,119.6,false,150,false
2600,4650,300,2,18,true,-2050,7400,0.449,-75.5,true,300,false
2800,5650,200,3,19,true,-2850,7200,0.270,33.6,true,200,false
2800,5800,100,4,20,true,-3000,7200,0.152,128.9,false,100,false
3100,5800,300,2,20,true,-2700,6900,0.449,-78.7,true,300,false
3350,6300,250,2,21,true,-2950,6650,0.449,-59.9,true,250,false
4150,7050,800,2,22,true,-2900,5850,0.449,-305.1,true,800,false
4400,7250,250,3,23,true,-2850,5600,0.270,17.2,true,250,false
5300,7500,900,1,24,true,-2200,4700,0.662,-578.8,true,900,false
5300,7750,150,4,25,true,-2450,4700,0.152,120.1,false,150,false
5300,7750,150,4,25,true,-2450,4700,0.152,121.3,false,-150,false
6300,8300,1000,3,26,true,-2000,3700,0.270,-180.7,true,1000,false
6700,8700,400,3,27,true,-2000,3300,0.270,-25.4,true,400,false
0,0,200,4,1,false,0,10000,0.152,110.1,false,200,true
0,0,300,3,1,false,0,10000,0.270,6.7,false,100,true
0,0,300,3,1,false,0,10000,0.270,8.3,false,-300,true
0,0,50,5,2,false,0,10000,0.079,224.6,false,50,true
0,0,150,4,2,false,0,10000,0.152,119.5,false,100,true
0,0,200,3,2,false,0,10000,0.270,30.5,false,50,true
0,0,200,3,2,false,0,10000,0.270,29.2,false,-200,true
0,0,550,1,3,false,0,10000,0.662,-334.5,false,550,true
0,0,550,1,3,false,0,10000,0.662,-339.7,false,-550,true
0,0,100,5,4,false,0,10000,0.079,209.4,false,100,true
0,0,250,3,4,false,0,10000,0.270,16.3,false,150,true
0,0,400,1,4,false,0,10000,0.662,-237.4,false,150,true
0,0,400,1,4,false,0,10000,0.662,-246.8,false,-400,true
0,0,800,1,5,false,0,10000,0.662,-506.6,false,800,true
0,0,900,6,5,false,0,10000,0.030,317.4,false,100,true
0,0,1400,3,5,true,0,10000,0.270,-287.9,true,1400,true
0,0,150,4,6,true,0,10000,0.152,115.5,false,150,true
650,0,650,1,6,true,650,9350,0.662,-406.7,true,650,true
900,0,250,3,7,true,900,9100,0.270,18.0,true,250,true
1100,0,200,3,8,true,1100,8900,0.270,29.7,true,200,true
1300,0,200,3,9,true,1300,8700,0.270,32.9,true,200,true
2200,0,900,1,10,true,2200,7800,0.662,-588.1,true,900,true
2200,0,100,5,11,true,2200,7800,0.079,219.3,false,100,true
2200,0,150,4,11,true,2200,7800,0.152,119.9,false,50,true
2500,0,300,2,11,true,2500,7500,0.449,-84.6,true,300,true
2650,600,150,4,12,true,2050,7350,0.152,118.5,true,150,true
2950,800,300,2,13,true,2150,7050,0.449,-89.4,true,300,true
3350,1200,400,3,14,true,2150,6650,0.270,-24.1,true,400,true
3950,1550,600,1,15,true,2400,6050,0.662,-375.2,true,600,true
4450,1800,500,3,16,true,2650,5550,0.270,-57.6,true,500,true
4650,2300,200,4,17,true,2350,5350,0.152,112.2,true,200,true
5650,2600,1000,3,18,true,3050,4350,0.270,-184.1,true,1000,true
5800,2800,150,4,19,true,3000,4200,0.152,119.7,true,150,true
6300,3100,500,3,20,true,3200,3700,0.270,-56.0,true,500,true
7050,3350,750,6,21,true,3700,2950,0.030,333.3,true,750,true
7050,4150,50,5,22,true,2900,2950,0.079,224.0,false,50,true
7050,4150,100,4,22,true,2900,2950,0.152,126.7,false,50,true
7250,4150,200,3,22,true,3100,2750,0.270,29.9,true,200,true
7250,4400,150,4,23,true,2850,2750,0.152,117.4,false,150,true
7500,4400,250,2,23,true,3100,2500,0.449,-63.6,true,250,true
7750,5300,250,3,24,true,2450,2250,0.270,19.0,true,250,true
8300,5300,550,1,25,true,3000,1700,0.662,-342.3,true,550,true
8300,6300,100,5,26,true,2000,1700,0.079,221.8,false,100,true
8700,6300,400,1,26,true,2400,1300,0.662,-239.5,true,400,true
10000,6700,1300,1,27,true,3300,0,0.662,-866.6,true,1300,true
0,0,250,3,1,false,0,10000,0.270,15.5,false,250,false
0,0,350,2,1,false,0,10000,0.449,-101.9,false,100,false
0,0,400,1,1,false,0,10000,0.662,-239.6,false,50,false
0,0,450,6,1,false,0,10000,0.030,350.4,false,50,false
0,0,500,5,1,false,0,10000,0.079,188.0,false,50,false
0,0,750,2,1,false,0,10000,0.449,-284.4,false,250,false
0,0,750,2,1,false,0,10000,0.449,-285.0,false,-750,false
0,0,250,2,2,false,0,10000,0.449,-62.6,false,250,false
0,0,250,2,2,false,0,10000,0.449,-62.6,false,-250,false
0,0,1000,3,3,true,0,10000,0.270,-184.3,true,1000,false
0,0,100,5,4,true,0,10000,0.079,222.4,false,100,false
350,0,350,2,4,true,350,9650,0.449,-97.7,true,350,false
350,0,200,4,5,true,350,9650,0.152,120.0,false,200,false
700,0,350,2,5,true,700,9300,0.449,-108.9,true,350,false
700,0,200,4,6,true,700,9300,0.152,112.1,false,200,false
700,0,200,4,6,true,700,9300,0.152,118.7,false,-200,false
700,0,100,4,7,true,700,9300,0.152,127.6,false,100,false
900,0,200,3,7,true,900,9100,0.270,29.4,true,200,false
900,250,100,5,8,true,650,9100,0.079,214.6,false,100,false
900,250,200,4,8,true,650,9100,0.152,115.1,false,100,false
1400,250,500,6,8,true,1150,8600,0.030,353.7,true,500,false
3000,550,1600,6,9,true,2450,7000,0.030,303.2,true,1600,false
3600,850,600,2,10,true,2750,6400,0.449,-220.8,true,600,false
4700,1100,1100,1,11,true,3600,5300,0.662,-706.7,true,1100,false
4700,1250,150,4,12,true,3450,5300,0.152,120.7,false,150,false
5050,1250,350,2,12,true,3800,4950,0.449,-107.5,true,350,false
5050,1750,150,4,13,true,3300,4950,0.152,124.2,false,150,false
5250,1750,200,3,13,true,3500,4750,0.270,31.8,true,200,false
5750,2750,500,3,14,true,3000,4250,0.270,-59.1,true,500,false
6800,3100,1050,2,15,true,3700,3200,0.449,-424.9,true,1050,false
7100,3500,300,2,16,true,3600,2900,0.449,-85.0,true,300,false
7100,3750,100,4,17,true,3350,2900,0.152,125.9,false,100,false
7250,3750,150,3,17,true,3500,2750,0.270,45.9,true,150,false
7750,4000,500,2,18,true,3750,2250,0.449,-171.7,true,500,false
8350,4500,600,3,19,true,3850,1650,0.270,-85.6,true,600,false
8800,5000,450,1,20,true,3800,1200,0.662,-282.5,true,450,false
9400,5300,600,1,21,true,4100,600,0.662,-376.2,true,600,false
9450,5300,50,5,22,true,4150,550,0.079,223.6,true,50,false
9750,5800,300,2,23,true,3950,250,0.449,-82.7,true,300,false
9800,6100,50,5,24,true,3700,200,0.079,222.4,true,50,false
9800,6350,700,1,25,true,3450,200,0.662,-441.0,true,-700,false
9900,7400,100,4,26,true,2500,100,0.152,125.0,true,100,false
9900,7400,200,3,27,true,2500,100,0.270,33.2,true,-200,false
9900,8150,1050,2,28,true,1750,100,0.449,-419.5,true,-1050,false
9900,8400,200,3,29,true,1500,100,0.270,32.5,true,-200,false
9950,8650,50,5,30,true,1300,50,0.079,216.5,true,50,false
9950,8750,700,1,31,true,1200,50,0.662,-445.2,true,-700,false
9950,9300,100,4,32,true,650,50,0.152,125.5,true,-100,false
9950,9500,200,3,33,true,450,50,0.270,30.1,true,-200,false
9950,9650,100,4,34,true,300,50,0.152,126.9,true,-100,false
9950,9650,100,5,35,true,300,50,0.079,211.0,true,-100,false
9950,9800,100,4,36,true,150,50,0.152,127.4,true,-100,false
0,0,150,4,1,false,0,10000,0.152,114.2,false,150,true
0,0,200,3,1,false,0,10000,0.270,37.9,false,50,true
0,0,200,3,1,false,0,10000,0.270,30.8,false,-200,true
0,0,400,2,2,false,0,10000,0.449,-128.9,false,400,true
0,0,450,1,2,false,0,10000,0.662,-276.6,false,50,true
0,0,450,1,2,false,0,10000,0.662,-281.8,false,-450,true
0,0,150,4,3,false,0,10000,0.152,116.7,false,150,true
0,0,400,1,3,false,0,10000,0.662,-239.5,false,250,true
0,0,450,6,3,false,0,10000,0.030,345.2,false,50,true
0,0,550,5,3,false,0,10000,0.079,180.3,false,100,true
0,0,550,5,3,false,0,10000,0.079,187.9,false,-550,true
0,350,200,4,4,false,-350,10000,0.152,112.2,false,200,true
0,350,250,3,4,false,-350,10000,0.270,16.1,false,50,true
0,350,250,3,4,false,-350,10000,0.270,13.1,false,-250,true
0,700,250,3,5,false,-700,10000,0.270,16.9,false,250,true
0,700,300,2,5,false,-700,10000,0.449,-83.9,false,50,true
0,700,300,2,5,false,-700,10000,0.449,-81.2,false,-300,true
0,700,1000,3,6,true,-700,10000,0.270,-203.6,true,1000,true
0,900,100,5,7,true,-900,10000,0.079,213.9,false,100,true
250,900,250,3,7,true,-650,9750,0.270,17.4,true,250,true
550,1400,300,1,8,true,-850,9450,0.662,-171.1,true,300,true
850,3000,300,2,9,true,-2150,9150,0.449,-87.7,true,300,true
1100,3600,250,3,10,true,-2500,8900,0.270,19.9,true,250,true
1250,4700,150,4,11,true,-3450,8750,0.152,125.0,true,150,true
1750,5050,500,2,12,true,-3300,8250,0.449,-170.4,true,500,true
2750,5250,1000,3,13,true,-2500,7250,0.270,-201.7,true,1000,true
2750,5750,50,5,14,true,-3000,7250,0.079,221.3,false,50,true
3100,5750,350,1,14,true,-2650,6900,0.662,-209.9,true,350,true
3500,6800,400,3,15,true,-3300,6500,0.270,-18.3,true,400,true
3750,7100,250,3,16,true,-3350,6250,0.270,17.9,true,250,true
4000,7250,250,2,17,true,-3250,6000,0.449,-60.1,true,250,true
4500,7750,500,3,18,true,-3250,5500,0.270,-50.2,true,500,true
5000,8350,500,3,19,true,-3350,5000,0.270,-57.7,true,500,true
5300,8800,300,2,20,true,-3500,4700,0.449,-80.9,true,300,true
5300,9400,50,5,21,true,-4100,4700,0.079,217.7,false,50,true
5300,9400,50,5,21,true,-4100,4700,0.079,224.8,false,-50,true
5800,9450,500,3,22,true,-3650,4200,0.270,-55.7,true,500,true
6100,9750,300,2,23,true,-3650,3900,0.449,-84.3,true,300,true
6350,9800,250,3,24,true,-3450,3650,0.270,13.5,true,250,true
7400,9800,1050,2,25,true,-2400,2600,0.449,-408.6,true,1050,true
7400,9900,0,6,26,true,-2500,2600,0.030,350.6,false,0,true
8150,9900,750,1,27,true,-1750,1850,0.662,-463.1,true,750,true
8150,9900,100,4,28,true,-1750,1850,0.152,131.0,false,100,true
8400,9900,250,2,28,true,-1500,1600,0.449,-62.2,true,250,true
8650,9900,250,3,29,true,-1250,1350,0.270,19.6,true,250,true
8750,9950,100,5,30,true,-1200,1250,0.079,221.4,true,100,true
9300,9950,550,1,31,true,-650,700,0.662,-338.1,true,550,true
9500,9950,200,3,32,true,-450,500,0.270,30.9,true,200,true
9650,9950,150,4,33,true,-300,350,0.152,117.8,true,150,true
9650,9950,650,2,34,true,-300,350,0.449,-238.3,true,-650,true
9800,9950,150,4,35,true,-150,200,0.152,125.5,true,150,true
10000,9950,200,4,36,true,50,0,0.152,119.0,true,200,true
0,0,100,4,1,false,0,10000,0.152,125.7,false,100,true
0,0,200,3,1,false,0,10000,0.270,31.9,false,100,true
0,0,250,2,1,false,0,10000,0.449,-58.1,false,50,true
0,0,250,2,1,false,0,10000,0.449,-59.9,false,-250,true
0,0,100,5,2,false,0,10000,0.079,213.1,false,100,true
0,0,200,4,2,false,0,10000,0.152,114.2,false,100,true
0,0,350,2,2,false,0,10000,0.449,-104.9,false,150,true
0,0,450,1,2,false,0,10000,0.662,-278.5,false,100,true
0,0,450,1,2,false,0,10000,0.662,-274.6,false,-450,true
0,0,150,4,3,false,0,10000,0.152,119.3,false,150,true
0,0,300,2,3,false,0,10000,0.449,-85.7,false,150,true
0,0,450,6,3,false,0,10000,0.030,349.0,false,150,true
0,0,450,6,3,false,0,10000,0.030,343.9,false,-450,true
0,400,200,4,4,false,-400,10000,0.152,112.0,false,200,true
0,400,850,6,4,false,-400,10000,0.030,329.4,false,650,true
0,400,850,6,4,false,-400,10000,0.030,326.0,false,-850,true
0,550,200,3,5,false,-550,10000,0.270,31.2,false,200,true
0,550,250,2,5,false,-550,10000,0.449,-59.1,false,50,true
0,550,350,1,5,false,-550,10000,0.662,-209.7,false,100,true
0,550,350,1,5,false,-550,10000,0.662,-207.2,false,-350,true
0,750,250,3,6,false,-750,10000,0.270,14.2,false,250,true
0,750,250,3,6,false,-750,10000,0.270,18.4,false,-250,true
0,1050,300,2,7,false,-1050,10000,0.449,-82.9,false,300,true
0,1050,350,1,7,false,-1050,10000,0.662,-205.7,false,50,true
0,1050,400,6,7,false,-1050,10000,0.030,347.4,false,50,true
0,1050,1450,2,7,true,-1050,10000,0.449,-594.2,true,1450,true
0,1050,100,4,8,true,-1050,10000,0.152,130.3,false,100,true
400,1050,400,1,8,true,-650,9600,0.662,-240.6,true,400,true
400,1700,150,4,9,true,-1300,9600,0.152,118.0,false,150,true
800,1700,400,1,9,true,-900,9200,0.662,-237.4,true,400,true
800,2000,150,4,10,true,-1200,9200,0.152,122.4,false,150,true
1050,2000,250,3,10,true,-950,8950,0.270,14.7,true,250,true
1050,3050,0,6,11,true,-2000,8950,0.030,353.5,false,0,true
1250,3250,200,3,12,true,-2000,8750,0.270,32.6,true,200,true
1250,3400,150,4,13,true,-2150,8750,0.152,118.7,false,150,true
1500,3400,250,3,13,true,-1900,8500,0.270,13.9,true,250,true
1500,4900,50,5,14,true,-3400,8500,0.079,227.3,false,50,true
1700,4900,200,3,14,true,-3200,8300,0.270,34.2,true,200,true
1700,5500,100,5,15,true,-3800,8300,0.079,217.4,false,100,true
2000,5500,300,2,15,true,-3500,8000,0.449,-84.4,true,300,true
2200,6100,200,3,16,true,-3900,7800,0.270,30.0,true,200,true
2200,6400,150,4,17,true,-4200,7800,0.152,122.0,false,150,true
2500,6400,300,2,17,true,-3900,7500,0.449,-81.9,true,300,true
2500,6600,100,5,18,true,-4100,7500,0.079,209.4,false,100,true
2800,6600,300,3,18,true,-3800,7200,0.270,1.9,true,300,true
2800,6800,200,4,19,true,-4000,7200,0.152,109.3,false,200,true
3050,6800,250,3,19,true,-3750,6950,0.270,19.2,true,250,true
3050,7500,100,5,20,true,-4450,6950,0.079,219.7,false,100,true
3300,7500,250,3,20,true,-4200,6700,0.270,19.1,true,250,true
3300,7800,200,4,21,true,-4500,6700,0.152,105.4,false,200,true
3550,7800,250,3,21,true,-4250,6450,0.270,20.0,true,250,true
3550,8450,150,4,22,true,-4900,6450,0.152,115.1,false,150,true
3750,8450,200,3,22,true,-4700,6250,0.270,29.7,true,200,true
4100,8950,350,2,23,true,-4850,5900,0.449,-105.4,true,350,true
4400,9250,300,3,24,true,-4850,5600,0.270,5.5,true,300,true
5400,9350,1000,3,25,true,-3950,4600,0.270,-196.0,true,1000,true
5600,9500,200,3,26,true,-3900,4400,0.270,28.5,true,200,true
5600,9800,150,4,27,true,-4200,4400,0.152,113.9,false,150,true
6000,9800,400,1,27,true,-3800,4000,0.662,-242.1,true,400,true
6000,9800,200,4,28,true,-3800,4000,0.152,116.4,false,200,true
6300,9800,300,2,28,true,-3500,3700,0.449,-82.4,true,300,true
6300,9800,150,4,29,true,-3500,3700,0.152,120.0,false,150,true
6500,9800,200,3,29,true,-3300,3500,0.270,32.0,true,200,true
6900,9950,400,2,30,true,-3050,3100,0.449,-125.8,true,400,true
7200,9950,300,2,31,true,-2750,2800,0.449,-87.0,true,300,true
7800,9950,600,2,32,true,-2150,2200,0.449,-219.5,true,600,true
8100,9950,300,2,33,true,-1850,1900,0.449,-77.9,true,300,true
8300,9950,200,3,34,true,-1650,1700,0.270,29.6,true,200,true
8300,9950,100,4,35,true,-1650,1700,0.152,135.3,false,100,true
8450,9950,150,3,35,true,-1500,1550,0.270,47.6,true,150,true
8850,9950,400,1,36,true,-1100,1150,0.662,-246.3,true,400,true
8850,9950,0,6,37,true,-1100,1150,0.030,352.7,false,0,true
9100,9950,250,3,38,true,-850,900,0.270,15.1,true,250,true
9300,9950,200,3,39,true,-650,700,0.270,32.8,true,200,true
9300,9950,0,6,40,true,-650,700,0.030,359.3,false,0,true
9500,9950,200,3,41,true,-450,500,0.270,29.2,true,200,true
9750,9950,250,3,42,true,-200,250,0.270,15.4,true,250,true
9750,9950,700,2,43,true,-200,250,0.449,-266.9,true,-700,true
9750,9950,400,3,44,true,-200,250,0.270,-21.7,true,-400,true
9850,9950,100,4,45,true,-100,150,0.152,130.3,true,100,true
9850,9950,200,3,46,true,-100,150,0.270,29.5,true,-200,true
9850,9950,0,6,47,true,-100,150,0.030,362.9,false,0,true
10000,9950,150,4,48,true,50,0,0.152,117.3,true,150,true
0,0,200,3,1,false,0,10000,0.270,33.5,false,200,false
0,0,200,3,1,false,0,10000,0.270,29.1,false,-200,false
0,0,250,3,2,false,0,10000,0.270,12.8,false,250,false
0,0,500,6,2,false,0,10000,0.030,349.3,false,250,false
0,0,1150,2,2,true,0,10000,0.449,-465.4,true,1150,false
400,0,400,3,3,true,400,9600,0.270,-25.8,true,400,false
550,0,150,4,4,true,550,9450,0.152,120.0,true,150,false
750,0,200,4,5,true,750,9250,0.152,111.4,true,200,false
750,0,100,5,6,true,750,9250,0.079,216.4,false,100,false
1050,0,300,3,6,true,1050,8950,0.270,5.0,true,300,false
1050,0,0,6,7,true,1050,8950,0.030,364.0,false,0,false
1700,400,650,2,8,true,1300,8300,0.449,-228.9,true,650,false
2000,800,300,3,9,true,1200,8000,0.270,5.4,true,300,false
3050,1050,1050,2,10,true,2000,6950,0.449,-421.4,true,1050,false
3050,1050,150,4,11,true,2000,6950,0.152,119.5,false,150,false
3250,1050,200,3,11,true,2200,6750,0.270,29.5,true,200,false
3250,1250,50,5,12,true,2000,6750,0.079,217.5,false,50,false
3400,1250,150,4,12,true,2150,6600,0.152,123.4,true,150,false
4900,1500,1500,6,13,true,3400,5100,0.030,308.8,true,1500,false
5500,1700,600,2,14,true,3800,4500,0.449,-223.4,true,600,false
6100,2000,600,2,15,true,4100,3900,0.449,-223.9,true,600,false
6100,2200,150,4,16,true,3900,3900,0.152,125.1,false,150,false
6400,2200,300,2,16,true,4200,3600,0.449,-84.4,true,300,false
6600,2500,200,4,17,true,4100,3400,0.152,114.5,true,200,false
6800,2800,200,4,18,true,4000,3200,0.152,110.9,true,200,false
7500,3050,700,1,19,true,4450,2500,0.662,-452.1,true,700,false
7800,3300,300,2,20,true,4500,2200,0.449,-86.7,true,300,false
7800,3550,150,4,21,true,4250,2200,0.152,117.5,false,150,false
8450,3550,650,1,21,true,4900,1550,0.662,-413.9,true,650,false
8950,3750,500,2,22,true,5200,1050,0.449,-180.9,true,500,false
9250,4100,300,2,23,true,5150,750,0.449,-83.5,true,300,false
9350,4400,100,4,24,true,4950,650,0.152,131.6,true,100,false
9500,5400,150,4,25,true,4100,500,0.152,121.5,true,150,false
9800,5600,300,2,26,true,4200,200,0.449,-86.2,true,300,false
9800,6000,600,2,27,true,3800,200,0.449,-211.4,true,-600,false
9800,6300,300,2,28,true,3500,200,0.449,-82.8,true,-300,false
9950,6500,150,4,29,true,3450,50,0.152,122.8,true,150,false
9950,6900,150,4,30,true,3050,50,0.152,117.6,true,-150,false
9950,7200,100,5,31,true,2750,50,0.079,219.1,true,-100,false
9950,7800,1100,1,32,true,2150,50,0.662,-711.9,true,-1100,false
9950,8100,600,2,33,true,1850,50,0.449,-213.9,true,-600,false
9950,8300,1200,6,34,true,1650,50,0.030,313.0,true,-1200,false
9950,8450,150,4,35,true,1500,50,0.152,121.6,true,-150,false
9950,8850,500,2,36,true,1100,50,0.449,-174.6,true,-500,false
9950,8850,100,5,37,true,1100,50,0.079,222.0,true,-100,false
9950,9100,300,3,38,true,850,50,0.270,1.0,true,-300,false
9950,9300,200,3,39,true,650,50,0.270,34.9,true,-200,false
9950,9300,150,4,40,true,650,50,0.152,119.0,true,-150,false
9950,9500,100,5,41,true,450,50,0.079,221.8,true,-100,false
9950,9750,200,4,42,true,200,50,0.152,108.2,true,-200,false
9950,9750,200,3,43,true,200,50,0.270,33.2,true,-200,false
9950,9750,200,3,44,true,200,50,0.270,29.9,true,-200,false
9950,9850,200,3,45,true,100,50,0.270,32.1,true,-200,false
9950,9850,100,4,46,true,100,50,0.152,127.2,true,-100,false
9950,9850,0,6,47,true,100,50,0.030,364.5,false,0,false
0,0,50,5,1,false,0,10000,0.079,224.4,false,50,false
0,0,250,2,1,false,0,10000,0.449,-59.0,false,200,false
0,0,300,1,1,false,0,10000,0.662,-171.6,false,50,false
0,0,300,1,1,false,0,10000,0.662,-175.3,false,-300,false
0,0,200,4,2,false,0,10000,0.152,111.9,false,200,false
0,0,300,3,2,false,0,10000,0.270,4.0,false,100,false
0,0,400,1,2,false,0,10000,0.662,-243.4,false,100,false
0,0,400,1,2,false,0,10000,0.662,-237.9,false,-400,false
0,0,100,4,3,false,0,10000,0.152,128.1,false,100,false
0,0,250,2,3,false,0,10000,0.449,-62.2,false,150,false
0,0,350,6,3,false,0,10000,0.030,358.3,false,100,false
0,0,750,3,3,false,0,10000,0.270,-120.6,false,400,false
0,0,800,2,3,false,0,10000,0.449,-299.6,false,50,false
0,0,800,2,3,false,0,10000,0.449,-299.6,false,-800,false
0,0,1000,2,4,true,0,10000,0.449,-385.6,true,1000,false
400,0,400,2,5,true,400,9600,0.449,-132.5,true,400,false
2400,850,2000,2,6,true,1550,7600,0.449,-816.1,true,2000,false
2600,1900,200,3,7,true,700,7400,0.270,31.9,true,200,false
2600,2150,50,5,8,true,450,7400,0.079,226.7,false,50,false
2600,2150,100,4,8,true,450,7400,0.152,126.7,false,50,false
2850,2150,250,2,8,true,700,7150,0.449,-63.0,true,250,false
3100,2150,250,2,9,true,950,6900,0.449,-63.2,true,250,false
3100,3250,150,4,10,true,-150,6900,0.152,122.6,false,150,false
3300,3250,200,3,10,true,50,6700,0.270,23.5,true,200,false
3300,4300,100,5,11,true,-1000,6700,0.079,219.3,false,100,false
3300,4300,150,4,11,true,-1000,6700,0.152,119.6,false,50,false
3550,4300,250,3,11,true,-750,6450,0.270,15.4,true,250,false
3550,4450,100,5,12,true,-900,6450,0.079,223.0,false,100,false
4150,4450,600,2,12,true,-300,5850,0.449,-212.0,true,600,false
4550,4750,400,2,13,true,-200,5450,0.449,-130.9,true,400,false
5650,6250,1100,1,14,true,-600,4350,0.662,-713.9,true,1100,false
5650,7350,100,5,15,true,-1700,4350,0.079,219.7,false,100,false
5650,7350,150,4,15,true,-1700,4350,0.152,119.9,false,50,false
5850,7350,200,3,15,true,-1500,4150,0.270,33.7,true,200,false
6050,7600,200,3,16,true,-1550,3950,0.270,31.9,true,200,false
6050,7850,50,5,17,true,-1800,3950,0.079,224.4,false,50,false
6250,7850,200,3,17,true,-1600,3750,0.270,28.7,true,200,false
6250,7850,100,5,18,true,-1600,3750,0.079,215.3,false,100,false
6600,7850,350,2,18,true,-1250,3400,0.449,-104.0,true,350,false
7000,8600,400,2,19,true,-1600,3000,0.449,-132.2,true,400,false
7500,8650,500,3,20,true,-1150,2500,0.270,-46.6,true,500,false
9000,8750,1500,6,21,true,250,1000,0.030,313.8,true,1500,false
9250,9300,250,3,22,true,-50,750,0.270,18.4,true,250,false
9850,9900,600,2,23,true,-50,150,0.449,-213.9,true,600,false
9850,9900,0,6,24,true,-50,150,0.030,356.7,false,0,false
9850,9900,1000,3,25,true,-50,150,0.270,-187.9,true,-1000,false
9850,9900,200,3,26,true,-50,150,0.270,28.5,true,-200,false
9850,9950,600,3,27,true,-100,150,0.270,-77.5,true,-600,false
0,0,200,4,1,false,0,10000,0.152,108.4,false,200,true
0,0,300,2,1,false,0,10000,0.449,-81.3,false,100,true
0,0,350,1,1,false,0,10000,0.662,-202.0,false,50,true
0,0,350,1,1,false,0,10000,0.662,-207.7,false,-350,true
0,0,250,3,2,false,0,10000,0.270,15.5,false,250,true
0,0,300,2,2,false,0,10000,0.449,-87.3,false,50,true
0,0,300,2,2,false,0,10000,0.449,-81.2,false,-300,true
0,0,250,3,3,false,0,10000,0.270,19.7,false,250,true
0,0,250,3,3,false,0,10000,0.270,14.5,false,-250,true
0,0,1100,1,4,true,0,10000,0.662,-693.6,true,1100,true
850,400,850,6,5,true,450,9150,0.030,325.1,true,850,true
850,2400,50,5,6,true,-1550,9150,0.079,229.0,false,50,true
1900,2400,1050,2,6,true,-500,8100,0.449,-417.9,true,1050,true
2150,2600,250,3,7,true,-450,7850,0.270,19.6,true,250,true
2150,2850,100,4,8,true,-700,7850,0.152,128.2,false,100,true
2150,2850,100,4,8,true,-700,7850,0.152,133.7,false,-100,true
2150,3100,100,5,9,true,-950,7850,0.079,220.9,false,100,true
3250,3100,1100,2,9,true,150,6750,0.449,-444.1,true,1100,true
4300,3300,1050,2,10,true,1000,5700,0.449,-426.5,true,1050,true
4450,3550,150,4,11,true,900,5550,0.152,120.0,true,150,true
4750,4150,300,2,12,true,600,5250,0.449,-83.8,true,300,true
6250,4550,1500,6,13,true,1700,3750,0.030,310.2,true,1500,true
7350,5650,1100,1,14,true,1700,2650,0.662,-708.9,true,1100,true
7600,5850,250,3,15,true,1750,2400,0.270,16.5,true,250,true
7850,6050,250,3,16,true,1800,2150,0.270,17.2,true,250,true
7850,6250,100,4,17,true,1600,2150,0.152,129.6,false,100,true
7850,6250,100,4,17,true,1600,2150,0.152,127.0,false,-100,true
8600,6600,750,1,18,true,2000,1400,0.662,-465.7,true,750,true
8650,7000,50,5,19,true,1650,1350,0.079,223.0,true,50,true
8750,7500,100,5,20,true,1250,1250,0.079,217.9,true,100,true
9300,9000,550,1,21,true,300,700,0.662,-338.8,true,550,true
9900,9250,600,2,22,true,650,100,0.449,-218.8,true,600,true
9900,9850,300,2,23,true,50,100,0.449,-86.1,true,-300,true
9900,9850,900,1,24,true,50,100,0.662,-567.1,true,-900,true
9900,9850,300,2,25,true,50,100,0.449,-81.0,true,-300,true
9950,9850,50,5,26,true,100,50,0.079,220.9,true,50,true
10000,9850,50,5,27,true,150,0,0.079,226.5,true,50,true
